name,hq,data_filings,median_wage,naics,relevant_title,score
"1 Way Solutions, Inc.","Marietta, GA",1,105000,541511,Sr. Analytics Developer,25.9
"1052 Partners, Inc.","Rosemont, IL",1,,561311,Data Scientist,22.5
1089 INC,"Minneapolis, MN",1,75000,722511,Operations Research Analyst,22.5
10Jumps Inc.,"Chicago, IL",1,89565,541511,Data Engineer,22.5
"113 Innovations, LP","Pittsburgh, PA",1,72000,541613,Data Scientist,22.5
"12 West Capital Management, LP.","New York, NY",1,185000,523920,Data Scientist,44.1
"123 SEE, Inc.","Boston, MA",1,70000,33911,Operations Research Analyst,22.5
13 Scents Inc.,"New York, NY",1,80850,456110,Data Scientist,22.5
1325 FIFTH AVE DRUGS INC.,"Brooklyn, NY",1,91270,456110,Business Analyst,22.8
"180 Multi Family Management, LLC","Arlington, TX",1,104500,531311,Sr. Property Financial Data Analyst,25.8
180 Properties Co LLC,"Arlington, TX",1,104500,531311,Sr. Property Financial Data Analyst,25.8
"1Link Technology, LLC","Germantown, TN",1,108000,541512,Business Analyst,26.6
1st-Recruit LLC,"Wilmington, DE",1,78300,541519,Qa Analyst,22.5
"1WorldSync, Inc.","Chicago, IL",1,123614,54199,Lead Programmer Analyst,30.1
2.	Genco Shipping & Trading Limited,"New York, NY",1,85000,488510,Data Scientist,22.5
2040 WALDEN HOTEL LLC,"Cheektowaga, NY",1,75000,721110,Business Consultant/Analyst,22.5
2060 Digital LLC,"Cincinnati, OH",1,82514,541810,Insights Analyst,22.5
22V Research LLC,"New York, NY",1,120000,523940,Data Analyst/Scientist,29.3
2311 Racing LLC,"Huntersville, NC",1,109000,711219,Data Engineer,26.8
24-Seven Home Care Inc,"Brooklyn Park, MN",1,71400,623311,Business Analyst,22.5
26North Partners LP,"New York, NY",1,250000,523940,Vice President Technology (Data Science Lead),47.5
2K16 Restaurants LLC,"Stratford, CT",1,,722511,Bi Analyst Ii,22.5
"2M Solutions, Inc.","Grand Prairie, TX",1,63003,56162,Market Research Analyst,22.5
"2WJ, LLC","Winston-Salem, NC",1,85000,524210,Business Management Analyst,22.5
340B Technologies Inc.,"Mt. Laurel, NJ",1,,541512,Business Intelligence Analyst-Manager,22.5
360 Management LLC,"Grove City, OH",1,62000,721110,Management Analyst,22.5
360 Print Works,"Irvington, NJ",1,67850,339950,Operations Research Analyst,22.5
3T GC LLC,"Flushing, NY",1,,236220,Market Research Analyst,22.5
3T Services LLC,"Cream Ridge, NJ",1,130000,541519,Data Engineer,31.6
4-Serv Solutions Inc.,"Wixom, MI",1,125000,54151,Big Data Engineer,30.5
460 MRC LLC,"Leesburg, FL",1,62500,623312,Business Analyst,22.5
"48Forty Solutions, LLC","Houston, TX",1,160000,321920,Principal Data Engineering Lead,38.4
"4A Consulting, LLC","Ellicott City, MD",1,83000,541511,Business/Systems Analyst,22.5
4i Apps Solutions LLC,"Germantown, MD",1,85238,541511,Data Scientist,22.5
4Wall AI Inc.,"New York, NY",1,,513210,Data Scientist,22.5
"5 Star Apparel, LLC","New York, NY",1,57000,541490,Market Research Analyst,22.5
"58 Bakery, Inc","Cambridge, MA",1,,722515,Business Analyst,22.5
5Plusone Global Trading LLC,"University City, MO",1,,4581,Operations Data Analyst,22.5
"5x5 Technologies, Inc.","Saint Petersburg, FL",1,110000,541511,Computer And Information Research Scientist,27.0
615 PEO LLC,"Nashville, TN",1,108000,541511,Data Engineer Iii,26.6
7 Kings Code LLC,"Coral Springs, FL",1,,541511,Quality Analyst Automation Test Engineer,22.5
72 Iron Work Inc.,"Brooklyn, NY",1,58500,332111,Marketing Research Analyst,22.5
824 Investments,"Philadelphia, PA",1,44824,531210,Market Research Analyst,22.5
89 Degrees Inc,"Atlanta, GA",1,105000,5418,Data Scientist,25.9
8CE DIGITAL HOLDING LLC,"Orlando, FL",1,50000,541613,Market Research Analyst,22.5
"8PX Express, Inc.","Brooklyn, NY",1,,456120,Management Analyst,22.5
9 Star Technologies LLC,"Columbia, MD",1,90000,541511,Database Administrator,22.5
9THNETWORKS INC.,"Somersworth, NH",1,,541511,Data Engineer,22.5
"A Fodera & Son, Inc.","Corona, NY",1,56784,424490,Market Research Analyst,22.5
A H Hospitality Group Inc,"New York, NY",1,82763,722513,Business Analyst,22.5
"A Joy Tour, LLC","Baton Rouge, LA",1,64500,56151,Data Scientist,22.5
"A Partnership, Inc.","New York, NY",1,57782,541810,Media Analyst,22.5
"A Society Group, Inc.","Winston-Salem, NC",1,93600,541512,Data Scientist,23.3
"A Top Star, Inc.","Grimes, IA",1,,339114,Data Analyst,22.5
"A&S Stores, Inc.","Sunrise, FL",1,49629,445320,Management Analyst,22.5
"A-Line Interactive, LLC","Spartanburg, SC",1,55000,541613,Digital Marketing Analyst,22.5
A-SONIC LOGISTICS (USA) INC.,"Valley Stream, NY",1,,541614,Operations Analyst,22.5
"A-TEK, Inc.","Mclean, VA",1,145000,5415,Data Scientist – Business Intelligence,35.0
A. T. Still University of Health Sciences,"Kirksville, MO",1,55000,611310,Data Analyst,22.5
A.B. Closing Corporation,"Orlando, FL",1,,561320,Data Scientist Ii,22.5
A1 Wholesale Supply LLC,"Tucker, GA",1,96000,424990,Business Intelligence Analyst,23.9
"A1PlusSoft, Inc.","Naperville, IL",1,106558,541511,Senior Credit Technical Analyst,26.3
"A2F, LLC","Birmingham, AL",1,58000,457110,Operations Research Analyst,22.5
A2Z ELECTRONICS LLC,"Elgin, IL",1,69618,3341,Management Analyst,22.5
"a2z radiology, Inc.","Boston, MA",1,,541715,Co-Founder And Scientist,22.5
A6 Scientific Corp.,"Houston, TX",1,78894,541611,Data Analyst,22.5
AA APPLICATIONS LLC,"Aurora, OH",1,72000,541512,Data Engineer,22.5
AA Power Inc.,"Boston, MA",1,,4236,Business Intelligence Analyst,22.5
AAA Jewelers Inc.,"Westmont, IL",1,77334,423940,Market Research Analyst,22.5
AAA Tech Solutions,"Reston, VA",1,114026,541511,Programmer Analyst (Obiee),28.0
AAAA PROPERTIES PARTNERS LLC,"Orlando, FL",1,50000,72111,Hospitality Mangement Analyst,22.5
AADG Inc.,"Milan, TN",1,85467,332321,Jde Business Analyst,22.5
"AAJ Computer Services, LLC","Parkland, FL",1,83429,541511,Data Analyst,22.5
"AAON, INC.","Tulsa, OK",1,240000,333415,"Director, Infrastructure & Analytics",47.5
"AAPPTEC, LLC","Louisville, KY",1,64605,54199,Qa/Qc Scientist,22.5
AAPS Consulting LLC,"Katy, TX",1,100000,541511,Computer Systems Analyst,24.8
AARPUS INC,"Frederick, MD",1,,541511,Business Intelligence Analyst,22.5
AAsys Technologies LLC,"Berwyn, PA",1,,541511,Data Analyst,22.5
Aayush Pharma Inc,"Coral Springs, FL",1,47174,6216,Marketing Analyst,22.5
AB Electronics LLC,"Brookfield, CT",1,70200,334418,Systems Analyst,22.5
AB Infotek LLC,"Iselin, NJ",1,89253,541511,Data Engineer,22.5
"Ab Ovo North America, Inc.","Somerville, MA",1,93500,5416,Operations Research Analyst/Business Consultant,23.3
AB SCIEX LLC,"Framingham, MA",1,155324,334516,Oracle Manufacturing Business Analyst,37.3
AB TILE LLC,"Lodi, NJ",1,,327991,Management Analyst,22.5
Abacus Business Computer LLC,"Flushing, NY",1,120000,541519,Business Intelligence Analyst,29.3
ABACUS SERVICE CORPORATION,"Southfield, MI",1,,5419,Scientist 2 - Clinical Research,22.5
Abaline Paper Products,"Bayonne, NJ",1,81000,423450,Business Analyst,22.5
Abarca Health FL LLC,"Lewis Center, OH",1,109999,541511,"Manager, Analytics",27.0
ABB INSTALLATION PRODUCTS INC.,"Memphis, TN",1,134096,423610,Global Business Intelligence Specialist,32.5
ABBOTT CARDIOVASCULAR SYSTEMS INC.,"Chicago, IL",1,130000,3254,Staff Data Engineer,31.6
Abbott Rapid Dx North America LLC,"Chicago, IL",1,125000,325412,"Manager, Market And Business Intelligence",30.5
Abby United LLC,"Norcross, GA",1,73000,332321,Database Administrator,22.5
ABC USA Masters Education Consultant,"Ocoee, FL",1,55000,54169,Operation Research Analyst,22.5
Abcam Inc.,"Waltham, MA",1,136896,54171,"Manager, Commercial Data Analytics",33.2
ABCO COMPUTERS INC,"Bentonville, AR",1,81224,541511,Data Analyst,22.5
ABCONNECT GLOBAL LLC,"High Point, NC",1,92498,541511,Technical Business Analyst,23.1
ABCS INSIGHTS INC,"Kissimmee, FL",1,85000,541910,Data Analyst,22.5
ABF Freight System Inc,"Fort Smith, AR",1,78000,48412,Lead Prescriptive Analyst,22.5
"ABio-X Holdings, Inc.","Needham, MA",1,94000,541715,Business Analyst,23.4
ABN Innovations LLC,"Duluth, GA",1,75000,541511,Data Scientist,22.5
"ABNA ENGINEERING, INC.","St. Louis, MO",1,57740,541330,Construction Analyst,22.5
ABRIDGE INFO SYSTEMS INC.,"Chelmsford, MA",1,95000,5415,Lead Business Analyst,23.6
ABS Digital Solutions LLC,"Spring, TX",1,141105,541330,Senior Product Support Analyst,34.1
Abt Electronics,"Glenview, IL",1,,454110,Senior Logistics Analyst,22.5
"Abt Global, Inc.","Rockville, MD",1,141856,541611,Senior Business Intelligence Analyst,34.3
Academic Collaboration for Excellence LLC,"Ballston Lake, NY",1,,923110,Data Scientist,22.5
"Academic Partnerships, LLC","Dallas, TX",1,89690,923110,Business Analyst,22.5
Acadia.io LLC,"Atlanta, GA",1,135000,541613,Analytics Team Lead,32.7
"Acadian Crossing Consumer Products, LLC","San Antonio, TX",1,70000,424130,Pricing & Cost Analyst,22.5
ACC Capital,"Little Rock, AR",1,68390,52229,Eb-5 Investor Market Research Analyst,22.5
ACC-Q-Data Florida LLC,"North Palm Beach, FL",1,65000,541219,Health Information Analyst,22.5
Accelecom Holdings LLC,"Sandy Springs, GA",1,85000,551112,Business Intelligence Engineer,22.5
ACCELERATION POINT LLC,"Roanoke, VA",1,88795,541613,Insight Analyst,22.5
"ACCELERIZE 360, INC.","Dallas, TX",1,82202,541511,Salesforce Business Analyst,22.5
"Accent Decor, Inc.","Chamblee, GA",1,100000,449129,Data Engineer,24.8
"Accent IT Staffing, Inc.","Chantilly, VA",1,,541511,Data Analyst,22.5
ACCENZ LLC,"Troy, MI",1,97032,541511,Etl Developer,24.1
Access Global Group,"Southlake, TX",1,130000,541511,Business Analyst,31.6
"Access Healthcare Services USA, LLC","Dallas, TX",1,170000,541611,"Director, Ai And Ml Research And Applications",40.7
Access Medical Acquisition Inc,"Miami, FL",1,68310,621498,Business Intelligence Analyst,22.5
"Accessible Space, Inc.","St Paul, MN",1,81370,623990,Healthcare Informatics Analyst,22.5
"AccessOne MedCard, Inc.","Fort Mill, SC",1,107016,522220,Power Bi Developer,26.4
Accident Fund Insurance Company of America,"Lansing, MI",1,113277,524114,Principal Data Engineer,27.8
Accomptant Inc.,"New York, NY",1,96000,541511,"Ai Scientist, Data Science",23.9
Accord BioPharma Inc.,"Raleigh, NC",1,70000,32541,Market Research Analyst,22.5
Accord Power Inc,"Somerset, NJ",1,60999,221114,Marketing Analyst,22.5
"Accreditation Association for Ambulatory Health Care, Inc.","Deerfield, IL",1,108285,813920,Data Engineer Ii,26.7
"Accruent, LLC","Austin, TX",1,212514,54151,Head Of Transformation And Ai,47.5
Accu Reference Medical Laboratory LLC,"Linden, NJ",1,95000,621511,Business Analyst,23.6
"AccurKardia, Inc.","New York, NY",1,120000,54151,Senior Computer Systems Analyst,29.3
"Accushield, LLC","Atlanta, GA",1,105000,54151,Senior Business Analyst,25.9
ACE BRANDS LLC,"Louisville, KY",1,57500,722513,Business Analyst,22.5
Ace Financials Technology LLC,"Land O' Lakes, FL",1,94370,541511,Data Engineer,23.5
"Ace Health Consultants, LLC","Tampa, FL",1,,541990,Management Analyst,22.5
"Acendre, Inc.","Arlington, VA",1,50000,541612,Market Research Analyst,22.5
Acentrik Technology Solutions LLC,"Irving, TX",1,92040,541511,Data Engineer,23.0
Acepoint Medical Services LLC,"Secaucus, NJ",1,75900,621610,Management Analyst,22.5
"ACESTACK, LLC.","Hamilton, NJ",1,,5613,Data Scientist - Generative Ai,22.5
ACG Management Solutions LLC,"Chicago, IL",1,120000,523210,Head Of Data Science,29.3
ACG Tech Systems Inc,"Plano, TX",1,84094,541511,Technical Analyst,22.5
"Achieva IT, Inc.","Alpharetta, GA",1,128398,541511,Data Scientist,31.2
Achieve Technology Consulting,"Austin, TX",1,,541511,Business Intelligence Analyst,22.5
Acme International Inc.,"Peachtree Corners, GA",1,74000,424490,Sr. Market Research Analyst/Business Development Specialist,22.5
Acme Smoked Fish Corp.,"Brooklyn, NY",1,105257,31171,Data Scientist,26.0
"Acmetel USA, LLC","Oakbrook Terrace, IL",1,65042,51711,Marketing Analyst,22.5
"ACORN HEALTH OF FLORIDA, LLC","Coral Gables, FL",1,87256,621330,Senior Business Intelligence Analyst,22.5
Acosta Inc.,"Jacksonville, FL",1,135000,541613,Senior Data Engineer,32.7
Acquia Inc.,"Boston, MA",1,165501,511210,"Principal Operations Engineer, Big Data",39.7
ACQUIFIN LLC.,"North Brunswick, NJ",1,117790,541511,Senior Business Intelligence Developer,28.8
Acquire Consulting Group Ltd.,"Westbury, NY",1,,541512,Sr. Etl Developer,22.5
ACRE NY RENTALS LLC,"Long Island City, NY",1,,531210,Business Intelligence Analyst,22.5
ACROBIOSYSTEMS INC.,"Newark, DE",1,86400,541714,"Marketing Intelligence Analyst, Biotechnology",22.5
"ACRONOTICS, INC.","Short Hills, NJ",1,200000,541511,"Vp, Ai Technology",47.5
"Across Borders Management Consulting Group, LLC","Lake Mary, FL",1,,541511,It Business Data Analyst/Tester,22.5
"ACS Infrastructure Development, Inc.","Coral Gables, FL",1,390000,237310,"Senior Vice President, Data Centers",47.5
"ACT House, Inc.","Tallahassee, FL",1,65000,541611,Entrepreneurial Housing Business Analyst,22.5
"ACT, Inc.","Iowa City, IA",1,83000,611710,"Software Engineer Ii, Data Integration",22.5
"Active Media Services, Inc.","Pearl River, NY",1,81000,54183,Senior Research Analyst,22.5
"Actual Reality Technologies, LLC","Maumee, OH",1,42000,541511,Data Scientist,22.5
"Acuity Brands Technology, Inc.","Conyers, GA",1,203320,335122,Network And Data Infrastructure Consulting Director,47.5
"Acuity, Inc.","Conyers, GA",1,82784,335122,Data Architect,22.5
Acunor Infotech LLC,"Princeton, NJ",1,86000,541511,Data Scientist,22.5
"Acurian, Inc.","Wilmington, NC",1,163966,5417,Principal Business Analytics Architect,39.3
"Ad Hawk Solutions, Inc.","Pittsburgh, PA",1,105000,541611,Senior Director Of Data Analytics And Information Technology,25.9
"Adah Enterprises, Inc.","Birmingham, AL",1,80000,5416,Consultant Data Analyst,22.5
Adaiam Inc,"Houston, TX",1,105019,541511,Computer Systems Analyst,25.9
ADAMS INTERNATIONAL LLC,"Fairfield, NJ",1,75733,423830,Business Operations Analyst,22.5
Adaptis LLC,"Houston, TX",1,98301,541511,Bi Developer,24.4
ADAPTRA LLC,"Irving, TX",1,,541511,Business Analyst,22.5
"ADB Safegate Americas, LLC","Gahanna, OH",1,130000,335139,Sap Functional Analyst,31.6
ADComp Systems Inc.,"Lewisville, TX",1,,541512,Management Analyst,22.5
"Addenso Labs, Inc.","Dunwoody, GA",1,125000,5417,Data Architect,30.5
Addon Technologies Inc,"Novi, MI",1,,541511,Computer Systems Analyst,22.5
"AddonTechnologies, Inc","Novi, MI",1,,541511,Computer Systems Analyst,22.5
Adebayo Adeleke LLC,"Arlington, TX",1,,541614,Management Analyst,22.5
Adeeba Associates Inc,"Tiverton, RI",1,,445131,Database Administrator,22.5
"AdElement Vast, LLC","Ridgewood, NJ",1,82763,541810,Data Scientist,22.5
ADI Analytics LLC,"Katy, TX",1,63000,541611,Analyst,22.5
ADIL BUSINESS SYSTEMS INC,"Warwick, RI",1,132000,541519,Oracle Bi Dashboard Specialist,32.0
Aditya Hospitality LLC,"Cumming, GA",1,69285,721110,Strategic Analyst,22.5
ADK LLC,"Herndon, VA",1,96400,541513,Data Engineer,24.0
Adler University,"Chicago, IL",1,97000,611310,Senior Business Intelligence Analyst,24.1
ADMARU NETWORK LLC,"Fort Lee, NJ",1,,541810,Operations Research Analyst - Programmatic Strategy &,22.5
"Admissian, LLC.","Columbus, OH",1,,611699,Statistician,22.5
"Admix, Inc.","Londonderry, NH",1,84000,333310,Data Scientist,22.5
Adonis Auto Group LLC,"Grand Prairie, TX",1,90000,441120,Associate Data Scientist,22.5
"Adonis Technology, Inc.","New York, NY",1,200000,541511,Machine Learning Engineer,47.5
Adornus Manufacturing LLC,"Lancaster, SC",1,90000,3219,Management Analyst,22.5
ADP Master Tax Inc.,"Roseland, NJ",1,89378,541214,Lead Business Systems Analyst,22.5
"ADP Technology Services, Inc.  9063881","Roseland, NJ",1,179982,518210,Principal Architect - Data,43.0
"ADPMN, Inc.","Alpharetta, GA",1,87180,541511,Database Administrator,22.5
Adroit Solutions and Services,"Leesburg, VA",1,64563,541519,Business Analyst,22.5
"ADTRAN, Inc.","Huntsville, AL",1,85000,334210,Crm Applications And Processes Analyst,22.5
"ADUSA Distribution, LLC","Salisbury, NC",1,106480,445110,"Analyst Iv, Network Optimization",26.2
"Advance 2000, Inc.","Amherst, NY",1,80000,541512,Data Scientist,22.5
"Advance Amusement, LLC","Norcross, GA",1,69285,713120,Business Intelligence Analyst,22.5
"Advance Community Health, Inc","Raleigh, NC",1,63835,621999,Data Analyst,22.5
ADVANCE DIGITAL SYSTEMS INC.,"Fairfax, VA",1,122699,541511,Software Developer/Analyst,29.9
"Advanced Analytical Consulting Group, Inc.","Wayland, MA",1,87500,541720,Statistician/Economist Associate,22.5
Advanced Analytics LLC,"Chicago, IL",1,114000,541511,Bi/Etl Consultant,28.0
Advanced Assessment Systems Inc.,"New York, NY",1,115000,611710,Senior Solutions Center Analyst,28.2
Advanced Data Analytics Technology LLC,"Katy, TX",1,,541613,Oil And Gas Market Analyst,22.5
Advanced Distributor Products LLC,"Grenada, MS",1,58000,333415,Business Systems Analyst I,22.5
"Advanced International Freight, Inc.","Secaucus, NJ",1,91300,481212,Business Operations Research Analyst,22.8
Advanced Management Strategies Group,"Dumfries, VA",1,142000,54161,Operations Research System Analyst,34.3
"Advanced Manufacturing Group, LLC","Portsmouth, NH",1,64000,425120,Business Analyst,22.5
"Advanced Medical Strategies, LLC","Lynnfield, MA",1,75000,518210,Senior Data Analyst,22.5
"ADVANCED MONITORED CAREGIVING, INC.","New York, NY",1,113069,621999,Senior Business Intelligence Analyst,27.7
"ADVANCED PORTFOLIO MANAGEMENT, LLC","New York City, NY",1,275000,523920,Director Of Investment Research,47.5
"Advanced Roofing, Inc.","Fort Lauderdale, FL",1,,238160,Marketing Analyst & Coordinator,22.5
"ADVANCED TECHNOLOGY CONSULTING SERVICE, INC.","Jersey City, NJ",1,110248,541511,Business Analyst,27.1
"Advansys, Inc.","Herndon, VA",1,126000,541511,Oracle/Data Warehouse Developer,30.7
Advantage Capital Corporation,"New Orleans, LA",1,95000,523910,Senior Data Analyst,23.6
Advantage EA Inc.,"Ligonier, PA",1,,713940,Operations Management Analyst,22.5
"ADVANTECS GROUP, INC.","Edison, NJ",1,133120,541511,Big Data Engineer,32.3
"Advantix ScanSource, LLC","Greenville, SC",1,107000,517810,Programmer Analyst,26.4
Adven Technologies Inc,"Plano, TX",1,85467,541511,Data Analyst,22.5
AdVenture Media Digital Marketing LLC,"Woodmere, NY",1,83000,541810,Digital Marketing Analyst,22.5
"Advertising Analytics, LLC","Alexandria, VA",1,109907,541910,Senior Database Manager,27.0
Advertising Specialty Institute,"Trevose, PA",1,116133,54189,Data Scientist,28.4
"Advocado, Inc.","St. Louis, MO",1,666602,541910,Junior Data Scientist,47.5
"Advocate Aurora Health, Inc.","Milwaukee, WI",1,195000,62111,Director Cloud Analytics Services,46.4
"Advocate Health, LLC","Venice, FL",1,80205,524210,Salesforce Administrator/Data Analyst,22.5
"AEC Group, LLC","Pittsburgh, PA",1,57000,541519,Business Intelligence Analyst,22.5
"AEGIS Insurance Services, Inc.","East Rutherford, NJ",1,169229,524210,Lead Business Systems Analyst,40.5
"Aegis Therapies, Inc.","Ft. Smith, AR",1,116064,62134,Enterprise Business Intelligence Developer,28.4
"Aegon USA Realty Advisors, LLC","Cedar Rapids, IA",1,107062,5241,Sr. Programmer Analyst,26.4
"AEP Energy Partners, Inc","Columbus, OH",1,95000,221122,Forecast Analyst Senior,23.6
"AERCO International, Inc.","Blauvelt, NY",1,111966,33241,Supply Chain Business Analyst,27.5
Aeroxchange Ltd.,"Farmers Branch, TX",1,133241,518210,Senior Data Warehousing Analyst,32.3
"AES U.S. Services, LLC","Arlington, VA",1,98880,22111,Advanced Analytics & Modeling Engineer,24.5
Aescape Inc.,"New York, NY",1,130000,54151,Business Analyst,31.6
Aesthetemed LLC,"Hallandale Beach, FL",1,73299,621399,Management Analyst,22.5
Aetna International LLC,"Woonsocket, RI",1,100162,524114,Senior Data Engineer,24.8
"AF NEWCO, INC.","Ringgold, VA",1,85000,111219,Business Data Analyst,22.5
"AFC Cable Systems, Inc","New Bedford, MA",1,80000,331210,Inventory Control Analyst,22.5
"AFCO Performance Group, LLC","Boonville, IN",1,64043,3336,Senior Business Data Analyst,22.5
"AFE, Inc.","Milwaukee, WI",1,78000,334111,Data Scientist,22.5
"Affinity Insurance Services, Inc.","Chicago, IL",1,114400,524210,It Test Analyst,28.0
"AFFORDABLE CARE, LLC","Morrisville, NC",1,140109,6212,"Senior Director, Marketing Data & Analytics",33.9
AFK MEDIA GROUP CORP,"Weston, FL",1,,541810,Business Data Analyst,22.5
"AfroHealth, Inc.","Oklahoma City, OK",1,70000,561330,Healthcare Ai And Informatics Specialist,22.5
AG Mednet Inc.,"Boston, MA",1,84157,541511,Software Quality Assurance Analyst Ii,22.5
"AgCertain Operations Group, LLC","Ames, IA",1,72613,32519,"Analyst Ii, Quality Assurance",22.5
Agha Medical Ltd.,"Joliet, IL",1,83616,62111,Computer Systems Analyst,22.5
AGI Odyssey,"Vienna, VA",1,85000,813920,Business Analyst,22.5
"AGILANT SOLUTIONS, INC.","Port Washington, NY",1,,54151,It Analyst,22.5
Agile People and Payroll LLC,"Richardson, TX",1,,524210,Data Engineer,22.5
"Agile Sports Technologies, Inc.","Lincoln, NE",1,117000,51121,Data Engineer,28.6
"Agility CIS, Inc","The Woodlands, TX",1,89419,541511,Senior Business Analyst,22.5
"Agilysys, Inc.","Alpharetta, GA",1,110000,513210,Senior Lead Systems Analyst,27.0
Agisol LLC,"Marriottsville, MD",1,,541511,Senior Data Engineer,22.5
AGM INFRA SOLUTIONS INC.,"Plano, TX",1,92040,541511,Data Engineer,23.0
Agraga Technologies Inc.,"Irving, TX",1,87360,541511,Salesforce System Business Analyst,22.5
"Agralytica, Inc.","Alexandria, VA",1,62500,541614,Analyst,22.5
AGRI GENERAL INSURANCE SERVICE INC.,"Johnston, IA",1,110881,524126,Research Scientist,27.2
AgZen Inc.,"Somerville, MA",1,150000,33311,Senior Machine Learning Engineer,36.1
"AhaApps, LLC","Richmond, VA",1,100818,5415,Data Analyst,25.0
AHB US LLC,"Princeton, NJ",1,74000,424210,Supply Chain Analyst,22.5
"AHS Sherman, LLC","Sherman, TX",1,63648,622110,Applications Analyst,22.5
"Ahwatukee Mega Furniture, LLC","Austin, TX",1,120000,4421,Sr. Supply Chain Management Analyst,29.3
"AI ENGINEERS, INC.","Middletown, CT",1,137280,541330,Management Analyst,33.2
Ai Software LLC,"St. Louis, MO",1,96866,518210,"Software Engineer, Ai",24.1
"AI Thinkers, LLC","St. Louis Park, MN",1,89500,54151,Business Analyst,22.5
AIBao LLC,"Dover, DE",1,125000,541512,Machine Learning Specialist (Model Optimization),30.5
AIBES LLC,"Louisville, KY",1,76500,541519,Ai Data Engineer,22.5
AICTEX Inc.,"Worcester, MA",1,55000,4581,Market Analyst,22.5
"Aidar Health, Inc.","Columbia, MD",1,80995,339112,Data Analyst,22.5
AIDAS TECHNOLOGIES INC.,"Houston, TX",1,85000,541511,Business Intelligence Developer,22.5
AIDATA MONKS INC,"Farmers Branch, TX",1,82200,541511,Azure Data Engineer,22.5
AIG Global Asset Management Holdings Corp.,"Jersey City, NJ",1,134869,5241,Senior Data Engineer,32.7
"AIG Global Operations, Inc.","Jersey City, NJ",1,154000,5241,"Vice President, Data Platform Engineering",37.0
Aigo.ai Inc.,"Austin, TX",1,51000,541512,Ai Dashboard Administrator,22.5
AIK TECNOLOGY SERVICES CORP,"Naperville, IL",1,81744,541511,Software Engineer - Ai,22.5
aiLegal Law & Lu LLP,"Atlanta, GA",1,,541110,Legal Operations Analyst,22.5
"aiMai.ai, Inc.","Chevy Chase, MD",1,,541511,Chief Scientist,22.5
Aimbridge Employee Service Corp.,"Plano, TX",1,110000,561330,Senior Procurement Analyst,27.0
AimRx3Pl LLC,"East Brunswick, NJ",1,82000,424210,Management Analyst,22.5
Aimtron Corporation,"Palatine, IL",1,69035,541512,Operations Analyst,22.5
"Aingelz, Inc.","Atlanta, GA",1,123531,541715,Head Of Data And Technology,30.1
"AIP, LLC","New York, NY",1,110000,551112,Artificial Intelligence And Data Analyst (“Ai Analyst”),27.0
"AIQ Global, Inc.","Madison, WI",1,49088,541511,Image Data Analyst,22.5
"AiQueous, LLC","Austin, Tx  78757, TX",1,87360,541511,Senior Business Analyst,22.5
"Air Flow, Inc.","Milwaukee, WI",1,45000,425120,Market Analyst,22.5
Air Liquide Advanced Technologies U.S. LLC,"Houston, TX",1,68286,325120,Data Engineer Analyst,22.5
"Air Products & Chemicals, Inc.","Allentown, PA",1,124000,325120,Project Delivery Data Analytics Lead,30.2
AIR SEA TRANSPORT (CHICAGO) INC.,"Bensenville, IL",1,,42512,Data Operations Analyst,22.5
"Air-Conditioning, Heating, and Refrigeration Institute","Arlington, VA",1,117542,813910,Data Scientist,28.8
"Airbus Helicopters, Inc.","Grand Prairie, TX",1,70720,336411,Mro Business Analyst,22.5
airclass cargo corp,"Miami, FL",1,47000,481112,Logistic Analyst,22.5
AIRFIND CORP,"Miami, FL",1,,5132,Data Scientist,22.5
AISPIRE EDGE LLC,"Atlanta, GA",1,,541511,Marketing Research Analyst,22.5
Aithent Inc,"New York, NY",1,100506,541511,Business Analyst,24.9
AITITOW GROUP LLC,"Indianapolis, IN",1,,424130,Business Intelligence Analyst,22.5
"Ajanta Pharma USA, Inc.","Bridgewater, NJ",1,80000,424210,Supply Chain And Dscsa Analyst,22.5
"AJC International, Inc.","Atlanta, GA",1,51168,424410,"Logistics Analyst-Intl. Trading, Mexico And Central America",22.5
AJK TECH INSIGHTS LLC,"Raleigh, NC",1,115000,541511,Business Analyst,28.2
"AJS Creations, Inc.","New York, NY",1,110000,458310,Senior Analyst Of Search Engine Marketing,27.0
AK Group Management Corporation,"Chicago, IL",1,,5614,Management Analyst,22.5
AK IT Consulting Services LLC,"Sterling, VA",1,82493,541511,Qa Analyst,22.5
AK4 Networks LLC,"Malvern, PA",1,82950,541511,Management Analyst,22.5
Akaibana Restaurant Inc,"Edison, NJ",1,,722511,Management Analyst,22.5
"Akesis Global Health, Inc.","Solon, OH",1,60000,541611,Supply Planning Analyst,22.5
Akram & Associates PLLC,"Cary, NC",1,77605,541211,Business Intelligence Analyst,22.5
"AKRON PHARMA, INC.","Fairfield, NJ",1,,32541,Digital Marketing Analyst,22.5
"Al International, LLC","North Plainfield, NJ",1,62000,454110,Market Research Analyst,22.5
Al Rafay Consulting,"Bolingbrook, IL",1,104500,541511,Senior Data & Bi Consultant I,25.8
Alachua County Board of County Commissioners,"Gainesville, FL",1,62386,92119,Programmer Analyst,22.5
"Alacriti Payments, Inc.","Bridgewater, NJ",1,115000,54151,Business Analyst,28.2
Alamedatech Solutions  LLC,"Cedar Park, TX",1,92914,541511,Business Analyst,23.2
Alatine NJ Consulting LLC,"Cumming, GA",1,90000,541512,Data Scientist,22.5
"Albany Information Technology Group, LLC","Albany, NY",1,100000,541511,Senior Qa Test Analyst,24.8
ALBANY MED HEALTH SYSTEM,"Albany, NY",1,86650,622110,Service Line & Analytics Administrator,22.5
Alberta Staffing Inc,"Monmouth Junction, NJ",1,93226,541511,Database Administrator,23.2
Alchemy Telco Solutions LLC,"Miramar, FL",1,62000,517121,Market Research Analyst And Marketing Specialist,22.5
"Alcoholics Anonymous World Services, Inc.","New York, NY",1,100000,813319,Business Analyst,24.8
ALCOR Scientific LLC,"Smithfield, RI",1,104880,33911,Senior Business Intelligence Analyst,25.9
"Alderson Loop, LLC","Sykesville, MD",1,115000,541613,Sr Business Analyst,28.2
Alegent Creighton Clinic,"Omaha, NE",1,,621111,Clinical Data Analyst,22.5
"Aleph Labs, Inc.","New York, NY",1,210000,513210,"Research Engineer, Applied Ai",47.5
"ALERE, INC.","Chicago, IL",1,125000,32541,"Manager, Market And Business Intelligence",30.5
Alert Home Services Corporation,"Edison, NJ",1,79976,62161,Automation Analyst,22.5
Aletheia Marketing and Media Inc.,"Dallas, TX",1,150000,541613,Ai Engineer,36.1
Alfa Laval Inc.,"Richmond, VA",1,71594,42383,Systems & Data Specialist,22.5
AlfredAI Inc.,"Austin, TX",1,95493,541511,Ai/Ml Engineer & Product Manager,23.7
ALFVO LLC.,"Parsippany, NJ",1,95493,561311,Associate Data Engineer,23.7
ALGORITHM OF LEARNING INC.,"Austin, TX",1,50000,54199,Marketing Analyst,22.5
"ALGORITHM, INC.","Vienna, VA",1,107682,5416,Business Systems Data Analyst,26.5
ALGOVORTEX INC,"Chicago, IL",1,85800,541690,Ai Engineer,22.5
Alhadi Wireless INC.,"Peoria, IL",1,,517112,Data Analytics Analyst,22.5
Alice & Olivia LLC,"New York, NY",1,112000,541490,Data Analyst (Data Scientist),27.5
Alice Tech Solutions LLC,"Irving, TX",1,98301,541511,Data Base Analyst,24.4
"ALIGNED MARKETPLACE, INC.","New York, NY",1,112000,513210,Data Engineer,27.5
ALIN MACHINING COMPANY LLC,"Melrose Park, IL",1,68786,332710,Business Analyst,22.5
"Aline Ops, LLC","Louisville, KY",1,68194,6233,Business Intelligence Analyst,22.5
"Aliro Technologies, Inc.","Brighton, MA",1,150000,513210,Research Scientist,36.1
ALL AMERICAN ELECTRONIC TECHNOLOGY INC,"Farmers Branch, TX",1,90000,517122,Data Analyst,22.5
ALL HVAC INC.,"Brooklyn, NY",1,65333,238220,Database Administrator,22.5
All Medical Inc,"West Columbia, SC",1,91062,423450,Management Analyst,22.7
"All Strong Industry (USA), Inc.","Lawrenceville, GA",1,,33792,Logistics Analyst,22.5
"All Terminal Services, LLC","Fort Worth, TX",1,90000,488210,Machine Learning Engineer,22.5
ALL-WIN GROUP LLC,"East Brunswick, NJ",1,65333,54199,Database Administrator,22.5
"ALLAY PHARMACEUTICALS, LLC","Miami, FL",1,87110,32541,Computer And Information Research Scientist,22.5
AllCare Plus Pharmacy Inc.,"Durham, NC",1,135000,541618,Senior Database Management Specialist,32.7
Allegheny College,"Meadville, PA",1,52000,611310,Institutional Research And Decision Support Analyst,22.5
"Allen & Gerritsen, Inc.","Boston, MA",1,78500,541810,Analyst,22.5
"Allergan USA, Inc.","North Chicago, IL",1,175000,3254,Senior Data Engineer - Platform,41.8
"ALLETE, Inc.","Duluth, MN",1,63999,221118,Business Systems Analyst I,22.5
Alliance Global Tech Inc,"Columbia, MD",1,67350,541511,Computer System Analyst,22.5
"Alliance Health Systems, LLC","Matawan, NJ",1,60000,621999,Junior Data Analyst,22.5
Alliance Insource Inc,"Mclean, VA",1,67995,541511,Data Analyst,22.5
Alliance Mart LLC,"Peachtree Corners, GA",1,58822,518210,Database Administrator,22.5
"Alliant Health Group, Inc.","Atlanta, GA",1,77695,541611,Data Analyst,22.5
"ALLIED ELECTRONICS, INC.","Bristol, PA",1,70000,459999,Software Quality Assurance Analyst And Tester,22.5
Allied Interior Solutions LLC,"Desoto, TX",1,94500,327991,Market Research Analyst,23.5
Allied Tec Inc,"Carrollton, TX",1,75088,541519,Azure Data Engineer,22.5
ALLIEDMEDIX RESOURCES INC.,"Kew Gardens, NY",1,,621340,Computer Systems Analyst,22.5
Allina Health System,"Minneapolis, MN",1,81931,622110,Systems Analyst,22.5
AllSci Corp,"N. Bethesda, MD",1,140000,541715,Applied Scientist,33.9
Allshore Technologies LLC,"Boxborough, MA",1,115000,541511,Business Intelligence Reports Developer,28.2
Allspice Inc.,"Somerville, MA",1,165000,541715,Sr. Software Engineer (Parsing & Data Structures),39.5
"Allstar Homecare Agency, Inc","Brooklyn, NY",1,,6216,Business Analyst,22.5
Allucent Government Services (US) LLC,"Cary, NC",1,174292,54171,"Associate Director, Statistical Programming",41.7
Allure Gems LLC,"New York, NY",1,60000,423940,Marketing Analyst,22.5
"ALM First Analytics, LLC","Dallas, TX",1,90000,52399,Data Solutions Specialist,22.5
Alma Ceramic Granite and Limestone Fabrication and Installation LLC,"Milford, OH",1,69711,327991,Management Analyst,22.5
"Almac Clinical Technologies, LLC.","Souderton, PA",1,74717,54171,Software Testing Analyst 2,22.5
Aloysius Butler & Clark Associates Inc.,"Wilmington, DE",1,80642,541810,Media And Information Systems Analyst,22.5
Alpha Business Solutions,"Red Bank, NJ",1,145000,541214,Drug Safety Business Analyst,35.0
"Alpha Clinical Systems, Inc.","Piscataway, NJ",1,127000,541511,It Project Manager (Ai/Data Architecture And Engineering),30.9
"Alpha Financial Markets Consulting, Inc.","New York, NY",1,260000,523940,Insurance Data & Analytics Lead,47.5
Alpha International Trade Inc,"Romeoville, IL",1,88000,454110,Pricing Analyst,22.5
Alpha IT Global LLC,"Sugarland, TX",1,115000,518210,Financial Data Analyst,28.2
Alpha Sapience Consulting Inc,"King Of Prussia, PA",1,95000,541511,Computer Analyst Programmer,23.6
Alphadyne Asset Management LP,"New York, NY",1,140000,523940,Data Analytics Developer,33.9
AlphaMeld Corporation,"Guilford, CT",1,,5417,Operation Research Analyst,22.5
Alphind Healthcare Inc.,"Charlotte, NC",1,88360,541511,Data Engineer,22.5
Alpine Capital Advisors LLC,"New York, NY",1,80000,523930,Analyst,22.5
ALT America Inc,"Buford, GA",1,54080,336310,Market Research Analyst,22.5
Alter Domus Inc.,"Chicago, IL",1,106974,52399,Business Analyst,26.4
Alterman Management Group Inc.,"Live Oak, TX",1,75050,238210,Supply Chain Analyst,22.5
Alterstaff Inc.,"Flushing, NY",1,100000,541512,Development & Database Administrator,24.8
"Altitude Cares, Inc.","Carmel, IN",1,240000,541511,Founding Machine Learning Engineer,47.5
"ALTIVIA Petrochemicals, LLC","Houston, TX",1,115745,325110,Business Operations And Data Logistics Analyst,28.4
Altumint Inc.,"Lanham, MD",1,100000,513210,Machine Learning Engineer,24.8
"Altura Stone and Tile, LLC","Norcross, GA",1,60000,423320,Database Administration Manager,22.5
Altus Enterprises Inc.,"Billerica, MA",1,98072,541714,Data Engineer,24.3
"Altus Power America Management, LLC","Stamford, CT",1,94370,221114,Production Analyst,23.5
"Alvarez & Marsal North America, LLC","New York, NY",1,85000,54161,Analyst,22.5
"Alvarez & Marsal Public Sector Services, LLC","New York, NY",1,95000,54161,Analyst,23.6
"Alvin Ailey Dance Foundation, Inc.","New York, NY",1,95000,7111,Data Analyst/Database Specialist,23.6
AM Distributing LLC,"Carrollton, TX",1,,455219,Operation Research Specialist,22.5
AM/NS Calvert LLC,"Calvert, AL",1,78000,331110,"Analyst Iii, Process Management",22.5
AMA Global Technology Inc,"Budd Lake, NJ",1,123000,541511,Data Scientist,30.0
"AMA Insurance Agency, Inc.","Chicago, IL",1,106500,524210,Data Analyst Iii,26.2
Amani Global LLC,"Lewisville, TX",1,,523150,Business Analyst,22.5
Amanicare Services Inc,"Mankato, MN",1,,621610,Operation Analyst,22.5
AMAZING COMMUNITY PHARMACY LLC,"Bronx, NY",1,93226,456110,Database Administrator,23.2
"AMBIQ MICRO, INC.","Austin, TX",1,167500,334413,"Staff Engineer, Machine Learning",40.1
Amborella LLC,"Plano, TX",1,71000,551112,Operations Research Data Analyst,22.5
Ambright Tech LLC,"Mckinney, TX",1,120000,541511,Senior Data Engineer,29.3
"Ambrosia Parade Restaurant, LLC","Old Bridge, NJ",1,73590,722513,Business Analyst,22.5
AMEIST LLC,"Warren, NJ",1,80000,455219,Market Research Analyst,22.5
"AMEKOR INDUSTRIES, INC.","Conshohocken, PA",1,65208,42499,Business Analyst,22.5
Amerant Bank N.A.,"Coral Gables, FL",1,123600,522110,Data & Analytics Senior Analyst,30.1
American Board of Internal Medicine,"Philadelphia, PA",1,145000,813212,Principal Database Developer,35.0
American Broadband Holding Company,"Overland Park, KS",1,145000,517919,Bi Data Architect/Senior Manager,35.0
American Dental Designs,"Montgomeryville, PA",1,65000,339116,Market Research Analyst And Marketing Specialist,22.5
"AMERICAN DREAM HOME GOODS, INC.","Elizabeth, NJ",1,,4232,Data Analyst,22.5
"American Drug Center, Inc.","Virginia Beach, VA",1,101358,456199,Senior Business Analyst,25.1
"American Eagle Shirts and More, LLC","Pensacola, FL",1,52521,424990,Business Systems Analyst,22.5
"American Furniture Rentals, Inc.","Pennsauken, NJ",1,110000,532289,Business Intelligence Developer,27.0
American Health Reform Solutions LLC,"Oakland Park, FL",1,110000,524210,Business Intelligence Developer,27.0
"American Hydrostatics Distribution, Inc.","Troy, MI",1,74277,811310,Operations & Business Analyst,22.5
"American Industrial Transport, Inc.","St. Charles, MO",1,81600,532411,Senior Operations Analyst,22.5
American Institute of Healthcare and Technology LLC,"Stratford, CT",1,,611710,Management Analyst,22.5
American Jerah International Corporation,"Houston, TX",1,57450,42383,Market Research Analyst,22.5
American Marketing & Publishing LLC,"Dekalb, IL",1,69000,541613,Data Analyst,22.5
"American Marketing & Publishing, L.L.C.","Dekalb, IL",1,69000,541613,Data Analyst,22.5
AMERICAN MAX SPEED TUNING TECHNOLOGY LIMITED,"Orlando, FL",1,72000,441330,Market Research Analyst,22.5
"American Medical & Dental Supplies, Inc.","Montvale, NJ",1,82560,423450,Computer Systems Analyst,22.5
"American Metalcraft, Inc.","Franklin Park, IL",1,71594,33111,Data Analyst,22.5
American Paragim Schools,"Philadelphia, PA",1,70000,611710,Education Data Analyst,22.5
American Psychological Association,"Washington, DC",1,120867,541720,Senior Business Intelligence Developer,29.5
"American Public Education, Inc.","Charles Town, WV",1,119485,611310,"Manager, Advanced Analytics",29.2
American Scholarly Publishing Group Inc.,"Mount Dora, FL",1,,513130,Business Analyst,22.5
"American Signature, Inc.","Columbus, OH",1,121139,44211,Sr. Business Intelligence Analyst,29.6
American Society for Clinical Pathology,"Chicago, IL",1,95480,813920,Lead Business Analyst,23.7
American Society for Microbiology,"Washington, DC",1,106181,813920,Data Analyst,26.2
American Specialty Health Inc.,"Carmel, IN",1,118673,52429,Database Engineer,29.0
American Stitch LLC,"New York, NY",1,56784,424350,Market Analyst,22.5
American Technology Experts Inc,"Plano, TX",1,90667,541511,Business Analyst,22.7
American Torch Tip Company,"Bradenton, FL",1,102952,423990,Database Administrator Ii,25.4
"American Water Works Service Company, Inc.","Camden, NJ",1,130000,22131,"Senior Solution Engineer, Sap Functional Analyst “ Isu Crm",31.6
American Wire Group LLC,"Aventura, FL",1,66560,42361,Procurement Analyst,22.5
AmeriCloud Telecom Solution’s LLC,"Schaumburg, IL",1,85500,541330,Rf Data Analyst,22.5
"Americollect, Inc.","Manitowoc, WI",1,90000,56144,Business Intelligence Analyst,22.5
Ameripark LLC,"Miami, FL",1,66300,54161,Senior Business Analyst,22.5
"Ameriprise Bank, FSB","Minneapolis, MN",1,130083,522180,Senior Enterprise Data Governance Manager,31.6
AmeriPro EMS LLC,"Atlanta, GA",1,66650,621910,Data Analyst,22.5
Ameris Bancorp,"Atlanta, GA",1,91000,522110,Balboa - Quantitative Model Analyst,22.7
AmeriSave Mortgage Corporation,"Sandy Springs, GA",1,220500,522292,"Sr. Director, Data Science & Artificial Intelligence",47.5
"Ames Companies, Inc.","Orlando, FL",1,153717,332216,Erp Technical Analyst,37.0
"Amesbury Industries, Inc.","Edina, MN",1,51147,488510,Distribution Analyst,22.5
"AMETEK, Inc.","Eighty Four, PA",1,87984,335312,Business Systems Analyst,22.5
Ameya Data Solutions Inc,"Mckinney, TX",1,70075,541512,Data Engineer,22.5
Amherst H Wilder Foundation,"Saint Paul, MN",1,60715,813211,Data Analyst,22.5
Amicus Systems Inc,"Forest Hills, NY",1,90000,541511,Data Analyst,22.5
Amipi Incorporation,"New York, NY",1,68000,423940,Operations Research Analyst,22.5
AMIVA Equity Partners LLC,"New York, NY",1,120000,541611,Data Analyst,29.3
"Amko Software Solutions, Inc.","Charlotte, NC",1,101192,541512,Sap Finance (Fi/Co) Analyst,25.0
"AMMADAR, LLC","Columbia, SC",1,,541511,Business Analyst,22.5
"AMN Healthcare, Inc.","Dallas, TX",1,127267,561320,Sr. Business Intelligence Analyst,31.0
Amnet Tech LLC,"Leander, TX",1,140000,541511,Data Engineer,33.9
"AMO Sales & Service, Inc","New Brunswick, NJ",1,115000,42399,"Senior Analyst, Digital Sales Strategy",28.2
AMP Solutions LLC,"Nutley, NJ",1,105227,54151,Data Engineer,26.0
Amphenol Corporation,"Wallingford, CT",1,80730,237130,Sales Analyst,22.5
"Amphenol Tecvox, LLC","Tanner, AL",1,,541330,Operations Research Analyst,22.5
Amplyus LLC,"Arlington, MA",1,66633,334516,Operations Research Analyst,22.5
"Amruta, Inc.","Fredericksburg, VA",1,,541512,Data Scientist,22.5
AMS HEALTH CORP,"New York, NY",1,80000,5613,Healthcare Strategy Analyst,22.5
AMS Planning & Research Corp.,"Southport, CT",1,55498,541611,Art Market Research Analyst,22.5
"AMS Staffing, Inc.","Highland Park, IL",1,125000,561320,Senior Java Programmer Analyst,30.5
Amsive LLC,"Bolingbrook, IL",1,94074,541860,Sr. Data Scientist,23.4
AmSpec LLC,"Cranbury, NJ",1,79456,541380,Business System Analyst,22.5
AMSYS International Inc,"Houston, TX",1,80500,541511,Systems Analyst,22.5
"AMT Group, LLC","Niles, IL",1,87559,4244,Data Analyst,22.5
Amtech Analytics LLC,"Aurora, IL",1,109242,541512,Lead Data Architect,26.9
Amvi Software Inc,"Ellicott City, MD",1,78000,541618,Quality Assurance Analyst,22.5
"AmWINS Group, LLC","Charlotte, NC",1,125000,5241,Business Intelligence Developer,30.5
Amy Oil and Gas Inc,"Jasper, TX",1,68682,457110,Information Systems Analyst,22.5
"An Phat International, Inc","Houston, TX",1,83000,424610,Operations Research Analyst,22.5
"AN Texas Region Management, Ltd.","Irving, TX",1,62857,441110,Payroll Analyst,22.5
"ANAGHA SOLUTIONS, INC.","Leander, TX",1,122970,541511,Software System Developer/Analyst,30.0
ANALITICA Global Inc.,"San Antonio, TX",1,80000,541613,Senior Industry Analyst,22.5
"Analytical Solutions by Kline, LLC","Parma, OH",1,,541519,Data Base Administrator,22.5
ANALYTIQ  SOLUTIONS LLC,"Newark, DE",1,82950,541511,Business Analyst,22.5
Analytiq Techno Soft LLC,"Hamilton, NJ",1,86278,541511,Data Scientist,22.5
AnalytiQ’s Inc,"Germantown, MD",1,,541511,Programmer Analyst,22.5
Anamatics LLC,"Northbrook, IL",1,125000,541512,Data Strategist,30.5
Anaqua Inc.,"Boston, MA",1,84460,541519,"Associate, Data Scientist",22.5
Anatta IT Solutions Inc,"Alpharetta, GA",1,86403,541511,It Business Analyst,22.5
Anchor Bank,"Palm Beach Gardens, FL",1,44907,522110,Marketing Analyst,22.5
AND IT Tech LLC,"Cary, NC",1,103272,541511,Data Engineer,25.5
ANDHUS TECHNOLOGIES INC,"Itasca, IL",1,137000,541511,Systems Analyst,33.2
Android Industries LLC,"Auburn Hills, MI",1,118178,33999,Sql Bi Developer,28.9
"Andys Wholesale, Inc.","Douglasville, GA",1,85000,424410,Market Research Analyst,22.5
"ANGARAI INTERNATIONAL, INC.","College Park, MD",1,90000,54161,Business Analyst,22.5
"Angel's Pharmacy I, Inc.","Orlando, FL",1,200000,446110,Pharmaceutical Operations Analyst,47.5
"Angkor Resource Center, Inc.","Riverdale, GA",1,42500,624190,Market Research Analyst,22.5
Angstrom Advanced Inc.,"Stoughton, MA",1,,334516,Market Research Analyst,22.5
"ANGSTROM ALUMINUM CASTINGS TEXAS, LLC","Troy, TX",1,60000,331523,Management Analyst (International Supply Chain),22.5
Angstrom Electric LLC,"Pontiac, MI",1,79000,336350,Database Administrator,22.5
"Anheuser-Busch Commercial Strategy, LLC","St. Louis, MO",1,115918,312120,Sr. Data Development Operations Engineer,28.4
Anion Marketing LLC,"Frisco, TX",1,105997,541511,Machine Learning Engineer,26.1
ANIRA SOLUTIONS INC,"Ashburn, VA",1,110864,541511,Data Engineer,27.2
ANITHA SOLUTIONS LLC,"Haslett, MI",1,96013,541618,Sr. Business Analyst,23.9
Anixter Inc.,"Glenview, IL",1,100000,423610,Senior Analyst- Business Systems,24.8
Aniz Inc.,"Atlanta, GA",1,80000,624190,Data Manager,22.5
Anjaneya Drugs LLC,"Trenton, NJ",1,,45611,Management Analyst,22.5
Anne  Weiss,"Longmeadow, MA",1,45490,54161,Market Research Analyst,22.5
"Annuitas, Inc.","Atlanta, GA",1,135000,541613,"Lead Data Engineer, Demand Intelligence",32.7
"Anointed HHC, Inc.","Plano, TX",1,67200,621610,Management Analyst,22.5
"Anokiwave, Inc.","Billerica, MA",1,122080,54169,Senior Data Engineer,29.8
Ant Team Service Corp,"Marlon, NJ",1,,561320,Business Analyst,22.5
Ante Inc.,"New York, NY",1,75733,711410,Management Analyst,22.5
Anthelion Capital Holdings LP,"New York, NY",1,120000,523940,Data Scientist,29.3
"Anthem, Inc.","Indianapolis, IN",1,97614,524114,Data Scientist Sr,24.2
"Anton Paar USA, Inc.","Ashland, VA",1,83200,423490,Business Analyst And Assistant Manager,22.5
"Antonio Giamberduca, LLC","Chicago, IL",1,,541613,Marketing Research Analyst,22.5
Anywhere Advisors LLC,"Madison, NJ",1,132080,531210,Sr. Developer / Sr. Lead Analyst Data And Analytics,32.1
Aon Investments USA Inc.,"Chicago, IL",1,140000,5239,Sr. Eagle Pace Data Product Lead,33.9
"Aon Risk Services, Inc. of Maryland","Chicago, IL",1,95386,524210,It Analyst - Applications,23.7
AP MGMT SOLUTIONS,"Mounds View, MN",1,,531311,Operating Analyst,22.5
AP USA LLC,"Winter Garden, FL",1,63710,424490,Computer Systems Analyst,22.5
Aperto Solutions LLC,"Princeton, NJ",1,92000,541511,Qa – Analyst. (Tester),23.0
ApeVue Inc.,"New York, NY",1,80850,518210,Back-End Data Scientist,22.5
"Apex Clean Energy, Inc.","Charlottesville, VA",1,90043,54162,Gis Analyst,22.5
Apex Logistics International (ORD) Inc.,"Bensenville, IL",1,58240,541614,Logistics Analyst,22.5
"Apex Medical Research d/b/a AMR, Inc.","Chicago, IL",1,69035,54171,Research Analyst,22.5
APEX METCORP INC,"Yonkers, NY",1,80000,423510,Business Analyst,22.5
"Apex Shipping Co. (NYC), INC.","Elmont, NY",1,68640,488510,Ocean Import Operations Analyst,22.5
Apex Therapeutic Services LLC,"Great Neck, NY",1,65500,621340,Healthcare Database Administrator,22.5
Apex Window Werks USA Corp,"Wheeling, IL",1,49000,2389,Market Analyst,22.5
Apex146 Ltd.,"Delaplane, VA",1,69035,541715,Data Scientist,22.5
API INDUSTRIES INC.,"Orangeburg, NY",1,170000,326112,It Systems Operations Analyst,40.7
APICORE LLC,"East Brunswick, NJ",1,125000,541714,Database Administrator,30.5
"Apiphani, Inc.","Boston, MA",1,100000,541512,Data & Analytics Developer,24.8
Aplus Cargo Express Inc,"Flushing, NY",1,,484110,Data Analyst,22.5
APM Architecture PLLC,"Dallas, TX",1,45000,541310,Market Research Analyst,22.5
APM Terminals North America Inc.,"Charlotte, NC",1,160000,483111,Senior Business Analyst,38.4
APNAR PHARMA LLP,"East Windsor, NJ",1,70000,325412,Business  Analyst,22.5
Apogem Capital LLC (f/k/a New York Life Investment Alternatives LLC),"New York, NY",1,140109,523940,"Data Management, Avp",33.9
Apollo MIS LLC,"White Plains, NY",1,95000,518210,Data Scientist,23.6
Apollocare1 LLC,"Corsicana, TX",1,,446110,Pharmacy Management Analyst,22.5
Apozeal Pharmaceuticals Inc,"Levittown, PA",1,,32541,Warehouse & Logistics Engineer,22.5
App Dynamic Systems LLC,"Cranbury, NJ",1,80000,541511,Programmer Analyst,22.5
"Apperture, LLC","Marlboro, NJ",1,87500,5416,Associate Consultant/Data Analyst,22.5
APPEX INNOVATION SOLUTIONS LLC.,"Princeton, NJ",1,70000,541511,Quality Analyst,22.5
Appian Corporation,"Mclean, VA",1,81307,541511,Business Technology Analyst Ii,22.5
"Applicantz, Inc.","Hosuton, TX",1,,561320,Sustainability Management Analyst,22.5
Application Development Consultants,"Austin, TX",1,122224,541511,Data Engineer,29.8
"Applications Technology (AppTek), LLC","Mclean, VA",1,93000,513210,Senior Data Engineer - Ai/Llm,23.2
"APPLIED DATABASE, LLC","Tampa, FL",1,116771,541512,Programmer Analyst,28.6
"Applied X Lab, Inc.","Brooklyn, NY",1,80850,541715,Machine Learning Research Engineer,22.5
"Applify AI, Inc.","Boston, MA",1,,611710,Business Analyst,22.5
APPLIX INC.,"Peoria, IL",1,60000,513210,Product Strategy Analyst,22.5
"APPODIS, INC.","Plano, TX",1,101192,541511,Data Architect,25.0
ApproveShield LLC,"Richardson, TX",1,76000,55111,Data Analyst,22.5
Appshark Software Inc,"Plano, TX",1,84094,541519,Software Developer (Salesforce Developer And Ai Engineer),22.5
Apptium Technologies LLC,"Reston, VA",1,80000,541512,Data Analyst,22.5
Appvolution Technologies,"Duluth, GA",1,90000,541511,Systems Analyst/Lead Developer,22.5
APR PACKAGING USA INC.,"Lighthouse Pt, FL",1,46000,561910,Management Analyst,22.5
APRIA HEALTHCARE LLC,"Indianapolis, IN",1,114455,621610,Senior Data Scientist,28.1
"Apriori Bio, Inc.","Cambridge, MA",1,110000,54171,Bioinformatics Data Engineer Ii,27.0
"APSS Futuristics, LLC","Malden, MA",1,78686,541512,Qa Analyst,22.5
"AptarGroup, Inc.","Crystal Lake, IL",1,82763,32619,Software (Data) Engineer “ Financial Operations Analyst,22.5
"Aptim Environmental & Infrastructure, LLC","Baton Rouge, LA",1,80850,541330,Project Management Analyst,22.5
Aptitude Solution Inc.,"Bloomington, IN",1,63066,541511,Data Engineer,22.5
"Aptos, LLC","Alpharetta, GA",1,127996,541519,Senior Qa Analyst,31.1
AQ BAJWA LLC,"Abingdon, VA",1,73000,611519,Business Analyst,22.5
"Aqore, LLC","Grapevine, TX",1,92000,541511,Computer Systems Analyst,23.0
Aquarian Services LLC,"New York, NY",1,110000,551112,Data Integrity Associate,27.0
Aquatic Group LLC,"Chicago, IL",1,195000,523920,Quantitative Researcher,46.4
Aquil Systems Inc,"Germantown, MD",1,,541511,Data Analyst / Etl Developer,22.5
AQUILA ENGINEERING LLC,"Houston, TX",1,,541990,Junior Data Engineer,22.5
ARAG North America Incorporated,"Des Moines, IA",1,141399,524298,Etl Developer,34.2
"Aramsco, Inc.","Radnor, PA",1,131882,423840,Senior It Business Analyst,32.0
Aras Atakan Corp,"Hallandale Beach, FL",1,72000,722511,Management Analyst,22.5
Arbor Research Collaborative for Health,"Ann Arbor, MI",1,71509,541715,Information Services Analyst,22.5
"ArborOne, FLCA","Florence, SC",1,87500,52239,Senior Business Analyst,22.5
"ARCEAN SOLUTIONS, LLC.","Alpharetta, GA",1,120000,541511,Technical Program Manager (Ai And Data),29.3
ArcelorMittal Sales and Administration LLC,"Schererville, IN",1,119912,33111,Senior Strategy Analyst,29.3
ARCH Cutting Tools Corp.,"Bloomfield Hills, MI",1,85000,339113,Lead Business Intelligence Analyst,22.5
"Archer Malmo, Inc.","Memphis, TN",1,72000,541810,Senior  Analyst,22.5
"Archetype Consulting, Inc.","Boston, MA",1,101317,541512,Manager For Analytic Insights,25.1
"ARCO Business Services, Inc.","Brentwood, MO",1,115000,2362,Data Engineer,28.2
"ARCOOM, LLC","Old Tappan, NJ",1,142000,541512,Business Intelligence Developer,34.3
"Arcsine Analytics, LLC","Kinnelon, NJ",1,78894,541714,Statistical Programmer I,22.5
Arctic Cat Inc.,"Thief River Falls, MN",1,107800,336999,Senior Sap Analyst,26.5
Arcwide Inc.,"Chicago, IL",1,75600,541512,Business Analyst,22.5
"Arden Companies, LLC","Bingham Farms, MI",1,82393,31412,Application Developer Analyst,22.5
Ardent Technologies Inc,"Dayton, OH",1,,541511,Management Analyst,22.5
Ardán Inc.,"Maitland, FL",1,88626,524127,Software Qa Analyst,22.5
AREALTEK INC,"Franklin, MA",1,120500,541511,Machine Learning & Cloud Application Engineer,29.4
"Arete, Inc.","Pennington, NJ",1,68411,511210,Supply Chain Optimization Analyst,22.5
"ARETUM, LLC","Bethesda, MD",1,112200,541512,Business Analyst,27.5
"Arglass VF-1, LLC","Valdosta, GA",1,60000,327213,Business Analyst,22.5
"Argon Medical Devices, Inc.","Plano, TX",1,101000,3391,Qad Business Analyst,25.0
"Argonaut Management Services, Inc.","San Antonio, TX",1,131500,5241,Senior Business Analyst,31.9
ArgonTeq.com LLC,"Hallandale, FL",1,45718,51321,Computational Data Scientist,22.5
"Arhaus, LLC","Boston Heights, OH",1,82493,449110,It Systems Analyst,22.5
ARi Holdings LLC,"East Peoria, IL",1,63939,54133,Engineering Management Analyst,22.5
Ariel Premium Supply Inc,"St Louis, MO",1,57844,541890,Application Implementation Analyst And Tester,22.5
Ariela & Associates International LLC,"New York, NY",1,82763,315250,Senior Business Analyst,22.5
Arietis Health LLC,"Fort Myers, FL",1,75000,561110,Data Analyst,22.5
ARINC Incorporated,"Annapolis, MD",1,71656,336413,"Engineer Ii, Data Analytics Method",22.5
"ARISE GLOBAL SERVICES, INC","Ashburn, VA",1,110739,541511,Data Scientist,27.2
ARK Infotech Spectrum Inc.,"Plano, TX",1,89253,541511,Junior Data Engineer,22.5
"ARK Solutions, Inc.","Reston, VA",1,,541511,Functional Analyst,22.5
"ARK Tech Solutions, LLC","Mckinney, TX",1,65853,54151,Data Engineer,22.5
Arkansas Capital Corporation,"Little Rock, AR",1,68390,52229,Eb-5 Investor Market Research Analyst,22.5
Arkansas Department of Health,"Little Rock, AR",1,73632,921190,Database Administrator,22.5
Arkansas Department of Transformation and Shared Services,"Little Rock, AR",1,57755,921110,Business Intelligence Specialist,22.5
Arkansas State University,"Jonesboro, AR",1,52520,611310,Research Associate,22.5
ARKI SOLUTIONS LLC,"Wesley Chapel, FL",1,,541511,Health Informatics Consultant/ Specialist,22.5
Arkind Solutions LLC,"Springfield, IL",1,69000,541511,Bi Analyst,22.5
ARMALA ENTERPRISES LLC,"Elkhorn, NE",1,40186,541611,Market Research Analyst,22.5
Armantek LLC,"Reston, VA",1,115000,54151,Data Scientist,28.2
"Arna Pharma, Inc.","Austin, TX",1,95000,3254,Senior Clinical Data Analyst - Health Economics,23.6
Arnco Inc.,"Panama City Beach, FL",1,,42459,Data Analyst,22.5
Arohi Media LLC,"Coppell, TX",1,68307,516110,Marketing Research Analyst,22.5
"Aroma360, LLC","Miami, FL",1,90000,455219,Lead Data Analysts,22.5
Aromatic Innovations Inc.,"North Brunswick, NJ",1,75733,325620,Business Analyst,22.5
Aropha Inc.,"Bedford, OH",1,,541380,Data Scientist,22.5
Arora Innovation LLC,"Dallas, TX",1,,541512,Software Quality Assurance Analyst,22.5
"ARP MATERIALS, INC","Amherst, NY",1,57000,42399,Business Data Analyst,22.5
ARPELS INVESTMENT LLC,"Chicago, IL",1,,523920,Business Operations Analyst,22.5
"Arrakis Therapeutics, Inc.","Waltham, MA",1,96820,541714,"Associate Scientist, Computational Biology",24.1
"Array of Engineers, LLC","Grand Rapids, MI",1,80000,541330,Computer Scientist,22.5
ARRIS Solutions LLC,"Suwanee, GA",1,121225,541512,Senior Staff It Business Systems Analyst,29.6
Arrogya Dental Management LLC,"Terrell, TX",1,75000,62121,Business Operations Analyst,22.5
ARSAN LOGISTICS LLC,"St. Petersburg, FL",1,,484121,Logistics Analyst,22.5
"ARSPHERE INFOTEK, INC.","Farmers Branch, TX",1,95000,541511,Business Analyst,23.6
"ART AND COOK, INC.","New York, NY",1,,332215,Supply Chain Analyst,22.5
Art Empire LLC,"Houston, TX",1,80000,459120,Computer System Analyst,22.5
ARTEAST LLC,"Middleton, WI",1,,611610,Data Scientist,22.5
ARTECH BUSINESS SYSTEMS INC,"Cypress, TX",1,82000,541511,Data Engineer,22.5
"Arthur AI, Inc.","New York, NY",1,200000,541511,Machine Learning Engineer,47.5
Arthur Kill Operating Services LLC,"Stamford, CT",1,145950,2211,Business Data Analytics Associate,35.2
Artian Inc.,"New York, NY",1,103210,541715,Ai/Ml Engineer,25.5
Artife Group Inc,"Brooklyn, NY",1,,711410,Data Analyst,22.5
Artis Solutions LLC,"Houston, TX",1,,541614,Supply Chain Analyst,22.5
Artisan Partners Limited Partnership,"Milwaukee, WI",1,220000,523940,Business Analyst Lead,47.5
Artnet Worldwide Corporation,"New York, NY",1,80850,459920,Data Scientist,22.5
ArtVidar LLC,"Elk Grove Village, IL",1,52800,423210,Business Analyst Associate,22.5
ARV SYSTEMS INC,"Bloomington, IL",1,93579,541511,Data Analyst,23.3
"Arvato Systems North America, Inc.","New York, NY",1,117618,541511,Business Systems Analyst,28.8
"Arvinas Operations, Inc.","New Haven, CT",1,197798,32541,Senior Principal Statistical Programmer,47.0
AS Painting Contractors LLC,"Dallas, TX",1,,238320,Business Development Analyst,22.5
AS3K Technologies Inc,"Irving, TX",1,82056,541519,Data Engineer,22.5
ASC Communications LLC,"Chicago, IL",1,150000,611430,Market Research Analyst / Manager,36.1
"Ascend Innovations, Inc.","Dayton, OH",1,70000,541511,Data Scientist/Business Intelligence Analyst,22.5
ASCEND MANAGEMENT CONSULTING,"Houston, TX",1,,541512,Big Data Hadoop Engineer,22.5
"Ascend Performance Materials Holdings, Inc.","Houston, TX",1,180250,325220,Data Science Manager (It Business Manager),43.0
"Ascendia Pharmaceuticals, Inc.","North Brunswick, NJ",1,60000,32541,"Associate, It & Data Engineering",22.5
Ascendum Solutions LLC,"Blue Ash, OH",1,,541519,Senior Data Engineer,22.5
"Ascension Health Resource and Supply Management Group, LLC","St. Louis, MO",1,172807,541511,"Director, Master Data Management",41.3
Ascent Buildings LLC,"Portland, TN",1,80000,332311,Data Analyst Engineer,22.5
"AscentGene, Inc.","Gaithersburg, MD",1,,541714,Heath Data Scientist,22.5
"ASCO POWER TECHNOLOGIES, L.P.","Boston, MA",1,145000,335311,Business Intelligence Leader,35.0
Ascot US Services Company LLC,"New York, NY",1,73008,524126,"Assoc Analyst, Partnership Strategy & Distribution Analytics",22.5
ASHCOMM LLC,"Arcadia, WI",1,65000,337121,Ecommerce Associate Analyst,22.5
"Ashenfelter & Ashmore, LLP","Princeton, NJ",1,86278,541690,Data Scientist,22.5
ASHI DIAMONDS LLC,"New York, NY",1,,423940,Business Analyst,22.5
ASI Consulting Inc,"Aurora, IL",1,89690,541511,Data Science Engineer,22.5
Asia Logistics Inc,"Missouri City, TX",1,37357,541614,Market Research Analyst,22.5
"ASIA TV USA, LTD","Iselin, NJ",1,102600,515210,Senior Market Analyst,25.4
Asian Bank,"Philadelphia, PA",1,68286,522110,Business Analyst,22.5
AsInfoTecZ LLC,"Dallas, TX",1,92040,541511,Data Analyst,23.0
Asist Inc.,"Falls Church, VA",1,106000,541519,Quantum Cybersecurity Analyst,26.1
ASIUS LLC,"Somerset, NJ",1,73590,541511,Management Analyst,22.5
ASIYA INC,"Austin, TX",1,45500,522390,Data Analyst,22.5
ASK IT Solutions LLC,"Irving, TX",1,112819,541511,Sr. Business Systems Analyst,27.7
"Ask2.ai, Inc.","Delray Beach, FL",1,83000,541512,Research Analyst,22.5
"ASP Web Solutions, LLC","Bartlett, TN",1,104528,541511,Storage Analyst,25.8
ASPEN SOLUTIONS LLC,"Iselin, NJ",1,90667,541511,Sap Analyst,22.7
"Aspirant Consulting, LLC","Pittsburgh, PA",1,90000,541611,Senior Analyst,22.5
Aspire IT Experts Solutions LLC,"Glen Allen, VA",1,90000,541511,Computer System Analyst,22.5
ASPYRANT LLC,"Skillman, NJ",1,83000,541511,Data Analyst,22.5
ASR Tech Group Inc.,"Reston, VA",1,92331,541511,Database Administrator,23.0
"Assa Abloy Access and Egress Hardware Group, Inc.","Berlin, CT",1,125000,332510,It Business Analyst,30.5
"Assent Solutions, LLC","Houston, TX",1,60154,541511,Erp Business Analyst,22.5
Asset Analytix Inc.,"Cary, NC",1,79622,541511,Business Intelligence Analyst,22.5
"Asset Strategies Group, LLC","Westerville, OH",1,130000,531390,Manager - Database Engineer,31.6
Associated Energy Group LLC,"Miami, FL",1,78000,541614,It Reporting Analyst,22.5
Association for Talent Development,"Alexandria, VA",1,110739,813920,Ai & Ml Engineer,27.2
ASSURE E SERVICES INC,"Bedford, MA",1,70616,541511,"Database Administrator (Snowflake, Sql, Qlik)",22.5
Assyst Inc.,"Sterling, VA",1,78780,541511,Computer Systems Analyst,22.5
"AST SpaceMobile Services, LLC","Miami, FL",1,120000,541690,Lead Data Scientist,29.3
"AstaTech, Inc.","Bristol, PA",1,66955,3259,Database Administrator,22.5
Astec Digital U.S. Inc.,"Chattanooga, TN",1,140000,333120,Oracle Business Analyst “ Cpq,33.9
"Astec, Inc.","Chattanooga, TN",1,110000,333120,Sr Data Analyst - Supply Chain,27.0
Astellas Innovation Management LLC,"Cambridge, MA",1,141631,541714,Senior Scientist,34.2
Aster Inc,"Irving, TX",1,92040,541511,Lead Data Engineer,23.0
"Aston Carter, Inc.","Hanover, MD",1,102159,541219,Report Developer/Analyst,25.3
Astr Partners LLC,"New York, NY",1,110000,541820,Senior Market Research Analyst,27.0
"Astrata, Inc.","Pittsburgh, PA",1,112400,621999,"Healthcare Product Analyst, L4",27.6
Astrea Compliance Inc,"Dover, DE",1,,5614,Data Scientist,22.5
Astrin Biosciences Inc.,"Saint Paul, MN",1,113589,5417,Senior Ai Engineer,27.9
"Astronomer, Inc.","Cincinnati, OH",1,250000,541511,Senior Machine Learning Engineer,47.5
ASTUTEONE CORP.,"The Woodlands, TX",1,,541511,Sap S/4Hana Management Analyst,22.5
"Asymmetry Group, LLC","Newton, MA",1,110250,541611,Senior Analyst,27.1
ATAPCLOUD LLC,"Austin, TX",1,92000,541511,Senior Database Administrator,23.0
"Ataraxis AI, Inc.","New York, NY",1,144000,541715,Machine Learning Engineer,34.8
"Ateb, Inc.","Cranberry Township, PA",1,104061,334510,"Engineer Iii, Data Science",25.7
ATHENA DOYENS LLC,"Cherryhill, NJ",1,101200,541511,Data Engineer,25.0
Athena Property Advisors LLC,"Greenville, SC",1,74999,531390,Acquisitions Analyst,22.5
Athenian Group LLC,"Houston, TX",1,110000,541611,Management Analyst,27.0
Atico Investments LLC,"Aventura, FL",1,47500,54199,Digital Marketing Analyst,22.5
AtkinsRealis USA Inc.,"Tampa, FL",1,84000,541330,Construction Data Analyst I,22.5
Atlanta Cutlery Corporation,"Conyers, GA",1,90958,332215,Business Analyst,22.7
ATLANTA JOURNAL CONSTITUTION LLC,"Atlanta, GA",1,135000,51311,Machine Learning Engineer,32.7
"Atlanta Plus Medical Group, LLC","Lilburn, GA",1,65000,5416,Management Analyst,22.5
"Atlanta Trading & Eng. Consulting, LLC","Parsippany, NJ",1,76000,541330,Business Analyst (Supply Chain),22.5
"Atlantic Bearing Services, LLC","Miami, FL",1,83500,4238,Data Science And Bi Specialist,22.5
Atlantic Casualty Insurance Company,"Goldsboro, NC",1,73313,524210,It-Quality Assurance Analyst,22.5
Atlantic Furniture Inc,"South Deerfield, MA",1,,423210,Supply Chain Analyst I,22.5
Atlantic IP Services LLC,"White Plains, NY",1,111966,541990,Business Development Analyst,27.5
"Atlantis IT Consulting Group, LLC","Albany, NY",1,110000,541511,Senior Snowflake Tableau Analyst,27.0
ATLAS OPERATING LLC,"Houston, TX",1,65000,213111,Production Research Analyst,22.5
Atlas Property Management LLC,"Broken Arrow, OK",1,92000,531312,Senior Operations Analyst,23.0
"Atlas Technical Consultants, LLC","Austin, TX",1,68000,541330,Sales Operations Analyst,22.5
ATLM LLC,"Brooklyn, NY",1,70000,711410,Production Analyst,22.5
"ATNAB Consulting Services, Inc.","Springfield, VA",1,80000,541519,Data Analyst,22.5
"ATOMIC DATA, LLC","Minneapolis, MN",1,60362,541511,Software And Data Analyst,22.5
Atominvest Software Inc,"New York, NY",1,50000,513210,Customer Success Analyst,22.5
Atorus Research Inc.,"Mountain Lakes, NJ",1,80000,518210,Data Solutions Engineer,22.5
"Atrius MSO, LLC","Newton, MA",1,165630,6213,Lead Data Warehouse Programmer Analyst,39.7
ATS WIRELESS INC,"Dallas, TX",1,87360,51711,Business Analyst,22.5
"Attends Healthcare Products, Inc.","Raleigh, NC",1,96917,322291,Global Business Analyst & Data Architect,24.1
Attri Inc.,"Austin, TX",1,95000,541519,Machine Learning Engineer Ii,23.6
"ATTUNE INSURANCE SERVICES, LLC","New York, NY",1,150000,52421,Bi Engineer,36.1
Attunesys LLC,"North Brunswick, NJ",1,70000,541512,Programmer Analyst,22.5
"Atwell, LLC","Southfield, MI",1,101000,541330,Senior Data Analyst,25.0
"ATZ TRADING, INC.","Brooklyn, NY",1,,424460,Delivery Analyst,22.5
"AUConnects, LLC","Milton, GA",1,72000,541511,Data Analyst,22.5
"Audax Management Company, LLC","Boston, MA",1,110000,523940,"Data Engineer, Business Solutions",27.0
AUDUBON COMPANIES LLC,"Houston, TX",1,99840,541330,Data Analyst,24.7
Augment HR Solution LLC,"Lilburn, GA",1,89710,5613,Senior Computer System Analyst,22.5
Augment Technology Solutions LLC,"Wesley Chapel, FL",1,60000,541611,Healthcare Business Analyst,22.5
"August Insurance, LLC","Orlando, FL",1,75000,524210,Market Research Analyst,22.5
"Augusta Health Care, Inc.","Fishersville, VA",1,66726,62111,Planning Analyst,22.5
Augustana University,"Sioux Falls, SD",1,61443,611310,Programmer Analyst,22.5
"Aura Sub, LLC","Boston, MA",1,173613,523930,Senior Data Analyst - Product,41.5
Aurbeta Consulting Services Inc.,"Alpharetta, GA",1,106000,541511,Big Data Developer,26.1
"Auriga Polymers, Inc.","Spartanburg, SC",1,65125,325211,Business Analyst,22.5
"Auris Health, Inc.","New Brunswick, NJ",1,148699,33911,Senior Data Engineer,35.8
"AUROPRO SYSTEMS, INC.","Plainsboro, NJ",1,109158,541511,Business System Analyst,26.9
"Aurora Health Care, Inc.","Milwaukee, WI",1,195000,622110,Director Cloud Analytics Services,46.4
"Aurus, Inc.","Norwood, MA",1,113000,541511,Data Warehouse Developer,27.7
"Aus Marketing Research Systems, Inc.","Glen Mills, PA",1,56493,541720,Methods/Data Science Assistant,22.5
AuthX Security LLC,"Gaithersburg, MD",1,79000,541512,Computer Systems Analyst,22.5
Auto Care Association,"Bethesda, MD",1,134000,813910,Sql Database Developer,32.5
"Autobell Car Wash, LLC","Charlotte, NC",1,135000,811192,Data Warehouse Programming Engineer,32.7
Autocam Corporation,"Kentwood, MI",1,105000,3339,Bi Administrator,25.9
"Autocar, LLC","Center Point, AL",1,68000,336211,Senior Analyst - Supply Chain,22.5
AUTOFIT INC,"Houston, TX",1,82000,441310,Data Scientist,22.5
Automata Transactions LLC,"Boca Raton, FL",1,88000,541511,Key Account Manager And Product Analyst,22.5
Automated Pet Care Products LLC,"Auburn Hills, MI",1,190000,335210,Staff Data Engineer,45.2
Automation Systems & Design,"Dayton, OH",1,65000,33324,Data Analyst,22.5
"Automotive Financial Group, Inc.","Grapevine, TX",1,70000,52429,Data Analyst,22.5
"Automotive Rentals, Inc.","Mt. Laurel, NJ",1,75067,532112,Analytics Engineer I,22.5
Automotive Robotics Proving Labs Inc,"East Peoria, IL",1,63939,54133,Engineering Analyst,22.5
"AutoNation, Inc.","Fort Lauderdale, FL",1,80000,441110,Business Intelligence Analyst,22.5
"Autumn Graphics US, Inc.","Fayettville, AR",1,67861,323120,Data Systems And Analytics Technician,22.5
AUX Cloud Commerce (USA) Inc.,"South Plainfield, NJ",1,,333415,Logistics Analyst,22.5
"Ava Labs, Inc.","New York, NY",1,190000,541511,Senior Data Engineer,45.2
"Avalon Administrative Services, LLC","Tampa, FL",1,77250,524298,Technical Data Analyst,22.5
Avancer Corporation,"Cranbury, NJ",1,125715,541511,Senior Business Analyst,30.6
Avansi Solutions,"Aurora, IL",1,102800,518210,Programmer Analyst,25.4
"Avant Energy, Inc.","Minneapolis, MN",1,71386,54161,Operations Senior Associate - Energy Analyst,22.5
"Avantos, Inc.","New York, NY",1,170000,54151,Ai Engineer,40.7
Avasa Hospitality LLC,"Wood Dale, IL",1,117000,721110,Vice President Of Corporate Strategy And Analytics,28.6
AVASA IT SOLUTIONS LLC,"Charlotte, NC",1,,541511,Embedded Escalation Engineer – Ai Machine Learning,22.5
"AVE Automedia, Inc.","Columbus, OH",1,85000,5414,Data Scientist,22.5
"AVENDRA, LLC","Rockville, MD",1,149594,541614,Senior Business Intelligence Administrator,36.0
"AVEnterprise, Inc","Cumming, GA",1,79200,541511,Business Analyst,22.5
Avenues International Inc.,"Princeton Junction, NJ",1,105000,541512,Comuter Systems Analyst,25.9
"AVEO Pharmaceuticals, Inc.","Boston, MA",1,130000,5417,"Senior Analyst, Commercial Analytics",31.6
Avera Health,"Sioux Falls, SD",1,106600,621111,Senior Healthcare Solutions Analyst,26.3
"Avero, LLC","Knoxville, TN",1,54999,518210,Business Intelligence Analyst,22.5
Avesta Computer Services Ltd.,"Somerset, NJ",1,,541511,Business Systems Analyst,22.5
AVH SOLUTIONS LLC,"Lewis Center, OH",1,,541511,Business Intelligence Developer,22.5
"Aviagen, Inc.","Huntsville, AL",1,55000,11521,Market Research Analyst (Business Analyst),22.5
"Aviation Component Solutions, Inc.","Richmond Heights, OH",1,81281,336413,Operations Research Analyst,22.5
Avior Airlines CA LLC,"Doral, FL",1,46862,48111,Logistics Analyst,22.5
Aviva Natural Supplements LLC,"New Brunswick, NJ",1,65000,325411,Market Research Analyst,22.5
AVJ Solutions Inc,"Irving, TX",1,85467,541511,Data Analyst,22.5
"AvKARE, LLC","Pulaski, TN",1,80000,3254,Business Intelligence Analyst,22.5
AVLINO INC.,"Matawan, NJ",1,146000,541511,Senior Data Scientist (Database Architect),35.2
Avmtechies LLC,"Frisco, TX",1,118000,541511,Data Analyst,28.9
Avnil LLC,"Alpharetta, GA",1,100000,541511,Computer Systems Analyst (Oracle Applications),24.8
AVR SOFTWARE SOLUTIONS INC.,"Irving, TX",1,105997,541511,Software Analyst,26.1
AVS PHARMACY INC,"Bronx, NY",1,,446110,Systems Analyst,22.5
"Avventis, Inc.","Edison, NJ",1,115000,541511,It Consultant (Supply Chain Analyst),28.2
Avyuct LLC,"Herndon, VA",1,49340,541511,Data Scientist,22.5
Awanoo Inc.,"Austin, TX",1,80000,541512,Data Scientist,22.5
"Awesometik, Inc.","Plano, TX",1,45656,459420,Business Analyst,22.5
Awoit Systems Inc,"Alpharetta, GA",1,103000,541511,Senior Database Administrator,25.5
"AXA ASSISTANCE USA, INC.","Chicago, IL",1,93974,54199,Data Analyst,23.4
Axela Biosciences Inc.,"Whippany, NJ",1,82000,54171,Biotech Business Management Analyst,22.5
"Axiom Acquisition Ventures Management, LLC","Tampa, FL",1,93226,541611,Sr. Data Analyst,23.2
AXIS TELESOLUTIONS INC.,"Saint Louis, MO",1,,541512,Comuputer Systems Analyst,22.5
AXISCADES INC,"Peoria, IL",1,65541,541330,Logistic Analyst,22.5
Axon US Corp,"New York, NY",1,,459510,Business Analyst,22.5
"AXPM Dental Management, LLC","Little Rock, AR",1,81786,621210,Business Intelligence Analyst,22.5
AXSAI Technologies LLC,"New York, NY",1,95493,541511,Ai Engineer,23.7
Ayla Trading LLC,"New York, NY",1,72000,541613,Market Research Analyst,22.5
Aylo Global Entertainment Inc.,"Austin, TX",1,140000,339930,"Senior Data Scientist I, Engineering",33.9
Aylo Health,"Atlanta, GA",1,140857,621111,Bi Developer,34.1
AYRAA LLC.,"South Plainfield, NJ",1,90000,541690,Data Scientist,22.5
Ayrshire Electronics of Arkansas LLC,"Fayetteville, AR",1,82000,334118,Data Analyst,22.5
AYTECHNOLOGIES LLC,"Chesterfield, MO",1,75000,541511,Ai/Ml Engineer,22.5
Azara Healthcare LLC,"Burlington, MA",1,80000,518210,"Manager, Data Mapping",22.5
"AZEE SYSTEMS, INC","Houston, TX",1,90000,541511,Database Administrator,22.5
AZEND PHARMA LLC,"South Plainfield, NJ",1,77500,54199,Data Administration Engineer,22.5
AZSTAR BUSINESS MANAGEMENT CO,"Sunny Isles Beach, FL",1,56784,55111,Market Research Analyst,22.5
AZTRA INC,"Columbus, OH",1,80000,541511,Sap Cloud And Ai Enablement Manager,22.5
AZZURRA SOLUTIONS LLC,"Atlanta, GA",1,70000,54169,Data Analyst,22.5
"B & L Health, Inc.","Brooklyn, NY",1,61000,621399,Marketing Research Analyst,22.5
B Braun US Pharmaceutical Manufacturing LLC,"Bethlehem, PA",1,111514,339112,Sr Quality Analyst - Qs,27.4
"B&F REALTY, LLC","Charlotte, NC",1,,531210,Operations Research Analyst,22.5
B&H Photo and Electronics Corp.,"New York, NY",1,82763,518210,Statistical Analyst,22.5
B2SPRO,"Novi, MI",1,,541519,Management Analyst,22.5
"BA Gold Enterprises, Inc.","New York, NY",1,,458310,Optimization Analyst,22.5
Babar Investment Inc,"Zanesville, OH",1,62795,721110,Database Administrator,22.5
"Babcock & Wilcox Enterprises, Inc.","Akron, OH",1,122803,332410,Oracle Ebs Manufacturing Analyst,30.0
Babel Invest LLC,"North Bergen, NJ",1,,523940,Data Analyst,22.5
"Bacardi-Martini, Inc.","Coral Gables, FL",1,95060,312140,"Senior Analyst, Data Visualization",23.6
"Backstage Technology, Inc.","New York, NY",1,,518210,Operations Analyst,22.5
"Backstroke, Inc.","Indianapolis, IN",1,180000,518210,Director Of Ai And Data Science,43.0
Badger Paperboard Inc.,"Fredonia, WI",1,89690,322211,Business Analyst,22.5
"BAIK BRANDS, INC","Dallas, TX",1,,456120,Business Intelligence Analyst,22.5
Baim Institute for Clinical Research,"Boston, MA",1,87600,541715,Biostatistician I,22.5
BAJRANG ENTERPRISE INC,"Collinsville, IL",1,60000,72111,Database Administrator,22.5
BakerRipley,"Houston, TX",1,52000,624190,Junior Business Analyst,22.5
Bakeshop VA Corporation,"Arlington, VA",1,,311811,Market Research Analyst,22.5
Bakka Group LLC,"Bristow, VA",1,79186,541330,Data Analyst,22.5
Balchem Corporation,"Montvale, NJ",1,111966,325998,Business Intelligence Engineer,27.5
BallCorps LLC,"Madison, AL",1,65000,711211,Marketing Analyst,22.5
"Baltimore Aircoil Company, Inc.","Jessup, MD",1,98571,33241,Technical Business Analyst - Marketing,24.4
"Baltimore Washington Medical Center, Inc.","Glen Burnie, MD",1,68000,622110,Clinical Data Analyst,22.5
Bambu Systems LLC,"West Palm Beach, FL",1,70000,522320,Computer Systems Analyst,22.5
Banco do Brasil SA-New York Branch,"New York, NY",1,151500,522299,Sr. Business Analyst,36.5
Banco Itau International,"Miami, FL",1,280000,522110,Corporate Strategy & Business Intelligence Specialist,47.5
Bangor Savings Bank,"Bangor, ME",1,73000,522120,Data Engineer,22.5
BankUnited N.A.,"Miami Lakes, FL",1,157480,521110,Senior Data Engineer,37.8
Bapa Krupa Inc,"St Marys, PA",1,71698,722513,Business Analyst/Project Manager,22.5
Baptist Health Group,"Little Rock, AR",1,,622110,Market Research Analyst,22.5
Bariendo Florida LLC,"Miami, FL",1,125000,621610,Business Intelligence Analyst,30.5
Barking Labs Corp.,"New York, NY",1,81000,459910,Data Analyst,22.5
Barklays Logistics Inc.,"College Point, NY",1,,488510,Market Research Analyst,22.5
"Barntools, LLC","Urbandale, IA",1,78000,3331,Information System Management Analyst,22.5
"BARON CAPITAL, INC.","New York, NY",1,100000,523940,Research Associate,24.8
"Barrington Media Group, LLC","Shelton, CT",1,70881,541810,Senior Media Analyst,22.5
Barry Callebaut USA LLC,"Chicago, IL",1,68538,31135,"Analyst, Logistics",22.5
"Barry-Wehmillier Companies, Inc.","St. Louis, MO",1,143707,333993,Database Administrator,34.7
Bartholomew County Rural Electric Membership Corporation,"Columbus, IN",1,57096,221122,Data Analyst,22.5
BASE Automation Inc.,"Fort Mill, SC",1,87000,541511,Business Analyst,22.5
BASF Agricultural Solutions US LLC,"Florham Park, NJ",1,107827,325110,Master Data Analyst,26.6
BASIC CARBIDE CORP.,"Sutersville, PA",1,68000,333511,Market Research Analyst,22.5
"Basis Global Technologies, Inc","Chicago, IL",1,135000,541830,Data Scientist,32.7
Bastian Solutions LLC,"Carmel, IN",1,105000,333922,Machine Learning Engineer Ii,25.9
"BASYS Processing, Inc.","Lenexa, KS",1,72000,522320,Data Engineer,22.5
"Bath & Body Works Brand Management, Inc.","Columbus, OH",1,63003,456120,"Analyst, Marketing",22.5
"Bath & Body Works Logistics Services, LLC","Columbus, OH",1,107200,456120,Supply Chain Data Applications Engineer,26.4
BAUER Foundation Corp,"Odessa, FL",1,115863,2381,Data Field Engineer,28.4
Bawak IT Consultancy Group LLC,"Baton Rouge, LA",1,135000,518210,Data Engineer,32.7
Baxalta US Inc.,"Bannockburn, IL",1,86940,33911,Data Visualization & Analytics Engineer,22.5
"Bay State Community Services, Inc.","Quincy, MA",1,,8133,Human Resources Information Systems Analyst,22.5
BAYAM GROUP INC,"New York, NY",1,79789,458310,Marketing Analyst,22.5
Baylor University Medical Center,"Dallas, TX",1,105347,6221,Biostatistician Ii,26.0
Bayport Polymers LLC,"Pasadena, TX",1,115000,3251,Senior Sap S/4 Hana Security & Application Support Analyst,28.2
Bazis Americas LLC,"Naperville, IL",1,49000,541613,Market Research Analyst,22.5
BBC International LLC,"Boca Raton, FL",1,69000,424340,Technical Business Data Analyst & Project Manager,22.5
BBC Studios Americas Inc.,"New York, NY",1,120000,519110,"Senior Manager, Business Intelligence & Yield",29.3
"BBDO USA, LLC","New York, NY",1,85000,541810,Analyst,22.5
"BC Services Holding, LLC","Cincinnati, OH",1,110000,541512,Senior Consultant/Analyst,27.0
BCforward Razor LLC,"Indianapolis, IN",1,,54151,Gpa Data Analyst/Tableau Developer,22.5
BCG GLASS INDUSTRY  INC.,"New York, NY",1,,238150,Management Analyst,22.5
"Bcoz, Inc","Eagan, MN",1,71302,455219,Business Analyst,22.5
"BCT Partners, LLC","East Brunswick, NJ",1,125000,541611,Senior Data Analyst,30.5
BDSJ Tech Corp,"New Hyde Park, NY",1,,541511,Database Administrator,22.5
BDSN INTERNATIONAL INC,"Jersey City, NJ",1,93000,541511,Database Migration Specialist,23.2
"BDT Capital Partners, LLC","Chicago, IL",1,225000,523110,"Vp, Data Analytics & Development",47.5
Be Bold Furniture LLC,"Houston, TX",1,60000,449110,Data Analyst,22.5
"Be Me Health, Inc.","Surfside, FL",1,104000,518210,Data Scientist,25.7
Beacon Platform Incorporated,"New York, NY",1,95500,541511,Strategy & Operations Associate Analyst,23.8
BEACON PRODUCTS INC.,"New York, NY",1,,42399,Business Intelligence Analyst,22.5
Beacon Tech Inc.,"Boston, MA",1,154066,541511,Director Of Data Science,37.1
BeaconMedaes LLC,"Rock Hill, SC",1,123656,333912,"Product Owner, Mgs Data Architecture And Applications",30.1
"Bearded Guys, LLC","Dallas, TX",1,108000,81112,Operations Analyst,26.6
Beat Capital Partners Services LLC,"Charlotte, NC",1,92700,5239,Data Architect,23.1
"BeauTech Power Systems, LLC","Dallas, TX",1,100000,532411,Data Engineer,24.8
"BEAUTEERS, LLC","New York, NY",1,,456120,Business Analyst,22.5
BEAUTY GEM INC.,"New York, NY",1,,423940,Supply Chain Analyst,22.5
Bebeang Inc.,"Bayside, NY",1,,455219,Market Research Analyst,22.5
"Bedabox, LLC","Ft. Lauderdale, FL",1,135000,488991,Senior Analyst Of Operations Analytics,32.7
Beebow Education LLC,"Watertown, MA",1,,611710,Market Analyst,22.5
Beginnings Credit Union,"Ithaca, NY",1,113000,522130,Business Intelligence Manager,27.7
"Beiersdorf, Inc.","Stamford, CT",1,87569,325620,Commercial Excellence Analyst,22.5
Belhaven University,"Jackson, MS",1,50502,611310,Admission And Data Specialist,22.5
"Beliv US, LLC","New Orleans, LA",1,66000,3121,Supply Chain Performance Analyst,22.5
"Bell Systems, Inc","Largo, FL",1,70000,541512,Computer System Analyst,22.5
"Bella Research Group, LLC","Boston, MA",1,110000,541690,Senior Data Analyst,27.0
Bellisio Foods Inc,"Minneapolis, MN",1,139298,3119,Data Insights And Reporting Manager,33.7
Belong Automotive Technology LLC,"Austin, TX",1,124051,33999,Business System Analyst,30.2
Beltway Glazing LLC,"Manassas, VA",1,72000,238150,Market Research Analyst,22.5
Benchmark Digital Partners LLC,"Mason, OH",1,92500,541511,Sr. Customer Service Analyst,23.1
"Bend Health, Inc.","Madison, WI",1,100000,621999,Data Scientist,24.8
"Benecard Services, Inc.","Clifton, NJ",1,55661,524292,Business Informatics Specialist,22.5
"Benefit Harbor, LP","Plano, TX",1,125000,541611,Programmer Analyst,30.5
"Benefitfocus.com, Inc.","New York, NY",1,107105,541512,Data Analyst Iv,26.4
BenefitHub Inc,"Tampa, FL",1,71261,525120,Data Analyst And Visualization Engineer,22.5
Benefits Data Trust,"Philadelphia, PA",1,129000,81341,Data Engineer,31.4
BeneSys Inc.,"Troy, MI",1,99965,54151,Data Architect,24.8
"Bennsys Solutions, LLC","Johns Creek, GA",1,89877,541511,Azure Data Engineer,22.5
BentallGreenOak Real Estate Advisors LP,"New York, NY",1,75000,523940,Market Research Analyst,22.5
Benten Technologies Inc.,"Manassas, VA",1,84000,541511,Programmer Analyst,22.5
Bentley University,"Waltham, MA",1,102000,611310,"Senior Business Systems Analyst, Data Analytics & Reporting",25.2
Bepharm Scientific Inc,"Buffalo Grove, IL",1,,424690,Database Administrator,22.5
Berik Inc,"New York, NY",1,73590,53131,Management Analyst,22.5
"Berkley Technology Services, LLC","Urbandale, IA",1,96304,52429,Data Engineer,23.9
"Bernstein, Shur, Sawyer & Nelson, P.A.","Portland, ME",1,75737,541110,It Business Analyst,22.5
BESAEL CORPORATION,"Brooklyn, NY",1,,446110,Database Analyst,22.5
"Best Doctors Insurance Services, LLC","Miami, FL",1,169200,524114,Chief Data Officer,40.5
"Best Value Distributors, Inc.","Chicago, IL",1,93974,424990,Data/Operations Analyst,23.4
Best Value Employer HoldCo Inc.,"Sarasota, FL",1,95850,541611,Senior Data Analyst,23.8
"BESTEX RESEARCH GROUP, LLC","Stamford, CT",1,85000,5415,Marketing Analyst,22.5
"BestPPL Technologies, Inc","Addison, TX",1,92040,541512,Cloud Data Platform Engineer,23.0
Beta Eight Inc.,"Springfield, IL",1,61000,541511,Data Scientist,22.5
Beta Software Technologies,"Glenside, PA",1,,54151,Business Analyst,22.5
"Beta Technologies, Inc.","South Burlington, VT",1,87125,336411,Data Engineer,22.5
"Betenbough Companies, PBC","Lubbock, TX",1,61526,23611,Marketing Data Scientist,22.5
Betfair Interactive US LLC,"New York, NY",1,110000,713290,Market Insights And Research Senior Analyst,27.0
"Beth Israel Deaconess Health, Inc.","Cambridghe, MA",1,172286,5511,"Director, Dataops And Core Data Services",41.2
"Beveridge & Diamond, P.C.","Washington D.C., DC",1,125000,541110,Legal Enterprise Applications Analyst,30.5
Beyond Blueprint labs LLC,"Hoboken, NJ",1,,541613,Marketing Analyst,22.5
"Beyond International Management, LLC","Houston, TX",1,54000,561110,Market Research Analyst,22.5
BEYOND SCRIPTS LLC,"Mckinney, TX",1,91000,541511,Database Analyst,22.7
BeyondTrust Corporation,"Johns Creek, GA",1,155000,513210,Senior Data Engineer,37.3
BGI Group Inc.,"Marietta, GA",1,88000,3371,Data Analyst,22.5
Bgin Management LLC,"Omaha, NE",1,,541512,Computer Systems Analyst,22.5
BGS Transport LLC,"Cypress, TX",1,56555,484121,Database Administrator,22.5
"BGSF Professional, LLC","Plano, TX",1,,541690,Senior Systems Analyst/Programmer,22.5
"BGV Services, LLC","Winter Garden, FL",1,44928,53211,Market Research Analyst,22.5
"Bhattarai-Diemer Group, LLC","Wichita, KS",1,36234,524210,Market Research Analyst And Marketing Specialist,22.5
BHG Holdings LLC,"Dallas, TX",1,73949,621420,Business Intelligence Data Engineer,22.5
BHI Energy Services LLC,"Weymouth, MA",1,74256,221113,Payroll Data Analyst,22.5
Bhrius Inc.,"Farmington Hills, MI",1,94000,541511,Sap Analyst,23.4
BI GALAXY TECHNOLOGIES INC,"Frisco, TX",1,101192,541511,Data Engineer,25.0
BI3 Technologies Inc,"New York, NY",1,100000,541512,Account Director “ Data And Analytics,24.8
"Bianchi USA, Inc.","North Olmsted, OH",1,55000,333517,Digital Marketing Analyst,22.5
BIC Corporation,"Shelton, CT",1,120994,424120,Senior Data Scientist,29.5
"Bicitis Group, Inc","Dover, NJ",1,150000,541511,Senior Programmer/Analyst,36.1
BIF New York Inc.,"Carlstadt, NJ",1,,442110,Market Research Analyst,22.5
Big Analytixs LLC,"Alpharetta, GA",1,70700,51821,"Product Manager, Data Science",22.5
Big B Corporation,"Nashville, TN",1,94515,541715,Ai Engineer,23.5
"Big Data Energy Services, Inc","Houston, TX",1,88566,541511,Senior Business Analyst,22.5
Big Eye Technologies LLC,"Ashburn, VA",1,105997,541990,Data Engineer,26.1
BIG SAVING APPLIANCES INC,"Duluth, GA",1,49379,423620,Pricing Analyst,22.5
"BIG SKY GLOBAL, LLC","Manchester, NH",1,110968,541511,Senior Database Administrator,27.3
Big Taurus Logistics Inc,"Franklin Park, IL",1,80000,488510,Warehouse Lead,22.5
BIGDATA SOLUTIONS INC,"Irving, TX",1,95493,541511,Data Analyst,23.7
"BiggieSmallsBio, Inc.","Cambridge, MA",1,,541714,Machine Learning Specialist  And Entrepreneur In Residence,22.5
BigNorTek LLC,"Dallas, TX",1,67933,541511,Data Analyst,22.5
BigTapp Analytics Inc,"Middletown, DE",1,215000,518210,Data Analytics Practice Leader,47.5
BIJOU NOBLE LLC,"Atlanta, GA",1,63107,4583,Market Analyst,22.5
"Bimbo Bakeries USA, Inc.","Horsham, PA",1,70000,31181,Analyst E-Commerce,22.5
"Bimcon, Inc.","Northville, MI",1,91000,541330,Solution Data Analyst,22.7
BINARY LOGIC IT LLC.,"Sterling, VA",1,81910,541511,Software Quality Assurance Analyst And Tester,22.5
"Biocontrol, LLC","Saint Paul, MN",1,110000,541715,Data Scientist,27.0
"Biomet 3i, LLC","Palm Beach Gardens, FL",1,105331,339112,Market Research Principal Analyst,26.0
Biopeptek Pharmaceuticals LLC,"Malvern, PA",1,65208,3254,Business Analyst,22.5
Biophore Pharma Inc.,"Monmouth Junction, NJ",1,80850,541714,Business Analytics Associate,22.5
"BIORASIS, INC.","Storrs, CT",1,105000,541714,Senior Research Scientist,25.9
BIORBIT LLC,"Lewisville, TX",1,141336,541511,Sap Solution Analyst-4,34.2
"Bioscope.ai, Inc.","Carmel, IN",1,178131,541715,Ai Lead,42.5
"BioTek reMEDys, Inc.","New Castle, DE",1,89752,45611,Business Intelligence Analyst,22.5
BioUrja Advisors LLC,"Houston, TX",1,85000,551114,Business Analyst,22.5
Birch Event Design LLC,"New York, NY",1,80000,541490,Executive Analyst,22.5
"Bisam Facade, Inc.","New York, NY",1,,423330,Organizational Development And Management Analyst,22.5
Biscayne Cabinetry Inc.,"East Windsor, NJ",1,,44912,Supply Chain Analyst,22.5
Bismillah Of USA Inc.,"Marianna, FL",1,,-4445,Business Intelligence Analyst,22.5
"bit-x-bit, LLC","Pittsburgh, PA",1,75000,56141,Ediscovery Data Analyst,22.5
Bitbyte Solutions LLC,"Sterling, VA",1,93974,541511,Power Bi Specialist,23.4
BITECH INC,"Novi, MI",1,98675,541511,Senior Data Analyst,24.5
Bitemetric Inc,"Randolph, NJ",1,,541613,Business Analyst,22.5
Bitflow Group,"Chantilly, VA",1,109782,541511,Business Analyst,27.0
Bitsoft International Inc,"Naperville, IL",1,95000,541511,Digital Engagement Analyst,23.6
Bixal Solutions Inc.,"Fairfax, VA",1,86087,541613,Market Research Analyst,22.5
Biz Technology Solutions Inc.,"Mooresville, NC",1,128232,541511,Senior Software Analyst,31.2
"BizBuilder, Inc.","Miami, FL",1,140000,513210,Chief Ai Technologist,33.9
BizTech Solutions Inc.,"The Woodlands, TX",1,90000,541512,Sap Analyst,22.5
"Black Duck Software, Inc.","Burlington, MA",1,139477,541511,Business Analyst,33.7
Black Lake Investments LLC,"Shorewood, MN",1,185000,523940,Chief Technology Officer / Head Of Data Science,44.1
BLACK TORO LLC,"Miami, FL",1,,5239,Business Analyst,22.5
BLACK WOLF SERVICES Inc,"Triangle, VA",1,82098,811121,Computer System Analyst,22.5
Blackinn LLC,"Oakland, NJ",1,72000,423920,Market And Financial Risk Analyst,22.5
"BlackPearl Technology, Inc.","The Woodlands, TX",1,65000,3359,Marketing Analyst,22.5
"Blazneize IT Consulting, Inc.","Sayreville, NJ",1,90000,541511,Data Analyst,22.5
BLI International Inc.,"Deer Park, NY",1,76877,424210,Market Research Analyst,22.5
"Blinds To Go (U.S.), Inc.","Paramus, NJ",1,100000,337920,Senior Marketing Analyst,24.8
BlocPower LLC,"New York, NY",1,220000,541330,Data Lead,47.5
BLOCS LLC,"Beltsville, MD",1,70000,541511,Database Administrator I,22.5
"Blu Dot Design & Manufacturing, Inc.","Minneapolis, MN",1,111924,4421,Sr. Data Engineer,27.5
"BluB0X Security, Inc.","Andover, MA",1,102857,56162,Data Scientist - Ai & Computer Vision (Physical Security),25.4
Blue Bird Body Company,"Macon, GA",1,75774,3361,Database Analyst,22.5
BLUE COMMERCE INC.,"Linden, NJ",1,,493110,Logistics Analyst,22.5
Blue Cross Blue Shield of Alabama,"Birmingham, AL",1,101837,524114,Senior Application System Analyst / Programmer,25.2
Blue Cross Blue Shield of North Carolina,"Durham, NC",1,140143,524114,Sr. Data Engineer,33.9
"Blue Labs Analytics, Inc.","Washington, DC",1,85000,541611,Data Analyst,22.5
Blue Ocean Property Management LLC,"Allston, MA",1,54766,53131,Marketing Analyst,22.5
"Blue Ribbon Taxi Association, Inc.","Chicago, IL",1,94000,485310,Data Analyst,23.4
"Blue Screen Solution, LLC","Suwanee, GA",1,84864,5415,Operations Analyst,22.5
Blue Wave AI Labs,"Naples, FL",1,99760,541715,Senior Ai Engineer,24.7
Blue Whale Logistics Corp.,"Bensenville, IL",1,48000,541614,Logistics Analyst,22.5
"BLUEBINARIES ENGINEERING AND SOLUTIONS, INC.","Troy, MI",1,86000,541512,Computer Systems Analyst,22.5
Bluefield Research LLC,"Boston, MA",1,74090,541910,Data Analyst,22.5
Bluefox Technologies LLC,"Piscataway, NJ",1,,54151,Google Cloud Data Engineer,22.5
"BLUEGENAI, INC","Leesburg, VA",1,67850,541511,Business Analyst,22.5
BLUEGREEN TECHSOLUTIONS LLC.,"Frisco, TX",1,91562,541511,Computer Systems Analyst,22.9
BlueLabs Inc.,"Washington, DC",1,132300,541611,"Associate Director, Data Science",32.1
"BlueMapleIT, LLC","Charlotte, NC",1,91565,541511,Computer Systems Analyst,22.9
"BlueMark, PBC","New York, NY",1,80000,523940,"Senior Analyst, Impact Investing",22.5
BlueMax Partners Corp.,"Miami, FL",1,83000,541219,Senior Business Intelligence Analyst,22.5
"Bluemercury, Inc.","Johns Creek, GA",1,95000,45511,Crm Analyst,23.6
Blueoriginitstaffing LLC,"Liberty Hill, TX",1,92914,541511,Business Analyst,23.2
Blueridge Technology Solutions LLC,"Duluth, GA",1,105747,541511,Data Engineer,26.1
BlueRISC Inc,"Amherst, MA",1,115000,541512,Machine Learning Engineer,28.2
BlueRock Therapeutics LP,"Cambridge, MA",1,230000,541714,"Director, Biostatistics",47.5
Bluesky Hospitality Solutions LLC,"Uniondale, NY",1,86000,721110,Machine Learning Engineer,22.5
"BLUESNAP, INC.","Waltham, MA",1,129000,541519,Principal Bi Data Analyst,31.4
"Bluestar Systems, Inc.","Woodbridge, VA",1,98430,541511,Quality Assurance Analyst,24.4
Bluestone IT Solutions Inc,"Monroe Township, NJ",1,90100,541512,Data Engineer,22.5
blueStone Staffing Solutions,"Deer Park, IL",1,,54133,Data Analyst,22.5
Bluevine Inc.,"Jersey City, NJ",1,148469,522299,Revenue Analytics Manager,35.8
BlueWave Public Benefit Corp.,"Boston, MA",1,120000,221114,"Data Architect, Investments",29.3
Bluewayz Corporation,"Cleveland, OH",1,61069,423430,Cloud Devices Analyst,22.5
Blueworks Technologies Inc,"Sterling, VA",1,97864,541511,Business Analyst,24.3
BlupaceUS LLC,"Manassas, VA",1,89024,541511,Business Analyst,22.5
BMG Rights Management (US) LLC,"New York, NY",1,128580,51223,Data Engineer,31.3
"BMW Manufacturing Co., LLC","Greer, SC",1,108826,3361,Enterprise Data Scientist,26.8
BN Associates Inc,"Herndon, VA",1,79000,541511,Data Analyst,22.5
"Board Americas, Inc.","Boston, MA",1,77459,541511,Product Support Specialist (L3 Analyst),22.5
Board of Trustees of Community College District 508,"Chicago, IL",1,83000,611210,Senior Data Strategist,22.5
Board of Water and Sewer Commissioner of the City of Mobile,"Mobile, AL",1,73986,221310,Gis Analyst Ii,22.5
"Bob Evans Restaurants, LLC","New Albany, OH",1,75000,722511,Data Engineer,22.5
"BoConcept of New Jersey, LLC","Paramus, NJ",1,85000,44211,Contact Database Administrator,22.5
BOK Financial Corporation,"Tulsa, OK",1,135000,551112,Technical Analyst Iv,32.7
Bolang 888 LLC,"Iowa City, IA",1,47466,7225,Operations Research Analyst,22.5
"Bold Consulting Services, LLC","Dallas, TX",1,63003,541613,Digital Marketing Analyst,22.5
"Bold Orange Company, LLC","Minneapolis, MN",1,82500,541613,Business Intelligence Developer,22.5
Bold Penguin Inc.,"Columbus, OH",1,205000,513210,Staff Data Engineer,47.5
Bold Penguin Incorporated,"Columbus, OH",1,197900,513210,Senior Data Engineer,47.0
"BOMAG Americas, Inc.","Ridgeway, SC",1,73944,33312,Service & Solutions Business Analyst,22.5
Bombas LLC,"New York, NY",1,115000,448150,"Integration Analyst, Business Systems",28.2
Bomie LLC,"New York, NY",1,,541613,Data Analyst,22.5
Bonadio & Co. LLP,"Pittsford, NY",1,80000,541211,Senior Data Analyst,22.5
BONbLOC Inc.,"Edison, NJ",1,126381,541519,"Dir. Tech. Architecture “ Blockchain, Ai & It Mode",30.8
"Bonjoy, LLC","The Woodlands, TX",1,180000,541512,Operations Research Analyst,43.0
"Boostr, Inc.","New York, NY",1,89586,541511,Analytics Manager (Data Solutions),22.5
"Boraam Industries, Inc.","Mundelein, IL",1,,423210,Database Administrator,22.5
"Bordo AI, LLC","Chesterfield, MO",1,318000,541511,"Lead Engineer, Ai & Research",47.5
BorgWarner Inc.,"Auburn Hills, MI",1,95826,3363,Data Science Engineer,23.8
"BorgWarner Ithaca, LLC","Auburn Hills, MI",1,99819,336330,Systems & Data Analyst,24.7
"BorrowWorks, LLC","Fort Worth, TX",1,98000,511210,Product & Senior Business Analyst,24.3
"BOS Framework, Inc.","Brentwood, TN",1,132000,541511,Cloud Data Scientist And Engineer,32.0
BOSCH SECURITY SYSTEMS LLC,"Farmington Hills, MI",1,118779,334290,"Software Engineer, Machine Learning",29.0
Bossen New Materials Corp.,"Calhoun, GA",1,72530,326199,Data Scientist - Quality Control Systems,22.5
Boston Beer Corporation,"Boston, MA",1,155000,312120,Senior Bi Data Engineer,37.3
Boston Capital Investment Club Corp,"Winchester, MA",1,,523910,Strategic Business Analyst,22.5
"Boston Dynamics AI Institute, LLC","Cambridge, MA",1,185000,541715,Machine Learning Engineer,44.1
Boston Electrometallurgical Corporation,"Woburn, MA",1,94000,331110,Business Systems Analyst,23.4
"Boston Globe Media Partners, LLC","Boston, MA",1,54766,51311,Product Data Analyst,22.5
Boston Harbor Consulting LLC,"Boston, MA",1,160000,541511,Lead Functional Analyst,38.4
"Boston Healthcare for the Homeless Program, Inc.","Boston, MA",1,99091,621498,Systems Analyst,24.6
"Boston Innovation and Investment Group, LLC","Natick, MA",1,,541714,Business Intelligence Analyst,22.5
Boston Institute of Biotechnology LLC,"Southborough, MA",1,90000,541714,Business Intelligence Analysts (00083402),22.5
"Boston Portfolio Advisors, Inc.","Boca Raton, FL",1,92000,541611,"Data Analyst & Sql, Python Developer",23.0
Boston Public Health Commission,"Boston, MA",1,,92312,Statistician,22.5
"Boston Senior Home Care, Inc.","Boston, MA",1,67012,621610,Logistics Analyst,22.5
BOSTONREN LLC,"Boston, MA",1,90230,624190,Business Analyst,22.6
Botify Corporation,"New York, NY",1,100000,518210,Search Data Strategist,24.8
Boto3 Inc,"New York, NY",1,80059,541511,Senior Business Analyst,22.5
"Bottega Veneta, Inc","New York, NY",1,77434,448140,Retail Business Analyst,22.5
"Bottom Line Systems, LLC","Franklin, TN",1,220000,541614,Senior Data Scientist,47.5
BOUMEL ENTERPRISES LLC,"Croton On  Hudson, NY",1,,5313,Data Analyst,22.5
Boviet Solar Technology (North Carolina) LLC,"Greenville, NC",1,60000,221114,Operations Research Analyst,22.5
"Bowhead Underwriting Services, Inc.","New York, NY",1,185000,524298,Lead Data Engineer,44.1
Bowling Green State University,"Bowling Green, OH",1,61200,611310,Business Intelligence Analyst,22.5
"Bowsher Information Systems, Inc.","Pleasant Plains, IL",1,110000,541511,Software Developer (Business Intelligence),27.0
BoxC Logistics Inc.,"New York, NY",1,165000,541614,Business Development And Marketing Analyst,39.5
Boxlight Corporation,"Duluth, GA",1,56497,33429,Business Analyst,22.5
BOXMICA LLC,"Melbourne, FL",1,,518210,Geographic Information System Analyst,22.5
Boyd Watterson Asset Management LLC,"Cleveland, OH",1,124999,531390,Data Governance Specialist,30.5
"BOZZUTO & ASSOCIATES, INC.","Greenbelt, MD",1,105000,53139,Data Engineer,25.9
"BQE Industries, Inc.","Woodside, NY",1,76000,236220,Management Analyst,22.5
"Braceman P & O, Inc.","Chicago, IL",1,48000,621399,Market Research Analyst,22.5
"Bradley Media Holdings, Inc. (on behalf of National Journal Group, LLC)","Washington, DC",1,55000,541613,Social Impact And Reputational Risk Analyst,22.5
"Brady Martz & Associates, P.C.","Grand Forks, ND",1,62863,541219,Data Analytics And Automation Specialist,22.5
BRAINDO LLC,"Philadelphia, PA",1,116646,541613,Data Product Owner,28.6
Brainer Inc.,"Orlando, FL",1,60000,54161,Management Analyst,22.5
Brainlabs Digital Inc.,"Bloomington, IN",1,95400,5418,Data Scientist,23.7
"BrainRidge Consulting USA, Inc.","New York, NY",1,110000,541512,Business Analyst,27.0
BrainScope Company Inc.,"Chevy Chase, MD",1,,334510,Principal Biomedical Database Manager,22.5
BRAINWAVE LABS LLC,"Metuchen, NJ",1,101000,541511,Business Analyst,25.0
"BrainWaves Digital, LLC","Austin, TX",1,85384,541519,Ai/Ml Engineer,22.5
BrainyMed Inc.,"Odessa, TX",1,70000,541512,Computer Systems Analyst,22.5
Brake Parts Inc LLC,"Cleveland, OH",1,130000,33639,Business Analyst - Oracle Manufacturing,31.6
Branch Messenger Inc.,"Tampa, FL",1,216000,541511,Director Of Revenue Analytics & Insights,47.5
"BranchLab, Inc","New York, NY",1,170000,541511,Director Of Data Science,40.7
Brand 804 LLC,"Manassas, VA",1,79000,458110,Data Analyst - E-Commerce & Market Trends,22.5
Brand Indicators LLC,"Brighton, MI",1,73445,541690,Computer System Analyst,22.5
"Brand New Media, LLC","Newtown, PA",1,56000,541611,Data Scientist,22.5
"BRAND PROGRAMMING NETWORK, LLC","New York, NY",1,105000,541830,"Manager,  Analytics",25.9
BRANDING BRAND INC.,"Pittsburgh, PA",1,125000,541511,Sr. Analytics Consultant,30.5
"BrandSafway Shared Services, LLC","Atlanta, GA",1,138000,238990,"Manager, Market Analytics",33.4
"Brandt Information Services, LLC","Tallahassee, FL",1,100000,54161,Business Analyst,24.8
"Braskem America, Inc.","Philadelphia, PA",1,135000,325211,Research Specialist,32.7
"Braviant, LLC","Chicago, IL",1,165000,522291,Database Engineering Manager,39.5
BRAZIL CENTER MARKET LOCAL CORP,"Margate, FL",1,63690,445110,Operations Research Analysts,22.5
Bricklayer AI Inc.,"Mclean, VA",1,135000,541690,Ai Architect & Data Scientist,32.7
Brickworks North American Corporation,"Wyomissing, PA",1,70000,327331,"Analyst, Sales",22.5
BRIDGE FLAIR LLC,"Irving, TX",1,,541511,Sql Server Database Administrator,22.5
"BridgeCare Technologies, Inc.","Dallas, TX",1,58386,54199,Marketing Analyst,22.5
"BridgeNext CX, Inc.","Atlanta, GA",1,82139,541512,Digital Marketing Analyst,22.5
"BridgeSource Solutions, LLC","Clearwater, FL",1,90854,541511,Gis Analyst,22.7
Bridgetown Research Inc.,"Wilmington, DE",1,240000,541511,Chief Research Scientist,47.5
BRIGHT BITS INC,"Macungie, PA",1,112000,541511,Business Analyst,27.5
"Bright Health Management, Inc.","Minneapolis, MN",1,165000,524114,Senior Oracle Business Analyst,39.5
BRIGHT IT INC,"Columbus, OH",1,,541511,Business Analyst,22.5
"Bright Power, Inc.","New York, NY",1,80850,541690,Data Engineer,22.5
"Brightcore Energy, LLC","Armonk, NY",1,115000,541690,Sr. Business Development Analyst,28.2
"Brightcove, Inc.","Boston, MA",1,121800,513210,Staff Global Revenue Operations Analyst,29.7
Brightin LLC,"Washington, DC",1,55000,541614,Marketing Analyst,22.5
"BRIGHTLY SOFTWARE, INC.","Cary, NC",1,167877,513210,Principal Data Engineer,40.2
BrightNight Management Co LLC,"West Palm Beach, FL",1,96000,22111,It Analyst,23.9
"Brightspeed of Eastern Texas, Inc.","Charlotte, NC",1,71677,517111,"Analyst, Engineering And Construction",22.5
"BrightView Companies, LLC","Blue Bell, PA",1,97000,541320,"Business Analyst, It",24.1
Brimar LED LLC,"Lale Forest, IL",1,,423690,Market Research Analyst,22.5
"Brisk Pharmaceuticals, LLC","Richardson, TX",1,125008,32541,Business Development Analyst,30.5
Bristow Group Inc.,"Houston, TX",1,130000,481211,It Sap Analyst - Financial Systems,31.6
BriteCo Inc.,"Evanston, IL",1,76285,513210,Market Research Analyst,22.5
"BRIXCEL, INC","Richardson, TX",1,85500,541511,Senior Business Analyst,22.5
Broad Horizon Group LLC,"Medford, MA",1,,541690,Business Data Analyst,22.5
Broad Peak Systems Inc,"King Of Prussia, PA",1,70000,541511,Data Analyst,22.5
Broadband Office Solutions LLC,"Great Neck, NY",1,70000,518210,Systems And Process Analyst,22.5
"BroadPeak Partners, LLC.","Rochester, NY",1,81910,541511,Technical Analyst,22.5
Broadtrade Group Inc,"New York, NY",1,75000,23622,Marketing Research Analyst,22.5
Broadway Electric Service Company LLC,"Knoxville, TN",1,75000,238210,Business Analyst,22.5
"Bronson Health Care Group, Inc.","Kalamazoo, MI",1,76175,622110,Business Intelligence Developer I,22.5
BROOK CONSULTANTS INC.,"Plano, TX",1,,541512,Statistical Analyst,22.5
"Brookdale Employee Services - Corporate, LLC","Brentwood, TN",1,116438,623312,It Data Engineer Iv,28.5
Brookfield Power US Asset Management LLC,"New York, NY",1,71750,22111,Data Analyst,22.5
Brooklyn Laboratory Charter School,"Brooklyn, NY",1,85000,611110,Data & Analytics Manager,22.5
"Brooklyn Staffing, LLC","Brooklyn, NY",1,67850,561311,Operations Research Analyst,22.5
"Brooks & DeRensis, P.C.","Boston, MA",1,,541110,Inventory Analyst,22.5
Brothers Pharmacy Inc.,"Flint, MI",1,69000,456110,Business Analyst,22.5
"Brown & Brown RS Insurance Services, LLC","Atlanta, GA",1,91000,524210,Senior Modeling Analyst,22.7
Brown LLC,"Jersey City, NJ",1,72000,541110,Market Research Analyst,22.5
BROWSE INFO SOLUTIONS INC,"Canton, MI",1,105061,541512,Bi Engineer,25.9
Bruin Xpress Inc,"South Holland, IL",1,81370,541614,Business Analyst,22.5
BRUKER OST LLC,"Carteret, NJ",1,105267,541990,It Business Analyst & Developer (Software Developer),26.0
"Brundage Management Company, Inc.","San Antonio, TX",1,80050,551114,Risk Analyst,22.5
Brunswick Engineering PLLC,"East Windsor, NJ",1,62400,54199,Data Analyst,22.5
BrunswickEngg PLLC,"East Windsor, NJ",1,62400,54199,Data Analyst,22.5
Bryant University,"Smithfield, RI",1,83500,611310,Institutional Data And Research Analyst,22.5
Bryce Enterprise LLC,"Chantilly, VA",1,79186,531312,Management Analyst,22.5
BRYZE TECH LLC,"Schaumburg, IL",1,100000,541511,Data Engineer,24.8
"BSI3 Menu Buyer, Inc","Atlanta, GA",1,77750,541511,Data Analyst,22.5
BTC CONVERGE BUYER LLC,"New York, NY",1,116699,541810,"Manager, Data & Analytics",28.6
"BTIG, LLC","New York, NY",1,90000,523150,"Engineer, Analyst",22.5
"BTM Global Consulting, LLC","Edina, MN",1,85865,541511,Senior Software Quality Analyst,22.5
"BTS SOFTWARE LABS, Inc.","Troy, MI",1,133245,541511,Business Intelligence Analyst,32.3
Buckingham Mortgage LLC,"Mclean, VA",1,84000,522310,Financial Data Analyst,22.5
"Budge Industries, LLC","Jenkintown, PA",1,60000,314999,Supply Chain Analyst,22.5
BuDhaGirl LLC,"Dallas, TX",1,92040,454110,Director Of Business Analytics And It,23.0
Buffalo Wire Works Co. Inc.,"Buffalo, NY",1,,541330,Supply Chain Analyst,22.5
"Buidl Labs, Inc.","Brooklyn, NY",1,124000,518210,Machine Learning Engineer Ii / Ceo,30.2
BUILDERS DEPOT DIRECT,"Houston, TX",1,,236220,Technical Analyst,22.5
Building Markets Ltd.,"Brooklyn, NY",1,,541720,Data Analysis Statistician,22.5
"BuildingLink.com, LLC","New York, NY",1,82784,53131,Product Analyst,22.5
BuildLead Analytics Corp.,"Potsdam, NY",1,75379,541613,Analytics Specialist,22.5
Buka Derm Management LLC,"Long Island City, NY",1,80000,621111,Biostatistician,22.5
"Bulldog Medical, Inc.","Albany, NY",1,75000,561110,Business Intelligence Associate,22.5
"Bullhorn, Inc.","Boston, MA",1,126764,5132,Senior Data Engineer,30.9
Bullwhip Technologies LLC,"Dobbs Ferry, NY",1,120000,513210,Data Engineer,29.3
BURGEON IT SERVICES LLC,"Wilmington, DE",1,140000,541511,Program Manager - Ai & Data Science,33.9
Burger King Company LLC,"Miami, FL",1,125000,722513,"Manager, Data Operations, Bk, Us & C",30.5
Burlington Coat Factory Warehouse Corporation,"Burlington, NJ",1,95000,458110,Application Development Analyst Ii,23.6
"Burns & McDonnell Corporate Services, Inc.","Kansas City, MO",1,137467,551114,Senior Financial Technology Analyst,33.3
Busiapp Corporation,"Morrisville, NC",1,61000,459510,E-Commerce Market Analyst,22.5
BUSINESS AND SUPPORT SERVICES,"Quantico, VA",1,87526,928110,Sql Server Database Administrator,22.5
Business Compliance Inc.,"Forest Hills, NY",1,,541690,Management Analyst,22.5
"Business Environment Scientific Technologies, Incorporated","Park Ridge, IL",1,85363,541511,Software Analyst,22.5
BUSINESS FINANCIAL ZONE INC,"Orlando, FL",1,,5412,Business Analyst,22.5
"BUSINESS INFORMATION TECHNOLOGY SOLUTIONS.COM, INC.","Orlando, FL",1,132246,541511,Business Intelligence (Bi) Developer,32.1
Business Risk Partners,"Windsor, CT",1,109109,52429,Data Analytics And Business Intelligence Lead,26.8
Business Technology Software Solutions Inc.,"Frisco, TX",1,109283,541511,Software Application Developers (Data Engineer),26.9
Busitants Inc,"Providence, RI",1,,541519,Bi/Business Object Report Developer,22.5
Butler County Community Health Consortium,"Hamilton, OH",1,77420,621498,Data Analyst,22.5
"BuzzBallz, LLC","Carrollton, TX",1,80000,312140,Master Data Administrator,22.5
BVB Americas Inc,"New York, NY",1,110000,711320,Market Analyst,27.0
BVKSTEK Solutions LLC,"Tampa, FL",1,81000,541511,Business Analyst,22.5
BWay Corporation,"Atlanta, GA",1,109096,326199,Sql Server Dba Data Warehouse Technical Lead,26.8
BYOT LLC.,"Waco, TX",1,65000,423140,Data Scientist,22.5
"Byrne Dairy, Inc.","Lafayette, NY",1,90000,3115,Application Analyst,22.5
"Byrne Electrical Specialists, Inc.","Rockford, MI",1,80000,334419,Data Analyst,22.5
BYTE WAVE TECHNOLOGIES INC,"Knoxville, TN",1,86000,541511,Azure  Data Engineer,22.5
BYTEFORCE INNOVATIONS INC.,"Edison, NJ",1,104125,54151,Business Analyst,25.7
Bytespeed LLC,"Moorhead, MN",1,107078,541512,Business Intelligence Manager,26.4
BZO Wheel and Tire Distributor LLC,"Houston, TX",1,55000,423130,Supply Chain Analyst,22.5
"C&C RESERVOIRS, INC","Houston, TX",1,86520,541990,Enhanced Oil Recovery (Eor) Report Analyst,22.5
"C&T Information Technology Consulting, Inc","Georgetown, TX",1,91042,541511,Functional Analyst,22.7
C-Star Realty LLC,"New York, NY",1,70000,53131,Research Analyst,22.5
"C. C. Johnson & Malhotra, P.C. (CCJM)","Rockville, MD",1,75982,541330,Database Administrator,22.5
"C.A. Schmidt Leder, Ltd","Grand Prairie, TX",1,68141,424990,Purchasing Systems Management & Analyst,22.5
"C.A.C. INDUSTRIES, INC.","Long Island City, NY",1,136000,236220,Computer Systems Analyst,33.0
C.H Johnson Consulting Inc.,"Chicago, IL",1,115000,541611,Director- Market Research Analyst,28.2
C.O.W.M. INC.,"Chicago, IL",1,69000,424410,Business Analyst,22.5
C2 Global Professional Services LLC,"Mcallen, TX",1,63000,54199,Reporting Analyst,22.5
C2 Imaging LLC,"Jersey City, NJ",1,117600,323111,Senior Business Data Analyst,28.8
C2A Global IT SolutionsLLC,"Austin, TX",1,86320,541511,Software Quality Assurance Analyst And Tester,22.5
CA Consulting LLC,"Chicago, IL",1,90000,523910,Senior Business Insights Analyst,22.5
Cable Matters Inc.,"Southborough, MA",1,108796,454110,Logistics Analyst,26.8
Cablevision Lightpath LLC,"Bethpage, NY",1,130000,51512,Sr System Qa & Test Analyst,31.6
CABOT Corporation,"Boston, MA",1,160036,3259,Data & Analytics Engineer,38.4
CAC America Corporation,"New York, NY",1,125000,541512,Senior Etl Lead,30.5
CAC Auto Group LLC,"Lafayette, IN",1,,441120,Data Analyst,22.5
Cafe Thai Corp.,"Chicago, IL",1,68848,722511,Management Analyst,22.5
Caffe Bn On Northern Inc.,"Jackson Heights, NY",1,,722511,Business Analyst,22.5
CAJA59 LLC,"Flushing, NY",1,80900,512110,Data Scientist,22.5
"Calcguard Technologies, Inc.","Cassopolis, MI",1,,518210,Data Platform Engineer,22.5
Caliber Consulting INC,"Lewisville, TX",1,87173,541511,Database Administrator,22.5
"Calise Partners, LLC","Dallas, TX",1,60000,541810,Marketing Insights Analyst,22.5
"CAM Group USA, Inc.","Hilliard, OH",1,,611430,Market Research Analyst,22.5
Camanoe Associates,"Arlington, MA",1,,541690,Data Scientist,22.5
Cambridge Design Partnership Inc.,"Raleigh, NC",1,139000,541690,Data Scientist,33.6
Cambridge Healthtech Institute Inc,"Needham, MA",1,180000,561920,Principal Data Scientist (00072657),43.0
Camden Homes LLC,"Dallas, TX",1,101000,53131,Database Administrator,25.0
Cameron Electronics,"Marlin, TX",1,43000,423930,Market Research Analyst,22.5
Camillo Properties LTD,"Houston, TX",1,87152,236117,Enterprise Application & Integrations Analyst,22.5
"Camp IHC, Inc.","Equinunk, PA",1,49000,721214,Market Research Analyst,22.5
Campana & Schott Inc.,"New York, NY",1,82763,541512,Data Scientist,22.5
Campbell & Company LP,"Baltimore, MD",1,135000,523940,Data Scientist,32.7
"Campbellsville University, Inc.","Campbellsville, KY",1,43222,611310,Database Support Analyst,22.5
Campero USA CORP,"Dallas, TX",1,85467,7225,People Analytics Coordinator,22.5
CampusAI Holding Inc.,"Tysons, VA",1,111946,541519,Project Manager-Ai Learning Platform,27.5
"Camrise, LLC","Englewood, NJ",1,100000,44921,E-Commerce Data Analyst,24.8
"Canaan Recycling Group, Inc.","Valley Stream, NY",1,,541614,Logistics Analyst,22.5
Canaccord Genuity LLC,"New York, NY",1,150000,523150,"Vice President, Biotechnology Equity Research",36.1
Canam Steel Corporation,"Point Of Rocks, MD",1,,3312,Data Analyst,22.5
"CancerIQ, Inc.","Chicago, IL",1,100000,541714,Data Analyst,24.8
"Candel Therapeutics, Inc.","Needham, MA",1,77210,541714,Clinical Trial Data Associate,22.5
"Canfor Southern Pine, Inc.","Mobile, AL",1,134000,3219,Lead Business Systems Analyst,32.5
Cano Health,"Miami, FL",1,90164,621112,Business Intelligence Analyst,22.5
Cantor Fitzgerald Securities,"New York, NY",1,170000,523120,Research Associate,40.7
"CAP Properties, LLC","Miami, FL",1,60000,236115,Management Analyst,22.5
"Cape Cod Healthcare, Inc.","Hyannis, MA",1,117894,622110,Sr. Analyst Clinical Report Writer,28.8
Capella Software LLC,"Cypress, TX",1,96307,541512,Senior Business Intelligence Analyst,23.9
CapeStart Inc.,"Cambridge, MA",1,200000,541519,"Vice President, Ai Solutions Center",47.5
Capital Cardiology Associates PLLC,"Albany, NY",1,79000,621111,Clinical Research Coordinator,22.5
Capital Gateway Realty LLC,"Lilburn, GA",1,,531210,Market Research Analyst,22.5
CAPITAL INFOTECH INC,"Chantilly, VA",1,140899,541519,Database Administrator,34.1
Capital Region Gaming LLC,"Schenectady, NY",1,85000,713210,Application Analyst,22.5
"Capital Vacations Employee Group, LLC","Myrtle Beach, SC",1,85093,721110,Ssrs & Power Bi Report Developer,22.5
Capital Vision Services LLC,"Vienna, VA",1,148570,62132,Data Conversion Engineer Iii,35.8
"CAPITOL AGGREGATES, INC.","San Antonio, TX",1,75000,32731,Operations Analyst,22.5
Capitol AI Inc.,"Washington, DC",1,140000,513210,Machine Learning Engineer,33.9
Capitol Indemnity Corporation,"Middleton, WI",1,140000,5241,"Team Lead, Business Intelligence",33.9
"Capitol Resources, Inc.","Brooklyn, IA",1,59441,813940,Data Management Specialist,22.5
"Capricorn Advisers, LLC","New York, NY",1,115000,52399,Data Analyst,28.2
Capricorn Systems Inc.,"Tucker, GA",1,109500,541511,Sr. Data Analyst,26.9
"Capsim Management Simulations, Inc.","Aurora, IL",1,55300,51321,Client Relationship Analyst,22.5
"CAPSTONE REAL ESTATE GROUP, INC.","Franklin, TN",1,,5313,Business Intelligence Analyst,22.5
CapstoneUSA LLC,"Farmington Hills, MI",1,,541511,Software Quality Assurance Analyst And Tester,22.5
"CAPTION HEALTH, INC.","Chicago, IL",1,204172,5132,Senior Machine Learning Engineer,47.5
"Captive Resources, LLC","Itasca, IL",1,72000,5242,Data Analyst,22.5
"Captive Software Solutions, Inc.","Omaha, NE",1,90000,541511,Sr. Business Data Analyst,22.5
"Captive-Aire Systems, Inc.","Raleigh, NC",1,149000,332322,Business Intelligence Specialist,35.9
CARAT WORLD INC.,"New York, NY",1,112000,423940,Data Analyst,27.5
Caravela Energy Partners LP,"Darien, CT",1,200000,52399,Senior Energy Data Scientist,47.5
CARD & BEYOND INC,"Englewood Cliffs, NJ",1,,522320,Management Analyst,22.5
CARDIFF TECHNOLOGIES LLC,"Raleigh, NC",1,92000,541511,Software Quality Assurance Analyst,23.0
Cardio Diagnostics Inc.,"Chicago, IL",1,120000,5417,Senior Healthcare Economics Analyst,29.3
CARE,"Atlanta, GA",1,102835,813311,Data Solution Architect,25.4
Care Centrix Pharmacy LLC,"Rockledge, FL",1,,44611,Business Analyst,22.5
Care New England Health System,"Providence, RI",1,81224,622110,Health Services Research Analyst,22.5
Care Petroleum Inc.,"Knoxville, TN",1,73499,324110,Data Analyst And Operations Coordinator,22.5
CARECAM INTERNATIONAL INC.,"Fairfield, NJ",1,,561910,Database Administrator,22.5
CAREER GUIDANT INC.,"Alpharetta, GA",1,61360,541511,Logistics Analyst,22.5
Career West Consulting LLC,"Fort Wayne, IN",1,86100,541511,Technical Business Analyst,22.5
CAREERWAY SERVICES LLC,"Danbury, CT",1,86965,541511,Data Engineer,22.5
"CareServices 173, LLC","Fort Lee, NJ",1,140000,623110,Oracle Cloud Hcm Technical Analyst,33.9
Caresoft Global Technologies Inc,"Livonia, MI",1,61300,541330,Logistics Supply Chain Analyst,22.5
"Caretracker, Inc.","Niagara Falls, NY",1,93170,541512,Senior Quality Assurance Analyst,23.2
"CareValidate, Inc.","Alpharetta, GA",1,200000,513210,Head Of Data & Ai,47.5
CareVet Holdings,"Clayton, MO",1,110000,541940,Revenue Analyst,27.0
"Cargoes US, Inc.","Charlotte, NC",1,126000,488510,Research Scientist 2,30.7
Cargowill LLC,"Romeoville, IL",1,,541614,Computer Systems Analyst,22.5
Carl Zeiss Industrial Quality Solutions LLC,"White Plains, NY",1,108800,334513,Data Analyst,26.8
"Carle Holding Company, Inc.","Champaign, IL",1,,551112,Hamr - Systems Operations & Care Management Analyst,22.5
Carmichael Lynch Inc.,"Minneapolis, MN",1,50523,541810,Marketing Business Intelligence Analyst,22.5
Carnegie Institution of Washington d/b/a Carnegie Institution for Science,"Washington, DC",1,121800,5417,Research Scientist,29.7
Carnegie Software Corporation,"Princeton, NJ",1,95493,541511,Software Engineer (Bi),23.7
Carrols Corporation,"Syracuse, NY",1,70000,72251,Human Resources Business Analyst,22.5
Carter Enterprises LLC,"Brooklyn, NY",1,75400,315210,Management Analyst,22.5
CARVINTECH LLC,"Alpharetta, GA",1,102877,541511,Data Engineer,25.4
"Carzato, LLC","Clearwater, FL",1,120000,541511,Senior Automation Test Analyst,29.3
"Cascala Health, Inc.","Boston, MA",1,140000,513210,Ai Engineer,33.9
"CASE MEDICAL, INC.","Bloomfield, NJ",1,67995,3391,Data Analyst,22.5
"CaseBlink, Inc.","Silver Spring, MD",1,170373,51321,Ceo And Ml Lead,40.8
"Casella Waste Systems, Inc.","Rutland, VT",1,112681,562111,"Bi (Business Intelligence) & Data Warehouse Analyst, Sr.",27.7
Casey's Retail Company,"Ankeny, IA",1,57200,445110,Inventory Analyst,22.5
CASPI GROUP INC,"Washington, DC",1,82680,541890,Junior Data Analyst,22.5
Castellini Company LLC,"Wilder, KY",1,62500,31199,Supply Chain Analyst,22.5
"Castillo Engineering Services, LLC","Maitland, FL",1,51750,541330,Data Analyst,22.5
"Castle Shield Holdings, LLC","Scottsville, VA",1,160100,541519,Director Of Research,38.4
"CastleBridge Consulting, LLC","Tampa, FL",1,83200,541512,Systems Analyst,22.5
"Castrejon, Inc.","Blaine, MN",1,64501,237130,Management Analyst,22.5
"Catalina Business Solutions, Inc","Indianapolis, IN",1,,541511,Senior Etl Developer,22.5
"Catalyst Care Connect, LLC","Plano, TX",1,116100,551112,Sr. Business Intelligence Engineer,28.4
"Catalyst MSO, LLC","Plano, TX",1,80267,541611,Healthcare Economics Analyst,22.5
Catapult Employers Association,"Charlotte, NC",1,71178,813910,Data Analyst,22.5
"Catapult Staffing, LLC","Plano, TX",1,82000,541511,Operations Research Analyst,22.5
"Cathay Holding Group Co, Ltd","Brooklyn, NY",1,79456,541512,Data Analyst,22.5
"Cathay Securities, Inc.","New York, NY",1,56784,523150,Market Research Analyst,22.5
"Catholic Health System, Inc.","Buffalo, NY",1,131127,62211,Hris Application Analyst Naz,31.8
Causify.AI Inc.,"Dover, DE",1,110739,541511,Ai Engineer,27.2
"Cava Mezze Grill, LLC","Washington Dc, DC",1,196040,722511,"Senior Manager, Data Engineering",46.6
CAVALIER WORKFORCE INC,"Jersey City, NJ",1,93000,541519,Software Quality Analyst,23.2
Cave Computer Solutions Inc,"Plano, TX",1,200000,541512,Senior Technical Analyst,47.5
Cavi Consulting,"Richmond, VA",1,78978,541611,Ai And Automation Process Consultant,22.5
Caxton Associates LP,"New York, NY",1,185000,523940,Quantitative Developer (Commodities),44.1
"Cayuga Medical Center at Ithaca, Inc.","Ithaca, NY",1,115000,622110,Data Warehousing Specialist,28.2
"CB Information Services Inc. D/B/A CB, Insights","New York, NY",1,258006,5191,"Director, Data Science",47.5
CBA Business Ally LLC,"Watertown, MA",1,,541611,Digital Marketing Analyst,22.5
"CBI OF MARYLAND, INC.","Silver Spring, MD",1,,522298,Programmer Analyst,22.5
CC ManagementCo LLC,"New York, NY",1,100000,221114,Senior Technical Reporting Analyst,24.8
"CCL Label, Inc.","Framingham, MA",1,144612,561910,Senior It Technical Analyst,34.9
"CCSolTech, LLC.","Leander, TX",1,67288,5415,Data Analyst Ii,22.5
CDF Celebration LLC,"Celebration, FL",1,62462,6111,Education Strategy And Business Analyst,22.5
"CDR Global, Inc","Oklahoma City, OK",1,65000,42393,Market Research Analyst,22.5
"CDS Analytical, LLC","Oxford, PA",1,60000,334516,Business Analyst,22.5
"CDS Global, Inc.","Des Moines, IA",1,135969,518210,Sr Data Engineer,32.9
"CEA Technologies, Inc.","Hanover, MD",1,96000,334511,Operations Research Analyst,23.9
"Cecelia Health, Inc.","New York, NY",1,155000,621999,Data Integration Manager,37.3
Cedar Electronics Holding Corp,"Rolling Meadows, IL",1,60000,53221,Inventory Planning Analyst,22.5
Cedar Lane Pharmacy,"Leonardtown, MD",1,93000,456110,Data Scientist,23.2
Cedar Recovery of Middle Tennessee,"Mount Juliet, TN",1,80000,621420,Data Analyst,22.5
"CEI Physicians, PSC, LLC","Blue Ash, OH",1,118414,621320,Data Analyst,29.0
"Ceia USA, LTD","Hudson, OH",1,103500,334519,Computer Information And Research Scientist,25.6
"CELEBRATION BIDCO, LLC.","Eden Prairie, MN",1,95000,453220,Senior Financial Data Analyst,23.6
CELERALIFE LLC,"St. Charles, IL",1,48610,312112,Marketing Analyst,22.5
Cell Nation Inc.,"Corona, NY",1,60174,517122,Market Research Analyst,22.5
"CELLO CAPITAL MANAGEMENT, LP","New York, NY",1,140000,523920,"Vp, Research And Analytics",33.9
"Celltrion USA, Inc.","Jersey City, NJ",1,100000,424210,Business Analyst,24.8
CELLULAR AND MORE INC,"South Houston, TX",1,64688,51711,Database Administrator,22.5
"Cellular South, Inc.","Ridgeland, MS",1,81483,517112,Marketing Data Analyst,22.5
"CEM Business Solutions, Inc.","Wood Cliff Lake, NJ",1,81099,541512,Systems Analyst,22.5
"Cencora Patient Services, LLC","Conshohocken, PA",1,97000,54169,Data Governance Analyst,24.1
Cenergistic LLC,"Dallas, TX",1,96000,541690,Sales Analyst,23.9
"Center for Children, Inc.","La Plata, MD",1,82000,621330,Health Information And Human Services Data Manager,22.5
Center for Creative Leadership,"Greensboro, NC",1,112212,541720,Data Scientist Ii,27.5
"Centerboard, Inc.","Lynn, MA",1,76378,624190,Database Administrator,22.5
"CENTERLINE BUSINESS SERVICES, LLC","Memphis, TN",1,108000,541611,Business Intelligence Developer,26.6
"CENTESSA PHARMACEUTICALS, LLC","Boston, MA",1,215000,3254,"Assoc. Director / Sr. Manager Data Analyst, Statistical Prog",47.5
Centillion Infotech LLC,"Dallas, TX",1,,541511,Etl / Teradata Developer,22.5
"Centiva Capital, LP","New York, NY",1,160000,523920,Senior Data Engineer,38.4
CENTRAL COMMUNITY COLLEGE,"Grand Island, NE",1,,611210,Institutional Research Analyst,22.5
Central Distro Inc,"Orlando, FL",1,96720,424940,Business Intelligence Analyst,24.0
Central Florida Expressway Authority,"Orlando, FL",1,121576,488490,Senior Database Administrator,29.7
"Central Florida Regional Workforce Development Board, Inc.","Orlando, FL",1,58344,561499,Sql Data Analyst,22.5
Central Methodist University,"Fayette, MO",1,,611310,Applications Analyst,22.5
"Central Steel Group, Inc.","Mount Airy, NC",1,65146,332311,Business Analyst,22.5
"Centralized Management Services, LLC","Nashville, TN",1,113610,541511,Senior Business Intelligence Developer,27.9
Centralplas LLC,"Lagrange, GA",1,80000,326199,Data Analysis Manager,22.5
Century Beauty Group Inc,"New York, NY",1,,812112,Market Research Analyst,22.5
CENTURY GRAND INC,"New York, NY",1,,456110,Business Analyst,22.5
"Century Interactive Company, LC","Dallas, TX",1,215000,5415,"Manager, Data Science And Machine Learning Engineer",47.5
CenturyLink Management Company,"Monroe, LA",1,111250,517112,Lead It Systems Analyst,27.3
"Cerberus Capital Management, L.P.","New York, NY",1,118000,525920,Associate Ai Engineer,28.9
"Cerberus Technology Solutions, LLC","New York, NY",1,200000,525920,"Associate, Data Science - Cts",47.5
"Cercle AI, Inc.","Addison, TX",1,135000,513210,Ml/Ai Engineer,32.7
Cerebrium Inc.,"Willmington, DE",1,100000,513210,Founding Machine Learning Engineer,24.8
"Cerebrum, LLC","Wexford, PA",1,135000,518210,Senior Machine Learning Engineer,32.7
"Ceres USA Holdings, LLC F/K/A Salem Group Holdings, LLC","Shelton, CT",1,175000,551112,Annuity Operations Business Intelligence Lead,41.8
"Ceridian HCM, Inc.","Minneapolis, MN",1,121909,541214,Principal Database Administrator,29.8
"CeriFi, LLC","Alpharetta, GA",1,121640,92311,Lead Database Engineer,29.7
"Certilytics, Inc.","Louisville, KY",1,182000,5182,Data Scientist,43.4
"Certitude Business Solutions llc.,","Scotch Plains,, NJ",1,,541511,Data Scientist,22.5
"Certu Systems, Inc.","Pittsburgh, PA",1,48500,541512,Operations Analyst,22.5
"Cervello Inc., a Kearney Company","Boston, MA",1,184995,541511,Data Architect,44.1
CES Global LLC,"Bolingbrook, IL",1,105976,541511,Etl Talend Developer,26.1
Cesped Global Enterprises,"New York, NY",1,57000,531390,Market Research Analyst,22.5
CEVA Logistics US Inc.,"Houston, TX",1,125000,488510,Global It Product Management – Sap Otc Analyst,30.5
CFCU Community Credit Union,"Ithaca, NY",1,95000,522130,Business Intelligence Manager,23.6
CFOrent LLC.,"New York, NY",1,117042,541611,Market Research Analyst,28.6
"CFS Brands, LLC","Oklahoma City, OK",1,75000,7223,Senior Sourcing Data Analyst & Project Manager,22.5
"CG42, LLC","Isle Of Palms, SC",1,145000,54161,"Senior Consultant, Marketing Analyst",35.0
CGA 2.0 INC,"New York, NY",1,69000,541611,Operations Research Analyst,22.5
CGH Medical Center,"Sterling, IL",1,63000,622110,Quality Application Analyst,22.5
Chaincode Labs Inc.,"New York, NY",1,215000,54199,Head Of Research,47.5
ChainIn Trade LLC,"Westwood, MA",1,,541910,Business Analyst,22.5
ChainValue US Co.,"Houston, TX",1,48000,42499,Market Analyst,22.5
"Chakrabarti Management Consultancy, Inc.","Fairfax, VA",1,68078,541512,Market Research Analyst,22.5
"Challenge Manufacturing Holdings, Inc.","Walker, MI",1,74999,336370,Technical Data Analyst,22.5
Challenger Transportation Inc,"Gaithersburg, MD",1,102752,485310,Information Systems Analyst,25.4
"Champs Depot Richardson, LLC","Richardson, TX",1,,42399,Business Operation Analyst,22.5
CHANCE RIVER LLC.,"Stamford, CT",1,,541990,Quality Engineer Data,22.5
"CHANNEL CONTROL MERCHANTS, LLC","Hattiesburg, MS",1,67413,45399,Market Analyst,22.5
Chapin Hall Center for Children,"Chicago, IL",1,92400,541720,Researcher (Data Engineer),23.0
Chapter Two Technologies LLC,"Plano, TX",1,106000,541511,Cloud Machine Learning Systems Developer,26.1
"Character Biosciences, Inc.","Jersey City, NJ",1,158642,541714,Senior Data Engineer,38.1
Charge Smart Solutions,"Atlanta, GA",1,125000,5416,Data Engineer,30.5
"Charleston Area Medical Center, Inc.","Charleston, WV",1,97302,622110,Data Engineer,24.2
Chartbeat Incorporated,"Austin, TX",1,160000,518210,Senior  Machine Learning Engineer 1,38.4
Charter Institue at Erskine,"Columbia, SC",1,80000,611699,Data Analyst,22.5
Chartway Federal Credit Union,"Virginia Beach, VA",1,60485,522130,"Business Analyst, Marketing/Digital Banking I",22.5
CHARVI PHARMA SERVICES LLC,"Troy, MI",1,67870,325412,Data Analyst,22.5
"Chatterton Insurance, Inc.","Pawtucket, RI",1,,524210,Business Analyst,22.5
"Chaucer America, Inc.","New York, NY",1,112360,54161,Technical Management Analyst,27.6
CHD Home Textiles LLC,"New York, NY",1,,424310,Business Intelligence Analyst,22.5
CheckSammy Inc.,"Addison, TX",1,72000,562111,Data Engineer,22.5
CHEEMA LOGISTICS INC,"Greenwood, IN",1,62000,484121,Business Operations And Technology Analyst,22.5
Cheetah Net Supply Chain Service Inc.,"Charlotte, NC",1,59696,4231,Logistics Analyst,22.5
"Chem Aqua, Inc.","Irving, TX",1,97011,424690,Senior Digital Platform Analyst,24.1
ChemHost Inc.,"Hatfield, PA",1,63000,3251,Logistic Analyst,22.5
Chemlogix LLC,"Blue Bell, PA",1,75000,541614,Logistics Analyst,22.5
CHERY FORKLIFT (NEW YORK) INC,"Garden City, NY",1,,423810,Business Analyst,22.5
Chetak New York LLC,"Union, NJ",1,70000,424410,Operations Research Analyst,22.5
"Cheung Kong Holding, Inc.","East Point, GA",1,45000,424490,Market Research Analyst,22.5
"Chevron Phillips Chemical Company, L.P.","The Woodlands, TX",1,140000,325211,Data Engineer,33.9
"Chewy Insurance Services, LLC","Plantation, FL",1,158000,524128,Senior Merchandising Analytics Manager,38.0
CHHJ Franchising LLC,"Tampa, FL",1,70000,484110,Data Analyst Ii,22.5
"Chicago Blackhawk Hockey Team, Inc.","Chicago, IL",1,144000,711211,"Manager, Data Science",34.8
"Chicago Club Management Company, LLC","Bannockburn, IL",1,138715,541715,Business Data Analyst,33.6
Chicago Law Group Ltd.,"Chicago, IL",1,91000,541110,Data Systems Analyst,22.7
Chicagoland Chamber of Commerce,"Chicago, IL",1,49800,813910,"Coordinator, Data & Member Resources",22.5
"Chicagoland Infectious Disease, P.C.","South Holland, IL",1,83200,621111,Healthcare Data Analyst,22.5
Chicken Soup for the Soul Entertainment,"Cos Cob, CT",1,123614,532282,Senior Business Intelligence Developer,30.1
"Chief Industries, Inc.","Grand Island, NE",1,85000,332311,Business Systems Analyst,22.5
ChildCareGroup,"Dallas, TX",1,81123,6244,Business Intelligence Engineer,22.5
"Children's Healthcare of Atlanta, Inc.","Atlanta, GA",1,124966,622110,Data Warehouse Engineer,30.4
Children's Medical Center of Dallas,"Dallas, TX",1,94000,623210,Data Scientist,23.4
"China Direct Imports, LLC","Akron, OH",1,70000,812990,Operations Research Analyst,22.5
China Direct Intl Corp,"Linden, NJ",1,,42499,Operations Strategy Analyst,22.5
"China Education Network, Inc.","Dallas, TX",1,55390,54199,Data Analyst,22.5
China Unicom Americas Operations Ltd.,"Herndon, VA",1,64584,517111,Operations Research Analyst,22.5
Chinatex Oriental (U.S.A.) Inc.,"New York, NY",1,60000,4243,Supply Chain Analyst,22.5
Chinatex Oriental USA Inc,"New York, NY",1,90000,4243,Marketing Data Analyst,22.5
"Chinese Christian Herald Crusades, Inc.","Flushing, NY",1,,813110,Marketing Analyst,22.5
"CHOICE LOGISTICS, INC.","Wayne, PA",1,94000,541614,Data Interchange Specialist,23.4
Choice Sitter Solutions LLC,"Chicago, IL",1,100000,624410,"Manager, Analytics",24.8
Chosen Home Health Services Inc,"Dallas, TX",1,67995,621610,Health Data Analyst / Clinical Data Analyst,22.5
"Christel House International, Inc.","Indianapolis, IN",1,66539,611110,It Support Analyst,22.5
"Christensen Farms & Feedlots, Inc.","Sleepy Eye, MN",1,75000,112210,Data Analyst,22.5
Christian Dior Perfumes LLC,"New York, NY",1,108306,45612,Power Bi Lead,26.7
Christian Tyler Properties LLC,"Tampa, FL",1,,531390,Analytics Database Manager,22.5
Christianson PLLP,"Willmar, MN",1,61506,541219,Business Analyst,22.5
Christie's Inc.,"New York, NY",1,60174,453920,Client Strategy Analyst,22.5
Chubby Cattle Chicago LLC,"Chicago, IL",1,48610,722511,Market Analyst,22.5
CIBER PATHWAY INC,"Mckinney, TX",1,,541511,Erp Business Analyst,22.5
"CiBO Technologies, Inc.","St. Louis Park, MN",1,153316,541519,Senior Data Scientist,36.9
"Cielo, Inc.","Wauwatosa, WI",1,91000,561311,Data Engineer,22.7
CIGNEX INC.,"Iselin, NJ",1,120000,541511,Software Analyst,29.3
Cignus Consulting LLC,"Leesburg, VA",1,110000,541330,Aviation Operations Analyst,27.0
Ciklum Inc.,"New York, NY",1,220000,541511,Ai Engineering Director,47.5
CILICANT INC,"Princeton, NJ",1,79789,424690,Business Development Analyst,22.5
"Cimulate, Inc.","Boston, MA",1,165000,541715,Research Scientist,39.5
"Cincinnati Asia Market, Inc.","Cincinnati, OH",1,,4451,Market Research Analyst,22.5
"Cincinnati Ventures, Inc.","Cinncinnati, OH",1,,541611,Explainable Ai Researcher,22.5
"Cincom Systems, Inc.","Cincinnati, OH",1,70000,541511,Associate Data Analyst,22.5
"CINQ CARE, Inc.","Washington, DC",1,166858,6216,Data Science And Analytics Lead,40.0
"Cint USA, Inc.","New Orleans, LA",1,169978,541910,Staff Data Engineer,40.7
CINTURI TECHNOLOGIES LLC.,"Flower Mound, TX",1,85280,541511,Business Intelligence Analyst,22.5
"Cipla USA, Inc.","Warren, NJ",1,140000,424210,"Senior Manager, Business Development & Analytics",33.9
Cira Infotech Inc.,"Norcross, GA",1,133307,541511,Data Architect,32.3
CIRCUIT ENGINEERING LLC,"Elk Grove Village, IL",1,68786,334515,Business Analyst,22.5
"CIRRUS LOGIC, INC.","Austin, TX",1,150365,334413,Sap Business Systems Analyst,36.2
Cision US Inc.,"Chicago, IL",1,160000,519110,Senior Data Scientist,38.4
"CIT Bank, N.A.","Livingston, NJ",1,65000,522110,"Associate, Data Analytics",22.5
Citgo Petroleum Corporation,"Houston, TX",1,167029,213112,Systems And Master Data Manager,40.0
"Citian, Inc.","Washington, DC",1,115000,5419,Data Engineer,28.2
City Hive Inc.,"New York, NY",1,115000,541519,Data And Integration Engineer,28.2
City National Bank of Florida,"Miami, FL",1,145095,522110,"Platform Analyst, Senior",35.0
City of  Cleveland,"Cleveland, OH",1,65000,925120,Database Analyst,22.5
City of Austin,"Austin, TX",1,108638,921190,It Data Architect,26.7
City of College Park Georgia,"College Park, GA",1,90992,921110,Data Analyst,22.7
City of Corpus Christi,"Corpus Christi, TX",1,72500,922160,Business Intelligence Specialist,22.5
"City of Houston, Texas","Houston, TX",1,82056,921140,Staff Analyst,22.5
City of Huntsville Utilities,"Huntsville, AL",1,138403,926130,Senior It Applications Analyst,33.5
City of Memphis,"Memphis, TN",1,75542,921190,Hr Solutions Analyst,22.5
City of Phila Ttee Administering Wills Eye Institute,"Philadelphia, PA",1,73320,622110,Junior Statistician,22.5
City of Pittsburgh,"Pittsburgh, PA",1,91021,921140,Database Administrator,22.7
City of Rockledge,"Rockledge, FL",1,,921190,Gis Analyst,22.5
City of Saint Louis Mental Health Board of Trustees,"Saint Louis, MO",1,85883,525120,Data And Performance Analyst,22.5
CITY OF SAN ANTONIO ACTING BY AND THROUGH CITY PUBLIC SERVICE BOARD,"San Antonio, TX",1,150600,926130,Analyst System Admin 4,36.3
City of Temple Terrace,"Temple Terrace, FL",1,100000,921120,Municipal Systems Analyst,24.8
"Civitas Health Services, Inc.","Sandston, VA",1,87500,621330,Machine Learning Engineer,22.5
"CJ Logistics America, LLC","Des Plaines, IL",1,75000,541614,"Analyst, Continuous Improvement",22.5
CJS MED SPA KENDALL LLC,"Miami, FL",1,74000,812199,International Business Development Analyst,22.5
Claflin Service Company,"Warwick, RI",1,83387,81131,Powerbi Analyst,22.5
Claims Service Group LLC,"Westlake, TX",1,150455,541511,Lead Database Engineer,36.2
"Claims-X-Change, LLC","Dallas, TX",1,65000,541511,Senior Compliance Analyst,22.5
Clapper Media Group Inc.,"Carrollton, TX",1,150000,541519,Product Manager - Data Analytics,36.1
"Clarion Partners, LLC","New York, NY",1,115000,5313,"Associate, Data Scientist",28.2
Claris AI LLC,"Chesterbrook, PA",1,90000,541512,Machine Learning Engineer,22.5
"Claritas, LLC","Cincinnati, OH",1,82400,541910,Analyst,22.5
"CLARITECH CONSULTING, INC","Edison, NJ",1,,541511,Senior Computer Systems Analyst,22.5
Claritev Corporation,"New York, NY",1,108077,511210,"Developer, Etl, Sr.",26.6
Clarity Campaign Labs LLC,"Washington, DC",1,65000,541820,Analyst,22.5
ClarityCare AI Inc,"New York, NY",1,120000,518210,Funding Machine Learning Engineer,29.3
Clarium Managed Services LLC,"Miami, FL",1,70000,54199,Data Analyst,22.5
CLARIUS MEDICAL GROUP PLLC,"Sugar Land, TX",1,65500,62111,Healthcare Analyst,22.5
Clark Construction Corp,"New York, NY",1,73590,23622,Management Analyst,22.5
"Clark, Schaefer, Hackett & Co.","Dayton, OH",1,85000,541211,Systems Analyst,22.5
"Clarkson Regional Health Services, Inc.","Omaha, NE",1,85730,561110,Sr. Data Scientist,22.5
"Clasp Group, Inc.","Boston, MA",1,120000,522291,Data Engineer Ii,29.3
Class Over Inc.,"New York, NY",1,,611710,Data Analyst,22.5
Classroom Support Services LLC,"Detroit, MI",1,114090,541511,Senior Data Scientist,28.0
CLAY-TECH TECHNOLOGY LLC.,"Houston, TX",1,123656,541990,Computer And Information System Analyst,30.1
CLC Meals & Chef Anne Alfano LLC,"Washington, DC",1,102500,722513,Database Architects,25.3
Clean Air Car Service & Parking Corp.,"Flushing, NY",1,74402,485320,Project Management Analyst,22.5
CleanAire Inc.,"Washington, NC",1,83658,333413,Global Procurement Analyst,22.5
"CleanChoice Energy Shared Services, LLC","Washington, DC",1,90000,22111,Data Engineer,22.5
Cleaning West Services LLC,"Marietta, GA",1,65000,561720,Business Operations Analyst,22.5
"Clear Channel Outdoor, LLC","San Antonio, TX",1,135850,541850,Manager Rm Analytics & Support,32.9
"ClearBlade, Inc.","Austin, TX",1,129600,511210,Iot Data Scientist,31.5
"ClearCorrect Operating, LLC","Round Rock, TX",1,112164,339114,Cadcam Process Support Analyst,27.5
Clearlite Inc,"South Plainfield, NJ",1,,541511,Product Owner / Business Solution Analyst,22.5
"Clearview AI, Inc.","New York, NY",1,144000,54171,Product Manager -- Business Analyst,34.8
"Clearview Counseling Group, Inc.","Longmeadow, MA",1,,621420,Operations Research Analyst,22.5
"ClearView Healthcare Partners, LLC","Newton, MA",1,185000,541690,"Engagement Manager, Advanced Analytics",44.1
"ClearVision CRM, Inc","Sugar Land, TX",1,82680,541512,Data Analyst,22.5
Cleo AI Inc.,"Wilmington, DE",1,129000,522320,Machine Learning Engineer,31.4
Clerk of the Circuit Court of Volusia County,"Deland, FL",1,129599,92211,Program Analyst Ii,31.5
"Cleveland Asia Supermarket, Inc.","North Randall, OH",1,55619,44511,Statistician,22.5
Cleveland Guardians Baseball Company LLC,"Cleveland, OH",1,70444,711211,"Analyst, Business Strategy",22.5
"Cleveland Research Company, LLC","Cleveland, OH",1,96949,523940,Macro Research Associate,24.1
Cleveland-Cliffs Inc.,"Cleveland, OH",1,112611,331110,Senior It Data Scientist,27.6
"CLI Transport, LP","Altoona, PA",1,71601,484230,Data Analyst I,22.5
"CLIECON SOLUTIONS, INC.","Monroe Township, NJ",1,115232,541511,Program Analyst,28.2
ClientServer Technology Solutions LLC,"Iselin, NJ",1,120000,541511,Software Developer - Bi/Ba,29.3
Cliff IT Solutions Inc,"Blaine, MN",1,134971,541511,Senior Data Engineer,32.7
CliftonLarsonAllen LLP,"Minneapolis, MN",1,,541219,Senior Data Engineer,22.5
"Clinical Architecture, LLC","Carmel, IN",1,75000,51321,Clinical Qa Analyst,22.5
"Clinical Directors Network, Inc.","New York, NY",1,78894,624190,Data Scientist,22.5
Clinilabs Inc,"Eatontown, NJ",1,155000,54171,Lead Clinical Data Manager,37.3
"CLINPHARMA CONSULTING GLOBAL GROUP, LLC.","Newark, DE",1,,541511,Data Analyst,22.5
Cliq Solutions LLC,"Sterling, VA",1,100069,541511,Computer Systems Analyst,24.8
"CLO Virtual Fashion, LLC","New York, NY",1,190550,541511,Research Scientist,45.4
Clopay Corporation,"Mason, OH",1,120536,321911,Sr. Oracle Business Analyst,29.4
Cloud Craft Tec Inc,"Coppell, TX",1,115918,541511,Azure Data Engineer,28.4
Cloud Global LLC,"Irving, TX",1,86000,541511,Data Scientist,22.5
CLOUD INVENTIONS INC.,"Princeton, NJ",1,65000,541511,Data Analyst,22.5
Cloud Mantra LLC,"Atlanta, GA",1,75000,54151,Data Analyst,22.5
CLOUD SIGMA TECH LLC.,"Piscataway, NJ",1,97000,561311,Data Engineer,24.1
CloudArmee Limited,"Wilmington, DE",1,130000,511210,Senior Data Engineer,31.6
Cloudberyl LLC,"Dallas, TX",1,90000,541511,Software Qa Engineering Analyst,22.5
Cloudbyz Inc.,"Naperville, IL",1,83616,541511,Business Systems Analyst,22.5
CloudData Soft Inc,"Plano, TX",1,88000,541511,Database Administrator,22.5
"Cloudlabs, Inc.","Robbinsville, NJ",1,105000,541511,Aws Data Engineer,25.9
CLOUDMASTERS,"Salem, MA",1,106434,541511,Sr. Business Analyst,26.2
Cloudorama Solutions,"Herndon, VA",1,105206,541511,Data Engineer,26.0
CLOUDSRV LLC.,"Apex, NC",1,85000,5192,Data Scientist,22.5
CloudTern Solutions Inc,"Plano, TX",1,101192,541511,Sr. Bi Developer,25.0
Cloudvision247 Inc,"Durham, NC",1,69451,541511,Database Administrator,22.5
Cloudwin Corp,"King Of Prussia, PA",1,91270,541511,Sr Systems Analyst,22.8
CLOUDWORKS INC,"Irving, TX",1,92000,541511,Cloud Data Engineer,23.0
"Cloudywing Technologies, Inc","Collierville, TN",1,81328,541511,Senior Database Administrator,22.5
Clover Bay Technologies Inc.,"Monroe Township, NJ",1,59000,541519,Business Analyst,22.5
Cloverland Farms Dairy,"Baltimore, MD",1,74027,311511,Data Analyst,22.5
CLS US Services Inc,"New York, NY",1,203500,523160,"Vice President, Business Analyst",47.5
Club for Growth,"Washington, DC",1,99403,813319,Policy Analyst,24.6
Clymb Clinical LLC,"Bedford, MA",1,100000,541511,Senior Statistical Programmer,24.8
"Clymer Farner Barley, Inc.","Wildwood, FL",1,66955,541330,Gis Analyst,22.5
Clymer Store Inc.,"Perkasie, PA",1,68000,445131,Management Analyst,22.5
CM Capital Ventures LLC,"North Miami, FL",1,66560,54199,Digital Community Analyst,22.5
"CM Red, LLC","Raleigh, NC",1,65000,238110,Business Process Analyst,22.5
"CMC Materials, Inc.","Aurora, IL",1,126500,334413,Principal It Business Analyst,30.8
"CMES, INC","Norcross, GA",1,130000,23799,Civil Engineering Project Analyst,31.6
cmorq inc.,"New York, NY",1,75000,518210,"Qa, Research And Financial Operations",22.5
CMR Solutions LLC,"Midlothian, VA",1,148699,541511,Ai Finops Engineer,35.8
CMT US Holdings LLC,"Chicago, IL",1,110000,52399,Quantitative Development Analyst,27.0
CNG Enterprises LLC,"Rockville, MD",1,52500,423490,Market Analyst,22.5
Co-Star Astrology Society,"New York, NY",1,174800,541519,Data Scientist – Personalization,41.8
Coalition for a Better Chinese American Community,"Chicago, IL",1,46800,81331,Research Analyst,22.5
"Coast Consulting, Inc.","Springfield, IL",1,,5416,Business Analyst,22.5
"COBX Co., a Michigan Corporation d/b/a Emergient","Lansing, MI",1,109658,524114,"Manager, Encounter Data Process Engineering",27.0
CodeGreen Solutions LLC,"New York, NY",1,89000,5413,Energy Analyst,22.5
Codehub Tech Inc,"Farmers Branch, TX",1,92040,541511,Data Engineer,23.0
"Coder Logics, Inc","Frisco, TX",1,107890,541511,Software Systems Analyst,26.6
CodeRyze Inc.,"Houston, TX",1,85000,541511,Quality Assurance Analyst,22.5
"Codeworks, LLC","Brookfield, WI",1,,541511,Database Administrator—Specialist,22.5
CODINIX INC.,"Iselin, NJ",1,,541511,Data Tech Lead,22.5
"Codio, Inc.","Cambridge, MA",1,83491,5182,Data Products (Machine Learning) Research Scientist,22.5
"Coditas Solutions, Inc.","Lewes, DE",1,79394,541511,Business Analyst,22.5
COFCO International Grains US LLC,"Oakbrook Terrace, IL",1,85000,424510,Research Analyst,22.5
COFFEE CAFE 2 LLC,"Tucker, GA",1,69202,722513,Business Intelligence Analyst,22.5
"Cogitate Technology Solutions, Inc.","Atlanta, GA",1,80000,54199,Junior Data Scientist,22.5
Cognax Tech LLC,"Frisco, TX",1,100714,541511,Informatics Specialist,24.9
COGNIT AI INC,"Elizabeth, NC",1,92040,541511,Clinical Data Manager,23.0
COGNITE LLC,"Austin, TX",1,210000,541511,Senior Ml Engineer,47.5
"Cognitive Capital, LLC","Chicago, IL",1,160000,523150,Data Science Developer,38.4
Cognitive GeoInterpretation Inc,"Tallahassee, FL",1,66581,5417,Data Scientist,22.5
Cognitive Research Corporation,"St. Petersburg, FL",1,137000,541715,Lead Statistician/Biostatistician,33.2
COGNITUM SOLUTIONS LLC,"Austin, TX",1,77293,541511,Business Intelligence Analyst,22.5
Cognoinfotech LLC,"Carbondale, PA",1,58000,541512,Associate Business System Analyst,22.5
"Cognosante, LLC","Falls Church, VA",1,130121,541511,Database Analyst Iv,31.6
"Cognosos, Inc.","Atlanta, GA",1,115000,517112,"Senior Lead, Data Analytics",28.2
"CognoStrategy, LLC","Gaithersburg, MD",1,110000,541511,Senior Analyst,27.0
"Cohen Veterans Network, Inc.","Stamford, CT",1,135106,813219,Data Scientist,32.8
"Coherent Solutions, Incorporated","Minneapolis, MN",1,300000,541511,Senior Director Of Ai Engineering,47.5
"Cohesion Phenomics, LLC","Spindale, NC",1,41371,621511,"Market And Finance Analyst, Level 1",22.5
Coldwater International LLC,"Fort Lauderdale, FL",1,85000,4581,E-Commerce Analyst,22.5
Collaboration Betters the World Inc.,"New York, NY",1,120644,541511,Senior Business Analyst,29.5
Collabralink Technologies,"Mclean, VA",1,142755,541512,Database Developer,34.5
College Avenue Student Loans LLC,"Wilmington, DE",1,142512,522291,Data Analyst,34.4
Collegium Pharmaceutical Inc.,"Stoughton, MA",1,178828,32541,"Senior Manager, Commercial Insights & Analytics",42.7
Colonial Surety Company,"Woodcliff Lake, NJ",1,100000,524210,Data Analyst,24.8
COLOR JEWELS INC.,"New York, NY",1,,423940,Business Analyst,22.5
"Colortech, Inc","Morristown, TN",1,40000,325130,Marketing Analyst,22.5
"Colson Group Holdings, LLC","Oakbrook Terrace, IL",1,75350,33251,Operations Research/Business Process Analyst,22.5
"Columbia Data Analytics, LLC","New York, NY",1,67101,541715,Biostatistical Data Analyst,22.5
Columbia Uplift Inc.,"Lisle, IL",1,,611710,Market Research Analyst,22.5
COLUMBUS REGIONAL HOSPITAL,"Columbus, IN",1,80000,622110,Business Intelligence Analyst “ Associate,22.5
"Combine International, Inc.","Troy, MI",1,64846,423940,Data Analyst For Lab Grown Diamonds,22.5
COMET Technologies USA Inc.,"Shelton, CT",1,100000,33599,Procurement Data Analyst,24.8
COMFLUENCE LLC,"New York, NY",1,225000,541840,"Senior Director, Data Operations",47.5
"Comgen America, Inc","Auburn, AL",1,,541511,Data Analyst,22.5
commercetools Inc.,"Durham, NC",1,140000,513210,Database Infrastructure Engineer,33.9
"Commercial Steel Products, LLC","Dallas, TX",1,165000,423510,Supply Chain Analyst,39.5
Commiitt LLC,"Edison, NJ",1,80850,541511,Business (Data) Analyst,22.5
"Common Sense Machines, Inc.","Cambridge, MA",1,130000,541511,Research Scientist,31.6
"Common Services Corporation, United Church of Christ","Cleveland, OH",1,66000,813110,Research Analyst,22.5
CommonLit Inc.,"Washington, DC",1,104250,611710,Senior Research Analyst,25.7
Commonwealth Land Trust Inc,"Boston, MA",1,74922,925110,Data Science And Analytics Manager [00068079],22.5
Commonwealth Motor Inc,"Bala Cynwyd, PA",1,,44111,Management Analyst,22.5
Commonwealth of Virginia Secy of Administration,"Richmond, VA",1,130000,92119,Senior Power Bi Developer,31.6
Commonwealth of Virginia State Board of Education,"Richmond, VA",1,110000,923110,Database Programmer/Analyst,27.0
Communities Foundation of Texas,"Dallas, TX",1,117000,81331,"Director, Data Management & Analytics",28.6
Community Associations Institute,"Falls Church, VA",1,140000,813920,Data Architect,33.9
"Community Care of North Carolina, Inc.","Garner, NC",1,118502,624190,Etl Data Development Lead,29.0
"Community Care of West Virginia, Inc.","Rock Cave, WV",1,100000,6211,Healthcare Business Intelligence Analyst,24.8
Community Choice Credit Union,"Farmington Hills, MI",1,83158,52211,Data Scientist,22.5
Community College of Beaver County,"Monaca, PA",1,78500,611210,Institutional Research Analyst,22.5
"Community Connections of New York, Inc.","Buffalo, NY",1,66877,541611,Data Analyst,22.5
Community Family Advocates Inc.,"Pittsburgh, PA",1,100787,624190,Senior Business Systems Analyst,25.0
"Community Financial System, Inc.","Dewitt, NY",1,89008,551112,Data Engineer,22.5
Community Health Center of Buffalo Inc.,"Buffalo, NY",1,61808,6214,Data Analyst,22.5
"Community Health Network of Connecticut, Inc.","Wallingford, CT",1,136843,923120,Is Sr. Programmer Analyst/Biztalk Specialist,33.1
"Community Resources for Justice, Inc.","Boston, MA",1,78603,813410,Data & Policy Specialist,22.5
Community Rx Pharmacy,"Warren, MI",1,60000,456110,Information Technology Analyst (It Analyst),22.5
"CommunityCare HMO, Inc.","Tulsa, OK",1,57200,621491,Health Data Analyst,22.5
CommunityCare Managed Healthcare Plans of Oklahoma,"Tulsa, OK",1,58212,524114,Health Data Analyst Ii,22.5
"Compass Health, Inc.","Clinton, MO",1,120000,621112,Data Reporting And Solutions Engineer,29.3
Compass IOT Inc.,"Dover, DE",1,126667,541614,Head Of Research And Development,30.8
Compass Minerals America Inc.,"Overland Park, KS",1,138400,48849,Analytical Scientist,33.5
COMPASSUS PROVIDENCE HOLDINGS LLC,"Brentwood, TN",1,142939,621610,Senior Clinical Data Engineer,34.5
"CompQsoft, Inc.","Houston, TX",1,125590,541512,Sr. Management Analyst,30.6
"Comprehensive Clinical Analytics, Inc.","Plymouth, MI",1,75138,541690,Data Analyst,22.5
COMPREHENSIVE HEALTHCARE SYSTEMS INC,"Edison, NJ",1,,621399,Research Analyst,22.5
Compressor Controls LLC,"Charlotte, NC",1,150000,541330,Data Science Engineer,36.1
Compuascent Technologies Inc,"Fulton, MD",1,82056,541511,Oracle Cloud Erp Data Conversion Developer,22.5
"Compulse Enterprises, Inc.","Hunt Valley, MD",1,186000,515120,"Director, Data Engineering",44.3
COMPUTE TECH INC.,"Middlesex, NJ",1,78780,541511,Security Analyst,22.5
COMPUTER ARITHMETIC LLC,"Quincy, MA",1,,5416,It Project Manager/Analyst,22.5
COMPUTER EDGE INC,"Farmers Branch, TX",1,97574,541511,Programmer Analyst,24.2
"Computer Enterprises, Inc.","Pittsburgh, PA",1,85000,541511,Quality Assurance Analyst,22.5
"Computer Packages, Inc.","Rockville, MD",1,77841,541511,Data Analyst,22.5
Computershare Inc.,"Canton, MA",1,92831,523999,Analytic Consultant 2,23.1
"CONA SERVICES, LLC","Atlanta, GA",1,89877,541512,Senior Data Scientist,22.5
Concent Software Solutions LLC,"Alpharetta, GA",1,,541511,Senior Manager - Lead Data & Integrations Architect,22.5
Concentrix CVG Corporation,"Cincinnati, OH",1,128502,561422,Data Architect,31.3
"Concentrix SREV Delaware, Inc.","Wilmington, DE",1,78042,56149,Sr. Business Intelligence Developer,22.5
Concert HealthAI Mangement Co LLC,"Cambridge, MA",1,,541511,Senior Clinical Data Scientist,22.5
Concho Energy LLC,"Freedom, OK",1,62608,2111,Data Scientist,22.5
Concord Advice LLC,"Madison, NJ",1,,541618,Financial Operations Analyst,22.5
"Concurrency, Inc.","Brookfield, WI",1,127754,541519,Senior Data Engineer,31.1
Conductor LLC,"New York, NY",1,109091,541810,Data Engineering Analyst,26.8
"Conduent Commercial Solutions, LLC","Richardson, TX",1,134380,541512,Senior Bi Developer,32.6
"Conduent EDI Solutions, Inc.","Richardson, TX",1,105846,541512,Senior Technology Business Analyst,26.1
"Conexess Group, LLC","Plymouth, MI",1,113194,511210,Software Qa Analyst,27.8
"Conexio AI, inc","Richardson, TX",1,65000,5415,Business Operations Analyst,22.5
"Conexio Consulting, LLC","Richardson, TX",1,84000,541511,Mobility Program Analyst,22.5
Conexus Food Solutions LLC,"Chicago, IL",1,65000,425120,Erp Database Administrator,22.5
Confiance Tech Solutions Inc.,"Braintree, MA",1,98000,541519,Senior Data Engineer (Ai & Ml),24.3
Confido Health Inc.,"Jersey City, NJ",1,154000,6213,Forward Deployed Ai Engineer,37.0
"Conmeta, Inc.","Moonachie, NJ",1,,42399,International Business Analyst,22.5
Connect Consulting Services Inc,"New York, NY",1,62000,541213,Market Research Analyst,22.5
"Connect Hearing, Inc.","Aurora, IL",1,89690,446199,Data Analyst,22.5
Connect-One Health LLC,"Philadelphia, PA",1,60653,524210,Operations Analyst,22.5
CONNECTIX CORPORATION,"Irving, TX",1,105997,541511,Data Analyst,26.1
ConnectWise LLC,"Tampa, FL",1,132309,518210,Principal Database Engineer I,32.1
Conning & Company,"Hartford, CT",1,99395,52394,"Analyst, Quantitative Derivatives Strategist",24.6
"Conrep, Inc.","Middletown, DE",1,100000,541511,Computer Systems Analyst,24.8
Conservation International,"Arlington, VA",1,67018,813312,Data Engineer,22.5
Consilii LLC,"Wingdale, NY",1,56784,456120,Market Research Analyst,22.5
Consilium Assets Limited,"Cresskill, NJ",1,165000,52394,Senior Operations Research Associate,39.5
CONSOL Energy Inc.,"Canonsburg, PA",1,95000,212112,Data Engineer,23.6
"CONSOL Mining Company, LLC","Canonsburg, PA",1,122004,423520,Oracle Erp Analyst,29.8
"Consortium Health Plans, Inc.","Columbia, MD",1,148700,5419,"Director, Data Engineering & Analytics",35.8
"Constellation NewEnergy, Inc.","Kennett Square, PA",1,126589,2211,Principal Solutions Analyst - Cbs,30.8
Construction Consulting Group,"Dallas, TX",1,68000,236220,Data Analyst,22.5
"Consultant Solutions, Inc.","Lexington, KY",1,,541330,Computer Technology & Data Management Specialist,22.5
"CONSUMER CREDIT COUNSELING SERVICE OF ROCHESTER, INC.","Rochester, NY",1,72910,54199,Data & Business Analyst,22.5
ConsumerBase LLC,"Bellevue, NE",1,65042,541512,Sr. Analyst - Data Strategy & Insights,22.5
"Context Analytics, Inc.","Chicago, IL",1,160000,541511,Quantitative Analyst,38.4
CONTINENTAL GAMES INC,"Norcross, GA",1,90000,339999,Business Intelligence Analyst,22.5
"Continental General Management, LLC.","Austin, TX",1,118518,5242,Senior Data Analyst Ii,29.0
"Continental Resources, Inc.","Oklahoma City, OK",1,129600,211120,"Principal, It Data Engineering",31.5
"ContiTech USA, LLC, formerly ContiTech USA, Inc","Fairlawn, OH",1,131670,3262,Senior Sap Analyst - Kbgfjg242539-3,32.0
"Control-Tec, LLC","Troy, MI",1,110970,541330,Data Scientist,27.3
"Converge Info Systems, LLC","Plano, TX",1,91562,541511,Computer Systems Analyst,22.9
Convergence Acceleration Solutions LLC,"Roswell, GA",1,85717,541618,Business Analyst L4,22.5
Convergenz LLC,"Vienna, VA",1,,561320,Aws/Python Data Engineer,22.5
Converging Resources Corporation,"Roswell, GA",1,112736,541511,Data Engineer,27.7
Conversation Design Institute Services Inc,"Austin, TX",1,180000,541611,Conversational Ai Practice Lead,43.0
Cook County,"Chicago, IL",1,90677,921110,Business Analyst,22.7
Cook Incorporated,"Bloomington, IN",1,160000,33911,Data Architect,38.4
Cook Medical Technologies LLC,"Bloomington, IN",1,120000,541715,Senior Research Scientist,29.3
Cook Research Inc.,"West Lafayette, IN",1,92000,541715,Statistician,23.0
"Coop Ale Works, LLC","Oklahoma City, OK",1,72010,312120,Business Intelligence Analyst,22.5
Copula Global Consulting Inc,"Aubrey, TX",1,100000,541512,Business Intelligence Analyst,24.8
"Copy P, Inc.","Upper Darby, PA",1,,423430,Market Research Analyst,22.5
Cor Tech Group U.S. LLC,"Sunrise, FL",1,276000,424490,Operations Research Analyst,47.5
Coram LLC,"Woonsocket, RI",1,86500,524114,"Sr Analyst, Business Analytics",22.5
CORBY PHARMA INC,"New York, NY",1,,456110,Database  Administrator,22.5
"CORDIALSA USA, INC","The Woodlands, TX",1,55000,424410,Brand Analyst,22.5
Core Laboratories LP,"Houston, TX",1,81245,213112,Data Scientist I,22.5
"Core Natural Resources, Inc.","Canonsburg, PA",1,122004,423520,Oracle Erp Analyst,29.8
"Core Rehab Services, Inc.","Troy, MI",1,65000,6213,System Data Integration Engineer,22.5
Core Rehab Staffing Inc,"Long Island City, NY",1,,5613,Healthcare Strategy Analyst,22.5
Core Solutions Inc.,"King Of Prussia, PA",1,96378,5182,Senior Systems Analyst,23.9
COREBRIDGE INSTITUTIONAL INVESTMENTS HOLDINGS CORP.,"Jersey City, NJ",1,117500,5241,"Senior Associate Ii, It Data Analysis & Visualization",28.8
CoreBytes LLC,"Princeton, NJ",1,96616,541511,Database Administrator,24.0
"Corgan Associates, Inc.","Dallas, TX",1,84100,541310,Business Systems Analyst,22.5
Cornerstone Home Care Services,"Hicksville, NY",1,82763,623110,Data Scientist,22.5
Cornerstone Wireless LLC,"Duluth, GA",1,75000,484121,Global Management Analyst- Logistics,22.5
"Corporate Technologies, Inc.","Burlington, MA",1,150000,541519,Senior Business Intelligence Analyst,36.1
"Corva AI, LLC","Houston, TX",1,126381,541519,"Data Science Lead, Predictive Drilling",30.8
"Corvee Practice Development, LLC","West Palm Beach, FL",1,155605,541990,Ai Engineer,37.4
Corven IT Solutions LLC,"Alpharetta, GA",1,,541511,Businees Intelligence Analyst,22.5
"Cosette Pharmaceuticals, Inc.","South Plainfield, NJ",1,138000,32541,Erp Techno Functional Analyst,33.4
"Cosgrove Partnership, Inc.","Indianapolis, IN",1,90000,541611,Senior Data Analyst,22.5
Cosm Technologies LLC,"Dallas, TX",1,85000,511210,Associate Data Engineer,22.5
COSMOFETCH LLC,"Coppell, TX",1,80787,541511,Application Analyst,22.5
Cosmos Auto LLC,"Chicago, IL",1,61693,441120,Market Research Analyst,22.5
COSMOS GRANITE EAST LLC,"Raleigh, NC",1,100000,423320,Database Administrator,24.8
CostQuest Associates,"Cincinnati, OH",1,77500,541512,"Analyst, Development Systems",22.5
"COTA, Inc.","New York, NY",1,132600,54171,Interface Engineer (Data Acquisition And Intake),32.2
"Coterie Baby, Inc.","New York, NY",1,105000,322291,Data Analyst,25.9
Coth Technologies Inc,"Frederick, MD",1,78374,518210,Systems Analyst,22.5
"Cotton Valley Home, Inc.","Somerset, NJ",1,70000,31499,Operations Research Analyst,22.5
"CountrolTouch Systems, LLC","Louisville, KY",1,105000,54133,Data Analyst,25.9
County of Albany (Albany County),"Albany, NY",1,82400,921110,Data Engineer,22.5
County of Lancaster,"Lincoln, NE",1,75000,921120,Statistical/Modeling Analyst,22.5
"Covalent Management, Inc.","Aldie, VA",1,92760,42421,Business Analyst,23.1
"Covanex, Inc.","Corning, NY",1,112500,54151,Sap Functional Analyst,27.6
"Covanta Projects, LLC","Morristown, NJ",1,80000,5629,"Analyst, Data Scientist",22.5
Covenant Medical Center,"Lubbock, TX",1,71822,6221,Senior Clinical Data Analyst,22.5
"Cover Genius US Employee Services, LLC","New York, NY",1,147000,52429,Data Scientist Iii,35.5
"Cover Whale Insurance Solutions, Inc. dba Cover Whale","New York, NY",1,108306,524292,Data Analyst,26.7
"CoverTree, Inc.","Detroit, MI",1,87500,524210,Data Scientist,22.5
Cowen Inc.,"New York, NY",1,110000,523110,"Analyst, Data Scientist",27.0
"Coyote Logistics, LLC.","Chicago, IL",1,95275,541614,Marketing Data & Insights Analyst,23.7
Cozen Technology Solutions Inc,"Murfreesboro, TN",1,76981,541330,Data Scientist,22.5
COZY N BATH MIDUCHA PHONIS INC.,"Madison Heights, MI",1,66000,423720,Management Analyst,22.5
"CPI Security Systems, Inc.","Charlotte, NC",1,139500,56121,Senior Analytics Engineer,33.8
CPMC LLC,"Vienna, VA",1,130000,541611,Data Scientist,31.6
CPNET LLC,"Harrisburg, PA",1,110000,5419,Lead Data Scientist,27.0
"CPP Enterprises, LLC","Indianapolis, IN",1,91800,238320,Salesforce Business Analyst,22.9
CPS Products Inc,"Hialeah, FL",1,78000,33999,Logistics Analyst,22.5
"CPS Solutions, LLC","Minnetonka, MN",1,98789,541611,Data Analyst,24.5
CQV Associates Inc,"Marlborough, MA",1,79914,541611,Clinical And Regulatory Data Analyst,22.5
Crane ChemPharma & Energy Corp.,"The Woodlands, TX",1,108768,54133,Global Business Analyst,26.8
Crane Credit Union,"Odon, IN",1,75000,522130,Senior Programmer/Systems Analyst,22.5
Crane Nuclear PFT Corp.,"Kennesaw, GA",1,130000,54133,Market Analyst,31.6
"Craneware, Inc.","Deerfield Beach, FL",1,82150,541511,Test Analyst,22.5
CRAVE INFOTECH LLC,"Piscataway, NJ",1,104125,541511,Computer Systems Analyst,25.7
"Crawford & Company, Inc.","Peachtree Corners, GA",1,81500,524292,Senior Business Systems Analyst,22.5
"CRC Management Co., LLC","Rego Park, NY",1,84000,55111,Junior Data Analyst,22.5
"CRC-Evans International Pipeline, Inc.","Houston, TX",1,104624,237120,Senior Business Systems Analyst,25.8
Creacion Ventures Management US LLC,"Cambridge, MA",1,,523910,Data Analyst Consultant,22.5
Creative Global Consulting LLC,"Laurel, MD",1,89400,54151,Business Analyst,22.5
"Creative Office Design, Inc.","New York, NY",1,110000,423210,Market Research Analyst,27.0
"Creative Software Solutions, LLC.","South Plainfield, NJ",1,83000,541511,Data Analyst,22.5
Credence Consulting Services Inc,"Durham, NC",1,90750,541511,Sr Database Administrator,22.7
CREDICORP CAPITAL LLC,"Miami, FL",1,69600,523210,Senior Data Analyst,22.5
Credit Agricole America Services Inc.,"New York, NY",1,110500,522110,Rates Support Analyst,27.2
Credit Union of Texas,"Allen, TX",1,209365,522130,"Head Of Digital, Data And Analytics",47.5
"CredLens, LLC","Indianapolis, IN",1,122699,611710,Data Engineer,29.9
"CreeLED, Inc.","Durham, NC",1,129376,334413,Senior Database Administrator,31.4
"Crenlo Cab Products, Inc.","Rochester, MN",1,118000,541330,Senior Power Bi Developer,28.9
Creo Dent Prosthetics LTD,"New York, NY",1,90000,339116,Market Research Analyst,22.5
"CREO Family Office Syndicate, Inc.","New York, NY",1,115000,813319,Research Analyst,28.2
"Cresa Partners Boston, Inc","Boston, MA",1,88400,531210,Data Visualization Specialist,22.5
Crescent Bank & Trust,"Metairie, LA",1,63600,522110,Data Analyst,22.5
CREST SOFTWARE SERVICES INC.,"Princeton, NJ",1,90000,541511,Data Engineer,22.5
Crete Mechanical Group,"Tampa, FL",1,75000,5617,Corporate Business Analyst,22.5
CREVAVI INC,"Bentonville, AR",1,80413,541511,Ml Engineer,22.5
Crewfox LLC,"Plainsboro, NJ",1,115918,541511,Business Analyst,28.4
"CRH Americas, Inc.","Atlanta, GA",1,89877,2373,Workforce Intelligence Analyst,22.5
"Crisis24, Inc.","Annapolis, MD",1,124800,5191,Data Engineer,30.4
"Cristcot, Inc.","Concord, MA",1,156000,32541,Clinical Data Manager,37.5
"Critical Link, LLC","Syracuse, NY",1,73500,541519,Supply Chain Analyst,22.5
CRITICAL MASS (U.S.) INC.,"Chicago, IL",1,115000,541613,Senior Business Analyst - Project Management,28.2
"Critical Skills, Inc.","Indianapolis, IN",1,86520,541511,Data Analyst,22.5
Crizit LLC,"New York, NY",1,75000,541512,Statistician,22.5
CRMIT SOLUTIONS INC,"Alpharetta, GA",1,88712,541511,Management Analyst,22.5
"CRMNEXT, INC.","Raleigh, NC",1,93101,513210,Senior Technical Analyst,23.2
Crocus IT LLC,"Frisco, TX",1,85467,541511,Data Engineer,22.5
Cronus Pharma LLC,"East Brunswick, NJ",1,90000,541714,Data Management Analyst,22.5
Cronwell Inc.,"Atlanta, GA",1,65000,513210,Market Research Analyst,22.5
CROSS SENSE ANALYTICS LLC,"Lewisville, TX",1,63066,541511,Data Analyst,22.5
"Crossmark, Inc","Lewisville, TX",1,74000,425120,Data Analyst,22.5
"Crossvale, Inc.","Frisco, TX",1,100000,541511,Business Analyst,24.8
Crossword Staffing Solutions LLC,"Cumming, GA",1,,561320,Clinical Data Analyst,22.5
Crotty & Smyth,"Carmel, IN",1,80000,541110,Business Intelligence Analyst,22.5
Croud Incorporated,"New York, NY",1,150000,541613,Senior Data Scientist,36.1
"Crowley Saade Clinic, PA","Crowley, TX",1,97802,621111,Data Team Manager,24.3
"Crowley Webb & Associates, Inc.","Buffalo, NY",1,70000,541613,Data Analyst,22.5
"Crown Asset Management, LLC","Duluth, GA",1,100000,523940,Data Analyst,24.8
"Crown Consulting, Inc.","Arlington, VA",1,191922,541519,"Scientist, Senior Iii",45.7
"CRP Industries, Inc","Cranbury, NJ",1,76500,423990,Data Analyst,22.5
"CRU North America, Inc.","Pittsburgh, PA",1,66227,541611,"Research Analyst, Wire And Cable",22.5
CS Design Link LLC,"New York, NY",1,56784,313310,International Market Research Economist/Analyst,22.5
CS Disco Inc.,"Austin, TX",1,210000,541511,"Staff Software Engineer, Data Platform",47.5
CS OPTIMA INC,"Austin, TX",1,,541512,Business Intelligence Developer,22.5
Cscarfinder LLC,"Braintree, MA",1,49858,44112,Market Research Analyst,22.5
"CSG Government Solutions, Inc.","Chicago, IL",1,148949,541519,Principal/Senior Technical Analyst,35.9
"CSI IT, LLC","Jacksonville, FL",1,145000,54151,Lead Data Engineer,35.0
CSK & Company CPA's PLLC,"Vienna, VA",1,,541211,Market Research Analyst,22.5
CSoftCo Inc,"Frisco, TX",1,96034,541511,Bi Developer,23.9
CSOFTTECH INC.,"Windsor Mill, MD",1,94000,541511,Database Administrator,23.4
CST2000 LLC,"Southfield, MI",1,83000,541511,Data Engineer,22.5
CStoreIQ LLC,"Huntsville, AL",1,126000,541511,Software Quality Assurance Analyst And Tester,30.7
"CT GLOBAL SOLUTIONS, INC.","Columbia, MD",1,120000,541519,Data Scientist,29.3
"CT Solutions, Inc.","Tysons, VA",1,159360,54151,Data Scientist,38.3
"CTCA SHARED SERVICES, LLC","Zion, IL",1,140063,622310,"Sr. Administrator, Data Base",33.9
CTS Corporation,"Lisle, IL",1,135000,334419,Sap Production Planning Lead Analyst,32.7
CUBEXIT INC,"Clearwater, FL",1,67288,541511,Data Scientist,22.5
"Cubic, Inc.","Cambridge, MA",1,55000,541611,Market Research Analyst,22.5
Cultivate Power LLC,"Chicago, IL",1,95000,221114,Data Manager - Operations Research Analyst,23.6
Culturefly LLC,"New York, NY",1,80000,42499,Production Analyst,22.5
Cummins Emission Solutions Inc.,"Nashville, TN",1,86400,3336,It Analyst - Senior,22.5
Cure Pharmacy Care II LLC,"Goshen, NY",1,,456110,Software Quality Assurance Analyst,22.5
"Curi Holdings, Inc","Edina, MN",1,135782,524113,Senior Data Scientist,32.9
CuriRx Inc.,"Wilmington, MA",1,68000,5417,Marketing Research Analyst,22.5
"Currency Exchange International, Corp.","Orlando, FL",1,66000,523130,Data Analyst,22.5
Current Surgical Inc.,"Washington, DC",1,166000,339112,Deep Learning And Image Processing Scientist,39.8
Currie & Brown Inc.,"Princeton, NJ",1,68058,541618,Data Analyst,22.5
"Currie Holding Company, Inc.","Forest Park, IL",1,80000,441110,Operations Research Analyst,22.5
Cusabio Technology LLC,"Houston, TX",1,60000,4246,Market Research Analyst,22.5
"Custom Bilt Holdings, LLC","Irving, TX",1,64130,3399,Supply Chain  Analyst,22.5
"Custom Biometric Wearables, Inc.","Atlanta, GA",1,63253,334510,Management Analyst,22.5
"Custom Business Solutions, Inc.","Novi, MI",1,115752,541511,Sr. Business Analyst/Project Manager,28.4
Cutting Edge Staffing,"Pompano, FL",1,103592,623990,Data Engineer,25.6
Cuyuna Regional Medical Center,"Crosby, MN",1,76918,622110,Senior Data Analyst,22.5
"CVRx, Inc.","Minneapolis, MN",1,70000,334510,Data Engineering Specialist,22.5
CVS Rx Services Inc.,"Woonsocket, RI",1,105654,446110,"Manager, Business Strategy & Data Analytics",26.1
CX DATA LABS LLC,"Mckinney, TX",1,92040,541511,Data Scientist,23.0
CYABRA STRATEGY INC.,"New York, NY",1,,5132,Research Analyst,22.5
Cyber Search Ltd.,"Deerfield, IL",1,130000,561320,Senior Business Analyst,31.6
CYBER SMART TECHNOLOGIES INC,"Alpharetta, GA",1,83533,541511,Quality Assurance Analyst,22.5
"Cyber-Zeb Consulting, LLC","Arlington, VA",1,,541519,Data Engineer,22.5
Cyberbridge LLC,"Katy, TX",1,82056,541512,Management Analyst,22.5
Cyberender LLC,"Pinellas Park, FL",1,70000,541511,Business Analyst,22.5
CyberForceQ,"Plymouth, MI",1,74800,541519,Systems Analyst And Developer,22.5
CyberMed Health Inc.,"East Brunswick, NJ",1,116000,541512,Machine Learning Engineer (Generative Ai & Nlp),28.4
CYBERMINDS INC,"Edison, NJ",1,115000,541511,Senior Data Engineer,28.2
CyberSober Inc.,"Long Island City, NY",1,90000,722511,Marketing Analyst,22.5
"CyberSolve IT, Inc.","Carrollton, TX",1,90896,541511,It Operations Analyst,22.7
Cyberstars LLC,"Princeton, NJ",1,106000,541511,Data Engineer,26.1
Cybverve Consulting LLC,"Carrollton, TX",1,115000,54151,Database Architect,28.2
Cygtec Inc.,"Raleigh, NC",1,90646,541511,Database Administrator,22.6
CYMANSYS SOLUTIONS LLC.,"Round Rock, TX",1,,541511,Software Quality Analyst,22.5
Cynet Systems Inc,"Sterling, VA",1,155605,541519,Data Engineer,37.4
Cypress Insurance Brokerage Inc.,"New York, NY",1,,52421,Business Intelligence Analyst,22.5
CYTE LLC,"Katy, TX",1,60000,621610,Data Scientist,22.5
Cytiva US LLC,"Marlborough, MA",1,85000,33911,Data Analyst,22.5
"CytoTronics, Inc.","Boston, MA",1,120000,541714,Data Scientist,29.3
"CZ Biohub New York, LLC","New York, NY",1,143894,541714,Research Scientist Ii,34.7
D & D Best One Corporation,"Chicago, IL",1,96000,424130,Operations Analyst,23.9
D Best Workz LLC,"Austin, TX",1,83533,541511,Quality Assurance Analyst,22.5
D II ENTERPRISES LLC,"Brooklyn, NY",1,83200,45999,Data Scientist,22.5
D Kanani Enterprise LLC,"Williamsport, MD",1,88500,561110,Computer Systems Analyst,22.5
D&M Seafood LLC,"Cross City, FL",1,61500,44525,Computer System Analyst,22.5
D&T TAX INC,"Flushing, NY",1,,5412,Data Analyst,22.5
"D&W Fine Pack, LLC","Wood Dale, IL",1,90000,326199,Business Analyst,22.5
D1 CAPITAL PARTNERS LP,"New York, NY",1,200000,52393,Data Scientist,47.5
D2 Legal Change Inc.,"Charlotte, NC",1,103500,54161,Legal Technology Analyst,25.6
"D2D Distro, Inc.","Mineola, NY",1,90000,424940,Market Research Analyst,22.5
"Daedong-USA, Inc.","Wendell, NC",1,61776,42382,Business And Market Research Analyst,22.5
Daeha America Corp,"Lagrange, GA",1,73000,3363,Market Research Analyst,22.5
"DAEWON AMERICA, INC.","Opelika, AL",1,75000,336360,Business Analyst,22.5
Daifuku Airport America Corporation,"Novi, MI",1,121000,333922,Senior It Data Lead,29.5
"Daihen, Inc.","Tipp City, OH",1,70720,333992,Market Research Analyst,22.5
Daikin U.S. Corporation,"New York, NY",1,140000,33341,Senior Data Engineer,33.9
Daimon Logistics USA LLC,"Atlanta, GA",1,60000,488510,Logistics Analyst,22.5
"Dairy Farmers of America, Inc.","Kansas City, KS",1,151400,112120,Senior It Business Analyst,36.5
"DaiTRIX, LLC","Jersey City, NJ",1,82763,54199,Data Scientist,22.5
DAK Americas LLC,"Charlotte, NC",1,112632,3252,Global Digital Transformation Business Systems Analyst,27.6
"Dakota Consulting, Inc.","Silver Spring, MD",1,155000,541618,Business Systems Analyst,37.3
Dakota Systems Inc.,"Chicago, IL",1,90397,541511,Systems Analyst,22.6
Dallas Theological Seminary,"Dallas, TX",1,65624,611310,Systems Analyst 1,22.5
"Dallas/Fort Worth Technology, Inc.","Richardson, TX",1,63066,541511,Business Analyst,22.5
"DALLASTEK SOFTWARE SOLUTIONS, LLC.","Mckinney, TX",1,92040,541511,Data Analyst,23.0
Dalsan North America Inc.,"Miami, FL",1,45000,423390,Organizational Development And Management Analyst,22.5
"Daman, Inc.","Austin, TX",1,100000,541511,Data Analyst,24.8
Dan Bunkering (America) Inc.,"Houston, TX",1,50835,4247,Fuel Market Research Analyst/ Fuel Supplier,22.5
Dan Daily LLC,"Oakland Park, FL",1,,541613,Market Research Analyst,22.5
Dan-Pao Seafood Inc,"Doral, FL",1,,424460,Global Logistics Analyst,22.5
Dana-Farber Cancer Instittue,"Boston, MA",1,156482,541714,Lead Business Intelligence And Analytics,37.6
Dana-Farber Cancer Institutte,"Boston, MA",1,82399,541714,"Data Analyst,  Qa & Regulatory Compliance",22.5
"Danco, Inc.","Irving, TX",1,75893,327110,Insights And Analytics Analyst,22.5
"Daniel F. Young, Inc.","Berwyn, PA",1,60000,488510,Operations Support Analyst - Database Administrator,22.5
Danieli Corporation,"Cranberry Township, PA",1,55000,541330,Supply Chain Analyst,22.5
"Daniels Associates, Inc.","Indianapolis, IN",1,121000,54151,Lead Database Administrator,29.5
Danone North America Public Benefit Corporation,"White Plains, NY",1,116875,424490,Senior Network Analyst,28.6
Dare to Care Food Bank,"Louisville, KY",1,85000,624210,Data Analyst,22.5
"Darktrace, Inc.","New York, NY",1,84000,5616,Cyber Security Analyst,22.5
"Darmor Club, LLC","Columbus, TX",1,,713910,Membership & Market Research Analyst,22.5
Dash Financial Technologies LLC,"Jersey City, NJ",1,160000,522291,"Director, Data & Analytics",38.4
Dassault Falcon Jet Corp.,"Little Ferry, NJ",1,80108,336411,Senior Business Development Analyst,22.5
"Dasseti, Inc.","New York, NY",1,84000,541511,Analyst,22.5
Data Analytics and Creative Solutions LLC,"Chantilly, VA",1,94557,541511,Sr. Data Engineer,23.5
Data Culture Companies Inc.,"Brooklyn, NY",1,129917,518210,Data Visualization Engineering Manager,31.6
Data Destination Inc.,"Dover, DE",1,,5414,Presales Architect (Data).,22.5
"Data Migration Solutions, LLC","Sugar Land, TX",1,,213112,Data Analyst,22.5
Data Recognition Corporation,"Maple Grove, MN",1,123020,92311,Sr. Systems Analyst,30.0
Data S Solutions LLC,"Edison, NJ",1,123656,541511,Bi Developer,30.1
DATA SCIENCE TECHNOLOGIES LLC,"Duncanville, TX",1,,541511,Sr. Data Analyst,22.5
Data Synergy Systems INC,"Houston, TX",1,67995,541519,Nifi & Mongodb Data Engineer,22.5
"DATA WAREHOUSE LABS,INC.","South Plainfield, NJ",1,,541511,It Quality Assurance Analyst,22.5
DataAlpha LLC,"Short Hills, NJ",1,96000,541511,Data Analyst,23.9
DataBahn Inc.,"Dallas, TX",1,142418,541511,"Director Of Product, Security Data Fabric",34.4
Database Mart LLC,"League City, TX",1,66000,518210,Data Scientist,22.5
"Databasics, Inc.","Reston, VA",1,66000,541511,Data And Integration Analyst,22.5
DataBrew LLC,"Marysville, OH",1,80267,541519,Computer Systems Analyst,22.5
DATABRX TECHNOLOGIES LLC,"Plano, TX",1,92040,541511,Bi Reporting Developer,23.0
Datacorns LLC,"Nashville, TN",1,75000,541511,Operations Research Analyst,22.5
Datacurate Corp.,"Budd Lake, NJ",1,,541511,Data Analyst,22.5
DATADELIVERS LLC,"Schaumburg, IL",1,71594,541613,Business Intelligence Data Analyst,22.5
DataGlacier LLC,"Cedar Park, TX",1,,541511,Data Engineer,22.5
DataInfoCom USA Inc.,"Austin, TX",1,94600,51121,Research Scientist,23.5
"DataLoopz, LLC","Houston, TX",1,77000,541511,Erp Functional Analyst,22.5
DATAMATICS GLOBAL SERVICES INC,"Livonia, MI",1,125000,54199,Sr. Business Analyst,30.5
DATANET SYSTEMS CORPORATION,"Washington, DC",1,97157,541511,Programmer Analyst/Developer,24.1
DATANEXUM CONSULTING LLC,"Humble, TX",1,85000,541611,Senior Business Analyst,22.5
DataNimbus Inc,"Plano, TX",1,105997,541511,Machine Learning Engineer,26.1
Dataonez LLC,"Ashburn, VA",1,72000,541511,Data Engineer,22.5
DataOps Technologies LLC,"Aubrey, TX",1,,5419,Data Engineer,22.5
DATAPLEX SOLUTIONS INC,"Orlando, FL",1,74464,541511,Data Analyst 2,22.5
Datapower LLC,"Frisco, TX",1,72000,541512,Data Engineer,22.5
Datascope Corp.,"Wayne, NJ",1,140457,33911,Applications Analyst,34.0
DATASLIM,"Katy, TX",1,100000,541519,Cloud Data Architect,24.8
DataSoftNow Inc,"Deer Park, NY",1,60000,541519,Cybersecurity Analyst/Korean Translator,22.5
"Datavations, Inc.","New York, NY",1,110000,518210,Senior Data Operations Analyst,27.0
DATAVERSE AI LLC,"Troy, MI",1,89586,541511,Database Administrator,22.5
Datazymes Inc,"Fort Washington, PA",1,105000,541511,Analytics Manager,25.9
"Dave & Buster's Management Corporation, LLC","Coppell, TX",1,92040,722511,Data Engineer - Lakehouse,23.0
"Davey Resource Group, Inc.","Kent, OH",1,,541370,Geospatial Analyst,22.5
DAVID PEYSER SPORTSWEAR INC,"Bayshore, NY",1,100000,541490,Retail Analyst,24.8
"DAVIDSON KEMPNER CAPITAL MANAGEMENT, LP","New York, NY",1,200000,523110,Research Associate,47.5
DAWTEK CONSULTING INC.,"Hamilton Township, NJ",1,60000,54133,Market Analyst,22.5
Dayton Power and Light Co.,"Dayton, OH",1,68000,2211,Pricing Analyst,22.5
DBI Solutions Inc,"Sterling, VA",1,,541511,Java Qa Automation Analyst,22.5
DC Group Investment LLC,"Arlington, VA",1,58000,72251,Market Research Analyst,22.5
"DC International Group, Inc.","Carrollton, TX",1,63003,45411,Sr. Digital Marketing Analyst,22.5
"DCM Services, LLC","Minneapolis, MN",1,63066,561440,Business Intelligence & Strategy Analyst I,22.5
DCS Solutions Corporation,"Allentown, PA",1,63669,541511,Business Analyst,22.5
DD PHARMACY INC,"Bronx, NY",1,93226,446110,Database Administrator,23.2
DDC Advocacy LLC,"Washington D.C., DC",1,71989,541910,Database Analyst,22.5
DDSET LLC,"Saint Augustine, FL",1,,54161,Management Analyst,22.5
"De Nora Tech, LLC","Concord, OH",1,117605,541715,Sap Business Data & Cost Analyst,28.8
"Deacon Health, Inc.","Nashville, TN",1,99674,541511,Senior Business Intelligence Developer,24.7
"Dealerware, LLC","Austin, TX",1,95000,513210,Data Engineer,23.6
"Dean & Company Strategy Consultants, LLC","Mclean, VA",1,120000,541611,Senior Analyst,29.3
"Dearborn Mid-West Company, LLC","Taylor, MI",1,65000,333922,Data Migration Specialist,22.5
DEBUTEA INC,"New York, NY",1,80850,7225,Data Analyst,22.5
Decca Consulting LLC,"Sugar Land, TX",1,,5613,Senior Big Data/Machine Learning Engineer,22.5
Decisionwave Technologies Inc,"Bedford, NH",1,93538,541511,Etl Datawarehouse Developer,23.3
Decker Convenience Store Inc,"Columbia, SC",1,48000,457110,Business Development Analyst,22.5
"Decor IQ, LLC","San Antonio, TX",1,76440,541490,Operations Research Analyst,22.5
Deep Reasoning AI Inc.,"Sarasota, FL",1,220000,541519,Director Of Research & Engineering,47.5
Deep Root Energy LLC,"Bellevue, NE",1,,518210,Data Center It Project Manager,22.5
DeepCure Inc,"Boston, MA",1,169999,54199,"Senior Scientist, Computational Chemistry",40.7
"DEEPLUX TECHNOLOGY, INC","Lafayette, IN",1,67246,541511,Research Scientist,22.5
DeepSig Inc.,"Arlington, VA",1,137009,54171,Senior Machine Learning Engineer (5G Ml Lead),33.2
Deer Future Education LLC,"Cambridge, MA",1,,6117,Digital Marketing And Research Analyst,22.5
"DEER ISLE GROUP, LLC","East Hampton, NY",1,63000,523150,Business Intelligence Analyst,22.5
Deerfield Agency LLC,"Conshohocken, PA",1,70000,541810,Senior Data Analyst,22.5
"Deerfield Management Company, L.P.","New York, NY",1,210000,523920,Data Engineer,47.5
"DEETA IT SOLUTIONS, INC","Middlesex, NJ",1,83658,541511,Performance Analyst,22.5
Defense In Depth Solutions Inc,"Houston, TX",1,71386,541512,Market Research Analyst,22.5
"DELASOFT, INC.","New Castle, DE",1,99694,541512,"Analyst And Developer, Application Principal",24.7
"Delavan Lake Trading, Inc.","Chicago, IL",1,155000,7132,Quantitative Researcher,37.3
Delaware Health Information Network,"Dover, DE",1,111071,518210,Healthcare Research Analyst,27.3
Delaware Hotel Group LLC,"Mount Laurel, NJ",1,70678,721110,Management Analyst,22.5
Delaware North America LLC,"Dallas, TX",1,180000,541519,Sap Data Migration Managing Consultant,43.0
"Delaware Profit Fields Logistic, LLC","Newark, DE",1,69000,488510,Operations Research Analysts,22.5
"Delek US Energy, Inc.","Brentwood, TN",1,155480,324110,"Senior Manager, Data Strategy",37.4
"Delexis Healthcare Solution, LLC","Silver Spring, MD",1,73570,541611,Application Analyst,22.5
Delight Consulting Services LLC,"Rochester, MI",1,107411,54151,Senior Software Developer - Data Warehouse,26.5
"Delorean Power Employment Services Co., Inc. (Sub. of Delorean Power LLC)","Arlington, VA",1,115000,22111,Senior Applications Analyst,28.2
Delorean Power Employment Services LLC,"Arlington, VA",1,102500,22111,Energy Storage Applications Analyst,25.3
Delta Diamonds Inc.,"New York, NY",1,65000,423940,Marketing Analyst,22.5
Delta Health Alliance Inc.,"Leland, MS",1,72500,813319,Strategic Data Analyst,22.5
"Delta Materials Handling, Inc.","Memphis, TN",1,72862,4238,Warehouse Products Engineer,22.5
"Delta System & Software, Inc.","Mckinney, TX",1,93995,541511,System Analyst,23.4
"Delta Vacations, LLC","Atlanta, GA",1,63523,561520,Business Analyst,22.5
"Demand Chain AI, Inc.","Battle Creek, MI",1,125000,541512,Principal Data Scientist,30.5
Denago EV Corporation,"Plano, TX",1,78000,425120,Business Intelligence Analyst,22.5
Denison University,"Granville, OH",1,66818,611310,Data Analyst Ii,22.5
"DENNEEN & COMPANY, INC.","Boston, MA",1,67683,541820,Market Research Analyst (Strategy Consulting),22.5
DENO International Education Consultant LLC,"King Of Prussia, PA",1,55266,923110,Business Intelligence Analyst,22.5
DENSO TEN AMERICA Limited,"Novi, MI",1,85250,33431,Logistics Process Analyst,22.5
"Dental House Ann Arbor, PLLC","Ann Arbor, MI",1,88587,621210,Data Specialist,22.5
Dental Imaging Technologies LLC,"Quakertown, PA",1,130000,339114,Senior Sap Programmer Analyst,31.6
DENTAL PRIDE P.C.,"New York, NY",1,120000,62121,Chief Ai Engineer,29.3
Denver Racket Social Club LLC,"Key Biscayne, FL",1,86000,713940,Business Analyst,22.5
"Deodato.co, LLC","New York, NY",1,105000,541910,Marketing Research Analyst,25.9
"Deposco, Inc.","Alpharetta, GA",1,120000,51821,Senior Data Analyst,29.3
"DermCare Management, LLC","Hollywood, FL",1,61963,621111,Business Intelligence Financial Analyst,22.5
Desee Food LLC,"Jersey City, NJ",1,62000,72251,Market Analyst-Communications Specialist,22.5
Deshi Distributors LLC,"Jamaica, NY",1,62000,424510,Market Analyst & Product Development Specialist,22.5
Design Manufacture Distribution LLC,"Saint Louis, MO",1,86700,423620,Business Intelligence Analyst,22.5
Designer Brands Inc. f/k/a DSW Inc.,"Columbus, OH",1,125000,458210,Etl/Integration Developer,30.5
"DESIGNS ON FIFTH, LTD","New York, NY",1,85000,33991,Data Analyst,22.5
DESIKA FOODS LLC,"Novi, MI",1,84000,424510,Analyst Sr.,22.5
"Despark, Inc.","Cambridge, MA",1,,541910,Management Analyst,22.5
"DESRI Project Management Services, LLC","New York, NY",1,215000,237130,"Associate Director, Ai",47.5
"Detego Health, LLC","Omaha, NE",1,190000,5251,Ai/Enterprise Architect,45.2
Detroit Economic Growth Corporation,"Detroit, MI",1,68000,926110,Gis Analyst,22.5
"Detroit Manufacturing Systems, LLC","Detroit, MI",1,140000,336360,Ai Application Engineer,33.9
"Development Dimensions International, Inc.","Bridgeville, PA",1,130290,541612,Data Scientist - Natural Language Processing,31.7
Development Institute LLC,"Washington, DC",1,90010,541690,Data Scientist,22.5
Devils Lake LLC,"Brooklyn Park, MN",1,53477,721110,Business Development Analyst,22.5
Devon Energy Corporation,"Oklahoma City, OK",1,149000,2111,Sr Data Engineering Professional 9395627,35.9
"Devon Energy Production Company, LP","Oklahoma City, OK",1,150000,2111,Sr Data Engineering Professional 9820076,36.1
DeVries Public Relations Ltd.,"New York, NY",1,110000,541820,"Manager, Research & Analytics",27.0
"Devu Solutions, LLC","Frisco, TX",1,90000,541512,Data Engineer,22.5
DEXLOCK INC.,"Plantation, FL",1,180000,541511,Lead Data Engineer,43.0
DF Real Estate LLC,"Overland Park, KS",1,80000,531190,Management Analyst,22.5
DFG Energy Company LLC,"Richardson, TX",1,,213112,Business Analyst,22.5
"DFW HEALTHCARE MSO, LLC","Carrollton, TX",1,90000,541618,Business Analytics Manager,22.5
DFW International Airport Board,"Dfw Airport, TX",1,115000,488119,Enterprise Data Governance Manager,28.2
DHABA 999 LLC,"Parsippany, NJ",1,81099,722511,Computer Systems Analyst,22.5
"Dhansol Software Solutions, LLC","Vernon, CT",1,100000,541511,Sr. Business Analyst,24.8
DHHAM LLC.,"Exton, PA",1,68000,5416,Business Analyst,22.5
"DHL Regional Services, Inc.","Plantation, FL",1,73216,49211,Data Analyst,22.5
DIACEUTICS INC.,"Parsippany, NJ",1,80851,541380,Account Business Analyst,22.5
"Diamed-Caribbean, Inc.","Hialeah, FL",1,67760,423450,Computer Systems Analyst,22.5
Diamond Diagnostics Inc.,"Holliston, MA",1,76378,33911,Database Engineer,22.5
Diamond Jubilee Pelham LLC,"Greenville, SC",1,90000,721110,Real Estate Market Analyst,22.5
DIAMONDPICK INC.,"Iselin, NJ",1,103000,541511,Data Engineer,25.5
"Diamonds and Diamonds, Inc.","Atlanta, GA",1,69202,458310,Business Intelligence Analyst,22.5
Diba Dastjerdi DMD PC,"Boston, MA",1,,62121,Business Analyst,22.5
"Dicastal North America, Inc.","Greenville, MI",1,56649,33639,Manufacturing Process Analyst,22.5
"Dice Lion Technology, LLC","Melville, NY",1,80850,541519,Data Analyst,22.5
"Dickerson Financial Group, Inc.","Carrollton, TX",1,73070,541511,Database Administrator,22.5
Dieomatic Incorporated,"Battle Creek, MI",1,82000,336370,Materials Analyst/Industrial Engineer,22.5
DifGen Pharmaceuticals LLC,"Miramar, FL",1,75000,325412,"Assistant Manager, Business Intelligence",22.5
Digi-Key Corporation,"Thief River Falls, MN",1,62000,423620,Associate Data Engineer,22.5
digiBlitz Holdings LLC- energyKarma - Series 7,"Houston, TX",1,75000,541690,Biological Data Science Analyst,22.5
Digistore24 Inc.,"St. Petersburg, FL",1,75600,-4445,Senior Financial Analyst,22.5
Digital Alchemy (North America) LLC,"Wilmington, DE",1,145000,541613,Database Business Analyst,35.0
Digital Biz Tech LLC,"Dublin, OH",1,87984,541512,System Analyst,22.5
DIGITAL BUSINESS RESEARCH CORP.,"New York, NY",1,,541720,Ai Systems Researcher,22.5
"Digital Diagnostics, Inc.","Coralville, IA",1,140000,3391,Principal Machine Learning Research Engineer,33.9
Digital Gaming Corporation USA,"Mclean, VA",1,90000,71329,Operations Insights Analyst,22.5
Digital Janet LLC,"Frisco, TX",1,71365,561320,Database Administrator,22.5
Digital Metro USA Inc,"Dallas, TX",1,,45999,It Business Analyst,22.5
Digital People LLC,"Allen, TX",1,105997,541511,Sap Data Analyst,26.1
Digital Strategery LLC,"Chestnut Hill, MA",1,65000,541810,Market Research Analyst,22.5
Digitalis Inc,"Naperville, IL",1,96741,541511,Data Engineer,24.0
DigitalStarr Technologies LLC,"Alpharetta, GA",1,135000,541511,Ai-Driven Data Engineer (Qa Automation Lead),32.7
DIGIXFORM INC.,"Dulles, VA",1,,541511,"Full Stack Java, Microservices, Ai Developer",22.5
"Dillard Store Service, Inc.","Little Rock, AR",1,102500,452210,Supply Chain Senior Data Scientist,25.3
"Dime Line Trading, Inc.","Chicago, IL",1,155000,7132,Quantitative Researcher,37.3
DIMENSIONS IT SOLUTIONS LLC,"Naperville, IL",1,85500,541511,Business Intelligence Analyst,22.5
"Dimfina, LLC","Austin, TX",1,,523930,Management Analyst,22.5
DINESH PHARMACY INC,"Bronx, NY",1,67995,456110,Database Administrator,22.5
DIO USA INC,"New York, NY",1,73590,445320,Management Analyst,22.5
"Dipalo Ventures Management, LLC","Chicago, IL",1,61693,523910,Venture Capital Marketing Analyst,22.5
DIPNA RX INC.,"Bronx, NY",1,90000,456110,Market Research Analyst,22.5
"Direct Digital, LLC","Charlotte, NC",1,140000,812191,Lead Data Engineer,33.9
"DISONS GEMS, INC.","New York, NY",1,80000,423940,Market Research Analyst,22.5
DISTRIBUTED SUN LLC,"Washington, DC",1,155000,221114,"Operations Analyst, Strategy And Sustainability",37.3
DIT Chicago Corp,"Elk Grove Village, IL",1,71594,488510,Business Analyst,22.5
Div Info Tek Corp.,"Reston, VA",1,82700,541511,Data Engineer,22.5
"Diverse Marketing Enterprises, LTD","Dallas, TX",1,79851,4234,Business Analyst,22.5
"DIVERSEY, INC.","Fort Mill, SC",1,149354,326199,"Bi-Data Warehouse Architect  Mdm, Bi And Analytics",36.0
Diversified Gas & Oil Corporation,"Birmingham, AL",1,130000,211130,It Data Engineer,31.6
DiversiTech Corporation,"Duluth, GA",1,141625,333415,Jda Support Specialist And Analyst,34.2
DIX Marketing Inc.,"Fayetteville, AR",1,75442,425120,Reporting Analyst,22.5
Diya Consulting Services Inc,"Austin, TX",1,85093,541511,Qa Analyst-Ii,22.5
DK Hospitality LLC,"Astoria, NY",1,94000,722513,Data Scientist,23.4
"DLB Associates Consulting Engineers, PC","Neptune, NJ",1,124592,541330,Software Engineer Senior Specialist “ Ai Tools Team,30.4
"DLP Marquette General Hospital, LLC","Marquette, MI",1,87526,622110,Database Administrator,22.5
"DLR Group, Inc.","Omaha, NE",1,130000,541310,Data Engineer,31.6
DLYCanal LLC,"New York, NY",1,73590,722511,Management Analyst,22.5
"DMC Insurance, Inc.","Indianapolis, IN",1,77365,5241,Data Analyst,22.5
Dmitry LLC,"Brooklyn, NY",1,85000,541614,Computer And Information Research Scientist,22.5
DMK Investments LLC,"Omaha, NE",1,96000,721110,Hospitality Management Analyst,23.9
"DMS AMERICA, LLC","Doral, FL",1,84000,488510,Logistics Business Analyst,22.5
DND 1 INC.,"Crossville, TN",1,53000,45711,Business Analyst,22.5
DOBLE ENGINEERING COMPANY,"Marlborough, MA",1,123365,541690,Data Integration Engineer,30.1
Dobot USA LLC,"Carrollton, TX",1,58386,423830,Market Research Analyst,22.5
"Docebo NA, Inc.","Athens, GA",1,95000,541519,Marketing Analyst,23.6
Dochas Services LLC,"Westport, CT",1,95000,523940,Data Analyst,23.6
Documented Ltd,"New York, NY",1,140000,711510,Data Analyst,33.9
Dodge Data & Analytics LLC,"Bedford, MA",1,138112,518210,Database Lead,33.4
Dolcan Inc.,"Revere, MA",1,75046,722511,Management Analyst,22.5
"Dollar Shave Club, Inc.","Durham, NC",1,151424,454110,Senior Data Analyst,36.5
"Dollar Tree Management, LLC","Chesapeake, VA",1,131000,551114,Business Analyst Ii,31.8
Dominari Securities LLC,"New York, NY",1,75733,523940,Management Analyst,22.5
Dominion Energy South Carolina,"Cayce, SC",1,110000,221112,Programmer Analyst,27.0
"Dominium Holdings, Inc","Flower Mound, TX",1,108867,541990,Assistant Vice President Of Data And Analytics,26.8
Don't Run Out Inc,"New York, NY",1,100000,325620,Data Analyst,24.8
Donald Danforth Plant Science Center,"St. Louis, MO",1,56826,54171,Data Scientist I,22.5
"Donyati, LLC","Naples, FL",1,139131,54161,Oracle Exadata Database Architect,33.7
"Door Ventures, Inc.","Sparks, MD",1,80850,513210,Data Analyst,22.5
"Doosan Bobcat North America, Inc.","West Fargo, ND",1,67000,333120,Business Analyst,22.5
Dordt University,"Sioux Center, IA",1,78862,611310,Computer Systems Analyst,22.5
"Dorel Juvenile Group, Inc.","Columbus, IN",1,93799,3399,Senior Analyst - Supply Chain,23.4
"Dot Foods, Inc.","Mt. Sterling, IL",1,78603,424410,Business Intelligence (Bi) Developer,22.5
DOTec Corp,"St. Charles, MO",1,45000,5413,Market Research Analyst And Marketing Commn'S Specialist,22.5
"DOTHOUSE HEALTH, INC.","Boston City, MA",1,83886,621498,Human Resources Data Analyst,22.5
dottxt Inc.,"Dover, DE",1,200000,54151,Ai Research Engineer,47.5
DOUALSPARK INC,"Jersey City, NJ",1,,541512,Technical Ai Engineer,22.5
DOUBLE ENERGY INC,"Plano, TX",1,63003,518210,Market Research Analyst,22.5
"DoubleBridge Technologies, Inc","Princeton, NJ",1,86278,541511,Business Data Analyst,22.5
"DP Professionals, Inc.","Columbia, SC",1,,541511,Quality Assurance Analyst - Advanced,22.5
DP World Tech US LLC,"Auburn Hills, MI",1,100756,541614,Senior Business Reporting Analyst,24.9
"DPC Hospitality, LLC","Houston, TX",1,54500,541990,Hospitality Market Research Analyst,22.5
"DPL Financial Partners, LLC","Louisville, KY",1,125000,523999,Senior Analytics Engineer,30.5
"DPT Laboratories, Ltd., a Mylan company","San Antonio, TX",1,97812,32541,"Analyst, Csv",24.3
"DR Advisory Group, Inc.","Needham, MA",1,81120,518210,Data Scientist,22.5
"Draeger, Inc.","Telford, PA",1,123000,334510,Senior Technical Business Analyst,30.0
Dragin Technologies LLC,"Cedarhurst, NY",1,82763,541511,"Data Scientist, Ai/Ml",22.5
"Dragonfly Therapeutics, Inc.","Waltham, MA",1,240000,541714,Director Of Clinical Data Management,47.5
"DRDA, LLC","Houston, TX",1,82728,541211,Market Research Analyst,22.5
Dream Go Inc,"New York, NY",1,,5511,Market Research Analyst,22.5
Dreamily Delicious Inc.,"New York, NY",1,,3115,Business Operations Analyst,22.5
"DRESSER UTILITY SOLUTIONS, LLC","Houston, TX",1,70000,334513,Inventory Control Analyst,22.5
DRG Hospitality Group,"New York, NY",1,,722511,Operations Analyst,22.5
DRiV Automotive Inc.,"Skokie, IL",1,70000,3363,Supply Chain Analyst,22.5
DrLambda Inc,"Middletown, DE",1,201000,541511,Machine Learning Enginner,47.5
"Drone  Go  Home, LLC","Oceanport, NJ",1,91000,334511,Data  Scientist,22.7
"DRT International, Inc.","Doral, FL",1,38000,541614,Logistics Analyst,22.5
DRW Associates LLC,"Chicago, IL",1,200000,52399,Ai Researcher,47.5
"DSI Distributing, Inc.","Urbandale, IA",1,94000,541511,Business Analyst,23.4
"DSI Systems, Inc.","Richardson, TX",1,84000,423690,Senior Business Analyst,22.5
DSL Digital LLC,"Westport, CT",1,138000,541611,Marketing Data Analytics And Insights Consultant,33.4
"DSM Food Specialties USA, Inc.","Plainsboro, NJ",1,108799,54171,Business Analyst,26.8
DSP REAL ESTATE CAPITAL LLC,"Ashburn, VA",1,93246,531390,Database Administrator,23.2
DSP Zusters LLC,"Aubrey, TX",1,,541511,Senior Testing Analyst,22.5
DSQuorum LLC,"Washington, DC",1,120000,611420,Senior Data Scientist,29.3
DSS Group Holdings LLC,"Houston, TX",1,115000,551112,Supply Chain Analyst,28.2
"DSS Sustainable Solutions USA, Inc.","Wilmington, DE",1,80142,541611,Analyst,22.5
DSV Inventory Management Solutions Inc.,"Iselin, NJ",1,86500,481112,Senior Business Analyst,22.5
DTxPlus Inc.,"Boca Raton, FL",1,,541512,Data Scientist,22.5
du Pont Registry Group LLC,"Miami, FL",1,138258,441120,Senior Ml Engineer,33.5
Dual Bird Technologies Inc,"Westborough, MA",1,170000,541512,Head Of Data And Ai,40.7
DuBu Research LLC,"Harleysville, PA",1,62379,541690,Statistical Programmer,22.5
"Ducker Research NA, LLC","Troy, MI",1,90000,541910,Market Analyst,22.5
Dudley DeBosier APLC,"Baton Rouge, LA",1,94328,541110,Programmer Analyst,23.5
"Duetti, Inc.","Miami Beach, FL",1,63960,516210,Data Product Manager,22.5
Dumbo Hospitality Inc.,"New York, NY",1,,722515,Marketing Analyst,22.5
"Dumu Holdings, LLC","Atlanta, GA",1,135000,551112,Management Analyst,32.7
DUNAN PRECISION INC.,"Richardson, TX",1,78351,423730,Supply Chain Analyst,22.5
Dunhuang Boston LLC,"Brookline, MA",1,,722511,Management Analyst,22.5
Duo Labs Inc.,"Cinnaminson, NJ",1,116000,513210,Cto “ Technical Lead & Research Engineer,28.4
"DuPage Medical Group, Ltd.","Downers Grove, IL",1,95013,62111,Sr. Business Intelligence Developer,23.6
"DUPONT POLYMER PRODUCTS, LLC","Irving, TX",1,125000,32519,"Senior Scientist, R&D Digitalization",30.5
"Dupre Logistics, LLC","Lafayette, LA",1,109245,488510,Business Intelligence Analyst,26.9
Durham School Services LP,"Lisle, IL",1,105365,485410,Senior Business Systems Analyst,26.0
DUTY FREE PARTNERS LLC,"Doral, FL",1,67000,45399,Marketing Research Analyst,22.5
DV Jewelry Corporation,"New York, NY",1,,423940,Market Research Analyst,22.5
Dwaith Infotech Inc,"Plano, TX",1,112923,541511,Backend Engineer “ Java & Real-Time Data,27.7
Dwolla Inc.,"Des Moines, IA",1,116500,541512,Business Intelligence Developer,28.5
"DXD Distributors, Inc.","Farmers Branch, TX",1,100000,424940,Market Research Analyst,24.8
"DXFactor, LLC","Mclean, VA",1,,541511,Business Analyst,22.5
DXRACER USA LLC,"Whitmore Lake, MI",1,51768,3399,Internet Marketing Analyst,22.5
DYNAMIC CAMPUS SOLUTIONS INC.,"Austin, TX",1,80267,541519,Institutional Research Administrator - 087646.000002,22.5
"Dynamic Security, LLC","Edison, NJ",1,68000,561621,Business Systems Analyst,22.5
"Dynamite Decorators, Inc.","New York, NY",1,,4422,Management Analyst,22.5
"Dynamo Software, Inc.","Watertown, MA",1,81500,541519,Business Analyst,22.5
Dynasticx LLC,"Somerset, NJ",1,80018,541511,Business Analyst,22.5
Dynatech Systems Inc.,"Marlton, NJ",1,83200,541511,Industrial Engineer - Bi,22.5
"Dyne Therapeutics, Inc.","Waltham, MA",1,210000,541714,"Associate Director, Statistical Programming",47.5
DYNO GROWTH LLC,"Brooklyn, NY",1,,541613,Data Analyst,22.5
DYR LLC,"Columbus, OH",1,,449210,Business Intelligence Analyst,22.5
E Lending LLC,"New York, NY",1,70000,522292,Market Research Analyst,22.5
"e&e IT Consulting Services, Inc.","Mechanicsburg, PA",1,115000,541511,Data Analyst,28.2
E&S International Group LLC,"Buford, GA",1,,493110,Logistics Analyst,22.5
"E-Deft Solutions, LLC","Mason, OH",1,82971,541511,Software Quality Assurance Analyst And Tester,22.5
"e-Emphasys Technologies, Inc.","Cary, NC",1,122696,513210,Senior Business Intelligence Consultant,29.9
E-KARE INC,"Fairfax, VA",1,79000,3345,Data Scientist,22.5
"E-Ring Software Solutions, Inc.","Alpharetta, GA",1,140000,54151,Senior Software Analyst Ii,33.9
E-Teapro LLC,"Great Nck Plz, NY",1,,42413,Business Analyst,22.5
E-Z IRON SHOP LLC,"Miamisburg, OH",1,,236220,Business Intelligence Analyst,22.5
E8ZA.COM LLC,"Salem, NH",1,80000,455219,Operations Research Analyst,22.5
"Eagan US HoldCo, LLC","Fort Worth, TX",1,122000,54151,Senior Business Systems Analyst,29.8
"Eagle Van Lines, Inc.","Temple Hills, MD",1,73000,49311,Import/Export Analyst,22.5
Eaglewings Logistic LLC,"Hartsdale, NY",1,50000,4885,Logistic Analyst,22.5
eAlliance Corporation,"Naperville, IL",1,89690,541511,Business Analyst,22.5
"Early Stage Solutions, LLC","Fairfield, NJ",1,104000,541211,Data Analyst,25.7
"Earned Visibility, Inc.","Syracuse, NY",1,84295,541613,Senior Seo Analyst,22.5
East Central University,"Ada, OK",1,70138,611310,Director Of Institutional Research,22.5
EAST FARM REAL ESTATE INC,"New York, NY",1,125000,531210,Market Research Analyst,30.5
East Goes Global Co.,"Austin, TX",1,55000,711410,Marketing Analyst,22.5
East West Manufacturing LLC,"Atlanta, GA",1,79535,339999,Inventory Analyst,22.5
"EastBanc Technologies, LLC","Washington, DC",1,120000,541511,Data Scientist,29.3
EASTWIND HOTEL MANAGEMENT LLC.,"Windham, NY",1,115000,721110,Operations Analyst,28.2
Easy Heating & Cooling Inc,"Little Neck, NY",1,81100,238220,Computer Systems Analyst,22.5
Easymay Inc.,"New York, NY",1,,6117,Database Administrator,22.5
"EasyMed Management Services, LLC","Williamsville, NY",1,,561110,Clinical Data Manager,22.5
Easyrent Realty LLC,"New York, NY",1,67000,531210,Operations Research Analyst,22.5
"Easyway International, LLC","Gretna, NE",1,82514,541614,Management Analyst,22.5
EBLIZ Solutions LLC,"Cumming, GA",1,69202,541511,Data Analyst,22.5
"eBlu Solutions, LLC","Louisville, KY",1,105000,541519,Analytics Engineer Ii,25.9
Eboxchain Inc,"Raleigh, NC",1,104312,541614,Operations Research Analysts,25.8
"EBSCO Industries, Inc.","Birmingham, AL",1,135000,512120,Computer Vision & Machine Learning Engineer,32.7
"Eby-Brown Company, LLC","Naperville, IL",1,139212,424410,"Analyst, Sr. Programmer",33.7
"ECC Technologies, Inc.","Penfield, NY",1,76600,541512,Gis Analyst,22.5
"Eccalon, LLC","Hanover, MD",1,129792,541715,Machine Learning (Scientific Staff Level 2),31.5
Echelon Studios,"Dover, DE",1,101816,512110,Computer Systems Analyst,25.2
Echo Global Logistics Inc,"Chicago, IL",1,177400,541614,Principal Data Engineer,42.4
ECHO Incorporated,"Lake Zurich, IL",1,96000,333991,"Developer Ii, Business Intelligence",23.9
ECHOSPARK TECHNOLOGIES LLC,"Irving, TX",1,84094,541511,Big Data Engineer,22.5
ECIGRUSA LLC,"Dallas, TX",1,51500,42494,Supply Chain Analyst,22.5
"Eclaro International, Inc.","New York, NY",1,,561320,Database Architect,22.5
"ECM Industries, LLC","New Berlin, WI",1,139334,335999,Senior Database Administrator,33.7
"Ecobat Resources US, LLC","Dallas, TX",1,116979,551114,Senior Technical Program Manager - Data Analytics,28.6
"ECOM Atlantic, Inc.","Dallas, TX",1,91062,42459,Operations Analyst,22.7
Econ Tech LLC,"Hawthorn Woods, IL",1,,523940,Senior Data Scientist,22.5
"Econocaribe Consolidators, Inc.","Miami, FL",1,87256,488510,Data Scientist,22.5
Econode LLC,"Brooklyn, NY",1,55000,513210,Data Scientist,22.5
Economic Development and Industrial Corporation of Boston (EDIC),"Boston, MA",1,112258,925120,Senior Researcher - Data Scientist,27.6
Ecopax LLC,"Easton, PA",1,85000,326140,Supply Chain Analyst,22.5
"eCosmetics, Inc.","Pompano Beach, FL",1,57000,456120,Market Research Analyst,22.5
EDA Cloud International Inc,"Edison, NJ",1,60174,493110,Market Research Analyst,22.5
EDECO LLC,"Minonk, IL",1,74970,332322,Business Intelligence Analyst,22.5
Edelson P.C.,"Chicago, IL",1,121000,541110,Ai Integration Focused Developer,29.5
"Eden Brands, Inc.","New York, NY",1,89250,459510,Senior Data Analyst,22.5
Edera L3C,"Washington, DC",1,,541611,Operations Research Analyst,22.5
Edge Beauty LLC,"Edgewood, NY",1,50000,44612,Market Research Analyst,22.5
"EdgeConneX, Inc.","Herndon, VA",1,128000,518210,Data Engineer,31.1
"Edgewell Personal Care Brands, LLC","Shelton, CT",1,133900,8121,Business Intelligence (Bi) Project Lead,32.5
Edimot  Ventures INC,"Laurel, MD",1,90000,44112,Data Scientist,22.5
EDISON AIR CORP,"Jersey City, NJ",1,60200,238220,Market Research Analyst,22.5
EDISTO TECHNOLOGIES & CONSULTING LLC,"Edisto Island, SC",1,77800,541511,Machine Learning Engineer & Ai Engineer,22.5
"Editorial Projects In Education, Inc.","Bethesda, MD",1,95913,513110,Senior Digital Analyst,23.8
"Edmund Optics, Inc.","Barrington, NJ",1,68286,333314,Customer Experience (Ux) Design Analyst,22.5
"Edna, INC.","Oxford, MA",1,68390,541511,Data Scientist,22.5
"Edscha Automotive Michigan, Inc.","Auburn Hills, MI",1,105000,336390,Lead Materials Analyst,25.9
Education Development Center,"Waltham, MA",1,,813219,Senior Research Associate,22.5
Education Service Center Region 20,"San Antonio, TX",1,92040,611710,Developer/Analyst,23.0
"Educational Records Bureau, Incorporated","New York, NY",1,111000,611710,"Director, Research And Development",27.3
"EducationDynamics, LLC","Lenexa, KS",1,104367,611710,Data Integration Analyst,25.8
"Educity Operations, LLC","Frisco, TX",1,85000,712110,International Business Analyst,22.5
EFFEXOFT INC.,"Somerset, NJ",1,107718,541511,Software Quality Assurance Analyst,26.5
EFFICENS SYSTEMS INC,"Suwanee, GA",1,90000,5416,Data Engineer,22.5
Efficiency International LLC,"Indianapolis, IN",1,72000,493110,Supply Chain Analyst,22.5
EFIN Management Corp.,"Flushing, NY",1,,236116,Database Administrator,22.5
EFL Global LLC,"Miami, FL",1,112000,488510,"Manager, Business Intelligence",27.5
EGA America Inc.,"Creve Coeur, MO",1,192000,423510,Sap System Analyst,45.7
EGB Systems & Solutions Inc,"Stamford, CT",1,75000,541511,Data Scientist,22.5
EHIREUS LLC,"Parkville, MD",1,75000,561311,Business Intelligence Developer,22.5
Ehomie Boston Inc.,"Boston, MA",1,74090,5313,Market Analyst,22.5
EI Management Inc.,"Pittsburgh, PA",1,120000,551112,Sr. Analyst - Offensive Security,29.3
"Eifer IT, LLC","Cumming, GA",1,118706,54151,Programmer Analyst,29.0
Eight Plus Sixteen LLC,"Waxhaw, NC",1,110000,541511,Cloud Data Management Engineer,27.0
"Eighth Floor Group, LLC","Minneapolis, MN",1,74086,541611,Business Analyst,22.5
"Eileen Fisher, Inc.","Irvington, NY",1,115918,541490,Business Intelligence Developer,28.4
Einride US Inc.,"Austin, TX",1,90000,4841,Business Analyst,22.5
eInsure Services Inc.,"Chicago, IL",1,90174,524298,Senior Analyst,22.5
"Eish Technologies, Inc.","Princeton, NJ",1,106184,541511,Information Technology Systems Analyst,26.2
El Paso Communication Systems Inc,"El Paso, TX",1,68910,423690,Management Analyst,22.5
"EL1TE Sports Management Group, LLC","Orlando, FL",1,,71141,Management Analyst,22.5
ELAN RGV WIRELESS LLC,"Stafford, TX",1,67392,44921,Database Coordinator,22.5
Elanco Animal Health Incorporated,"Greenfield, IN",1,110365,541714,It Group Product Owner-Commercial Data,27.1
"Elanco Animal Health, Inc.","Greenfield, IN",1,73590,541714,Supply Chain Senior Analyst,22.5
Elanco US Inc.,"Greenfield, IN",1,145000,54172,Principal Data Engineer,35.0
ELC MANAGEMENT LLC,"Long Island City, NY",1,157300,33999,"Senior Analyst, Privileged Access (Cyberark) Administrator",37.8
ELDER PHARMACY LLC,"Bronx, NY",1,82763,456110,Pharmacy Data Analyst,22.5
Electric Glass Fiber America LLC,"Shelby, NC",1,105487,32721,Senior Systems Analyst,26.0
Electric Hydrogen Co,"Natick, MA",1,147000,325120,Data Engineer,35.5
"Electric Power Engineers, LLC","Austin, TX",1,140000,541330,Data Engineer,33.9
"Electric Sheep Robotics, Inc.","Irving, TX",1,180000,541330,Senior Machine Learning Engineer,43.0
"ElectrifAI OPCO, LLC","Jersey City, NJ",1,82763,54199,Data Scientist,22.5
Electronic Expeditors Inc,"Oak Creek, WI",1,44242,425110,Marketing Analyst,22.5
"ELECTRONIC POWER DESIGN, INC","Houston, TX",1,85000,335313,Project Management Analyst,22.5
Electrotempo Inc.,"Arlington, VA",1,78603,541511,Data Scientist,22.5
Elegant Technologies LLC,"Madison, WI",1,,541511,Etl Developer,22.5
"Element 84, Inc.","Alexandria, VA",1,133998,54151,Senior Machine Learning Engineer,32.5
Element-360 LLC,"Asheville, NC",1,85000,541613,Analytics Manager,22.5
Elemental Cognition Inc.,"New York, NY",1,165173,541511,Research Engineer,39.6
"Elequin Capital, LP.","New York, NY",1,150000,523940,Quantitative Researcher,36.1
Elevate IQ Solution,"Joliet, IL",1,96034,541512,Data Analyst,23.9
ElevateX LLC,"Charlotte, NC",1,85904,541511,Gcp Data Migration Engineer,22.5
Elgon Technologies Inc,"Bowie, MD",1,75000,518210,System Data Analyst,22.5
"Eliassen Government Services, LLC","Bethesda, MD",1,,561320,Senior Programmer Analyst,22.5
"Elide Interfaces, Inc.","New York, NY",1,160000,5132,Machine Learning Engineer,38.4
Elighters Management Inc,"Plano, TX",1,63003,45999,Market Research Analyst,22.5
"Elit IT, Inc.","Irving, TX",1,94370,541511,Azure Data Engineer,23.5
"ELITE RENTALS CHICAGO, LLC.","Chicago, IL",1,83200,531390,Quality Assurance Analyst,22.5
Elite Rx Management LLC,"Jackson Heights, NY",1,65989,456110,Database Administrator,22.5
ELITE TECH INFO INC,"Mckinney, TX",1,91062,541990,Business Analyst,22.7
ELITE TECH SOLUTE INC,"Charlotte, NC",1,81500,541511,Software Analyst,22.5
Elizabeth Jewelry Inc,"New York, NY",1,,339910,Marketing Analyst,22.5
Elkiem Global LLC,"Manhattan, NY",1,76000,541611,Client Services Analyst,22.5
Elle Media LLC,"New York, NY",1,,541810,Business Intelligence Analyst,22.5
Elliott Management Corporation,"New York, NY",1,200000,523940,Senior Data Engineer,47.5
Ellsworth Corporation,"Germantown, WI",1,65832,424690,Data Analyst,22.5
ELNET LLC,"Independence, MO",1,,541618,Business Analyst,22.5
"Elster Solutions, LLC","Raleigh, NC",1,135955,334514,Advanced Data Engineer,32.9
"ELVEE JEWELS, INC.","New York, NY",1,73600,339910,"Analyst, Procurement",22.5
Elysium Financial Network LLC,"New York, NY",1,82763,522390,Data Analyst,22.5
EM CONSULTATION LLC,"Fall River, MA",1,40019,5611,Marketing Analyst,22.5
eMagin Corporation,"Hopewell Junction, NY",1,113859,812921,Staff Engineer “ Data Systems,27.9
Embarq Management Company d/b/a CenturyLink,"Monroe, LA",1,115770,517919,Lead Business Intelligence Analyst,28.4
EMBASSY HOTEL GROUP LLC,"Bloomington, MN",1,66000,561599,Business Analyst,22.5
"Embedded Reasoning, Inc.","New York, NY",1,,513210,Senior Data Architect,22.5
"Embleema, Inc.","Metuchen, NJ",1,150000,541511,Data Scientist I,36.1
"Emblem NYC, LLC","New York, NY",1,60000,541613,Analyst,22.5
"Embrace Home Loans, Inc.","Middletown, RI",1,105000,522310,Senior Marketing Analyst (Analytics),25.9
"EMD Digital, Inc","Burlington, MA",1,110000,54171,Data Engineer,27.0
"EMD Serono Research and Development Institute, Inc.","Burlington, MA",1,186525,325412,Associate Director Statistical Programmer,44.4
"Emerald Innovations, Inc.","Cambridge, MA",1,,541511,Machine Learning Scientist,22.5
Emerge IT Solutions LLC,"Wesley Chapel, FL",1,71900,541511,Software Analyst,22.5
EmergenceTek Group Inc.,"Williamsville, NY",1,114000,541511,Programmer Analyst,28.0
Emergency Care Research Institute,"Plymouth Meeting, PA",1,107766,5417,Lead Business Systems Analyst,26.5
Emergent BioSolutions Inc.,"Gaithersburg, MD",1,169977,325414,"Sr. Business Analyst, Ftf",40.7
Emergent LLC,"Astoria, NY",1,69243,541620,Market Research Analyst,22.5
"Emerging 1, Inc.","Rochester, NY",1,66373,561311,Data & Insights Analyst,22.5
Emergsoft Solutions LLC,"Carol Stream, IL",1,83616,541512,Business System Analyst - Supply Chain Logistics,22.5
"Emergys, LLC","Morrisville, NC",1,94000,511210,Systems Analyst,23.4
EMERJENCE LLC,"Oviedo, FL",1,70325,54151,Ai/Software Developer,22.5
Emerson Automation Solutions Final Control US LP,"St. Louis, MO",1,153649,332911,Business Analyst (Erp Analyst Iv),37.0
Emery Oleochemicals LLC,"Cincinnati, OH",1,122731,325998,Sap It Support Analyst,29.9
emeteors Technology Inc,"Montville, NJ",1,85000,541513,Business Analyst,22.5
Eminence Capital LP,"New York, NY",1,250000,523150,Investment Data Analyst,47.5
"EMMANUEL HOME HEALTH SERVICES, INC","Elkridge, MD",1,75171,624120,Management Analyst,22.5
EmPartners Corporation,"Newtown, PA",1,116380,541611,Senior Analyst,28.5
"Empath, Inc.","Washington, DC",1,115000,541512,Sr. Data Scientist,28.2
EMPIRE AUTO PAYROLL SERVICES LLC,"Huntington Station, NY",1,82763,441110,Data Analyst,22.5
Empire Automotive Group LLC,"Huntington Station, NY",1,82763,441110,Data Analyst,22.5
"Empire Distributors Group, Inc.","Tucker, GA",1,48214,424940,Supply Chain Analyst,22.5
"Empire Leasing, Inc.","Washington, Dc, DC",1,,531312,Database Administrator,22.5
Empire Paytech LLC,"Sugar Land, TX",1,50000,522320,Data Analyst,22.5
"Empire State Realty OP, L.P.","New York, NY",1,120000,531120,Digital Marketing Analyst,29.3
Empirean LLC,"Albany, NY",1,60000,541611,Management Analyst,22.5
"Employment Unlimited, Inc.","New York, NY",1,,5613,Job Market Analyst,22.5
"Employvision, Inc.","Somerset, NJ",1,90000,541511,Data Scientist,22.5
Emporia State University,"Emporia, KS",1,56763,611310,Systems Analyst - Fiscal Systems,22.5
"Empower Clinic Services, L.L.C.","Houston, TX",1,125000,325412,Senior Analytics Engineer,30.5
"Empower Clinic Services, LLC","Houston, TX",1,125000,325412,Senior Analytics Engineer,30.5
"Empower HR, LLC","Richardson, TX",1,67995,561330,Junior Analyst,22.5
Empower Media Partners LLC,"Cincinnati, OH",1,80000,541830,"Data Analyst, Analytics And Insights",22.5
"Empress Therapeutics, Inc.","Cambridge, MA",1,170000,54171,Senior Data Engineer,40.7
Empro Systems LLC,"Cary, NC",1,87000,541511,Software Systems Analyst,22.5
"Empyra.com, Inc.","Irving, TX",1,101000,513210,Computer Programmer Analyst,25.0
"Emtec Application Services, Inc.","Jacksonville, FL",1,100000,541512,Systems Analyst,24.8
Enable Info Solutions Inc,"St Augustine, FL",1,118000,54151,Senior Data Analyst,28.9
Enact Mortgage Insurance Corporation,"Raleigh, NC",1,144900,524126,Data Engineer,35.0
ENBURG GROUP USA LLC,"Hackensack, NJ",1,80850,5313,Business Intelligence Analyst,22.5
"Enchantapps, LLC","Cypress, TX",1,48381,541512,Business Analyst,22.5
"EnCompass Education Solutions, Inc.","St Louis Park, MN",1,93600,54161,Business Analyst,23.3
Encompass Health Corporation,"Birmingham, AL",1,130000,62231,Bi/Data Warehousing Analyst I,31.6
Encompass Heath Corporation,"Birmingham, AL",1,130000,62231,Bi/Data Warehousing Analyst I,31.6
Encore Group (USA) LLC,"Schiller Park, IL",1,136107,532210,Sr. Database Admin Sql,33.0
Encore Medical LP,"Austin, TX",1,106090,3391,Erp Data Analyst 4,26.2
Encore Techsol LLC,"Dallas, TX",1,75000,561320,Business Analyst,22.5
"Endeavor Global, Inc.","New York, NY",1,125000,5511,"Research Manager, Endeavor Insight",30.5
"Endera Motors, LLC","Ottawa, OH",1,85823,336120,Enterprise Systems/Data Manager,22.5
Endpoint Clinical L.P.,"Raleigh, NC",1,103000,54133,Data Specialist,25.5
Endurance Warranty Services LLC,"Northbrook, IL",1,125000,52313,Data Scientist,30.5
Enerco Group Inc.,"Cleveland, OH",1,65000,333414,Supply Planning Analyst,22.5
"Enerfab Power & Industrial, LLC","Cincinnati, OH",1,90000,236210,Sr. Sap Technical Systems Analyst,22.5
Enerflex Energy Systems Inc.,"Houston, TX",1,58677,333912,Business Reporting Analyst,22.5
Energativ Solutions LLC,"Elmhurst, IL",1,60000,541690,Supply Chain Analyst,22.5
"Energy Advisors Group, Inc","Houston, TX",1,60000,541613,Data Engineer,22.5
Energy Alloys Global Solutions LLC,"Houston, TX",1,85000,423510,Business Analyst,22.5
Energy Aspects Corp,"New York, NY",1,85000,541690,Statistical Analyst (Oil Markets),22.5
"Energy CX, LLC","Chicago, IL",1,72000,221118,Market Intelligence Analyst,22.5
Energy Domain LLC,"Fort Worth, TX",1,92700,533110,Data Engineer,23.1
Energy Juice Consulting LLC,"Plano, TX",1,,541690,Market Intelligence Analyst,22.5
"energyRe Services, LLC","Houston, TX",1,75733,221114,Development Analyst,22.5
Enerpac Tool Group Corp.,"Milwaukee, WI",1,157000,3332,Data Architect,37.7
"EnerSys Delaware, Inc.","Reading, PA",1,92518,33591,Ai/Mlops Engineer,23.1
Enforge LLC,"Albemarle, NC",1,60000,332111,Business Analyst,22.5
Engage Analytics LLC,"Dayton, OH",1,108000,541511,Senior Business Intelligence Developer,26.6
"EngageMED, Inc.","North Little Rock, AR",1,,54169,Data Engineer,22.5
"ENGIE Energy Marketing North America, Inc.","Houston, TX",1,188885,221118,Data Scientist Senior Advisor,45.0
Engineer's Mind Corporation,"Jersey City, NJ",1,75000,541512,Operations Analyst,22.5
ENGINEERED CUSTOM SOLUTIONS LLC,"Houston, TX",1,60500,541330,Management Analyst,22.5
"Engineered Innovation Group, LLC","Indianapolis, IN",1,175000,541511,Director Of Data Science,41.8
"Enhesa, Inc.","Arlington, VA",1,70000,54162,Commercial Data Manager,22.5
ENIN SYSTEMS INC.,"Plainsboro, NJ",1,,541511,Etl/ Ssis Developer,22.5
ENKAY TECHNOLOGY SOLUTIONS INC.,"Lisle, IL",1,91000,541511,Systems Analyst,22.7
Enlan Corporation,"Chicago, IL",1,,53131,Management Analyst,22.5
ENLIGHT GLOBAL CONSULTING CORP.,"New York, NY",1,,611710,Business Analyst,22.5
"Ennabl, Inc.","Greenwich, CT",1,84947,541511,Data Analyst,22.5
ENNESS SOLUTIONS LLC,"Newark, DE",1,92040,54151,Data Analyst,23.0
Enolink Inc.,"Cambridge, MA",1,164000,541511,Data Scientist,39.3
"EnPro Associates, LLC","Longview, TX",1,83000,423830,"Sales, Inventory & Ops Planning (Siop) Analyst",22.5
Enstructure,"Austin, TX",1,150000,541512,Aws Cloud Data Engineer,36.1
"Entanglement, Inc.","Miami, FL",1,170000,518210,Machine Learning Scientist,40.7
"ENTECH ENGINEERING, P.C.","New York, NY",1,81000,541330,Data Analyst,22.5
Entellimetrix LLC,"Johns Creek, GA",1,105000,541511,Epidemiologist/Data Engineer,25.9
ENTERPRISE APPLICATIONS CONSULTING LLC,"Atlanta, GA",1,105997,541511,Data Engineer,26.1
Enterprise Business Data LLC,"Coppell, TX",1,70886,541519,Business Analyst,22.5
Enterprise Products Operating LLC,"Houston, TX",1,137600,213112,Senior Commercial Quantitative Data Scientist,33.3
"Enterprise Tax Solutions, Inc.","Mount Pleasant, MI",1,,541219,Systems Support Analyst,22.5
Entertainment Technology Partners LLC,"Orlando, FL",1,46500,551112,Market Research & Supply Chain Analyst,22.5
"Entrust Solutions Group, LLC","Warrenville, IL",1,122264,541330,Senior Analyst,29.8
"ENVICOOL CO., LTD.","Houston, TX",1,,333415,Market Research Analyst,22.5
Environmental Working Group,"Washington, DC",1,75546,813312,Market Research Analyst,22.5
ENVISION INFOSOLUTIONS INC,"Newark, DE",1,103938,541511,Product Business Analyst,25.7
ENVISION TECHNOLOGY SOLUTIONS INC.,"Branchburg, NJ",1,106000,541990,Technical Business Analyst,26.1
Envisn Inc,"Cedar Park, TX",1,105997,541512,Machine Learning Engineer,26.1
"Enviva Management Company, LLC","Bethesda, MD",1,85000,32199,Data Analyst,22.5
"Enzymedica, Inc.","Venice, FL",1,72500,424210,Data Science Manager,22.5
"ePay3, LLC","Austin, TX",1,100339,522320,Sr. Fp&A Analyst,24.8
EPHANT GROUP HI RALEIGH LLC,"Raleigh, NC",1,75816,721110,Business Analyst,22.5
Epic Land Holdings LLC,"Davie, FL",1,110219,531311,Business Systems Analyst,27.1
Epic Pharma LLC,"Laurelton, NY",1,81099,325412,It Analyst,22.5
EPIC SYSTEMS INC,"Herndon, VA",1,79000,541511,Data Analyst,22.5
EpicRise Electronics LLC,"Wilmington, DE",1,71000,423430,Business Analyst,22.5
"Epiphany Industrial Technologies, LLC","San Antonio, TX",1,140000,541512,Senior Data Integration Engineer,33.9
"Epiq eDiscovery Solutions, Inc. (LS)","New York, NY",1,210000,541511,"Senior Backend Engineer, Epiq Ai Labs",47.5
EPLANET CONSULTANTS INC,"Charlotte, NC",1,105810,541511,Etl Architect,26.1
EPOCA INTERNATIONAL LLC,"Boca Raton, FL",1,67000,423220,Information Systems Analyst (Ai),22.5
Epstein Becker & Green P.C.,"New York, NY",1,75733,541110,Hr Business Analyst,22.5
EQT Partners Inc.,"New York, NY",1,155000,523920,Data Scientist,37.3
"Equinox Holdings, Inc.","New York, NY",1,78750,713940,Data Analyst,22.5
EquiTrust Life Insurance Company,"Chicago, IL",1,113300,5242,Data Automation Analyst,27.8
ER OF MESQUITE LLC,"Mesquite, TX",1,92040,621493,Clinical Data Abstraction Specialist,23.0
Eran Industrial LLC,"Boca Raton, FL",1,81000,4236,Database Administrator,22.5
"eRay Technologies, LLC","Bridgewater, NJ",1,90000,541511,Computer Systems Analyst,22.5
ERG International Inc.,"Chicago, IL",1,71594,42393,Data Scientist,22.5
"Ergotron, Inc.","Eagan, MN",1,134014,334111,Sr. Data Integration Engineer,32.5
"Erica Wang, LLC","Tyler, TX",1,60000,621399,Management Analyst,22.5
ERICO International Corporation,"Solon, OH",1,133149,541330,Infor M3 Finance Functional Analyst,32.3
ERK Consulting Inc,"Alpharetta, GA",1,83500,54151,Business Intelligence Developer,22.5
EROS Management & Realty LLC,"New York, NY",1,82763,721110,Business Intelligence Analyst,22.5
"ERP Global, Inc.","Troy, MI",1,137259,541511,Sap Success Factor Data Migration Lead,33.2
ERVA LLC,"Lorton, VA",1,76500,238340,Business Analyst,22.5
Erwin Junker Machinery Inc,"Elgin, IL",1,82433,42383,Marketing Analyst,22.5
Erwin Penland LLC,"Greenville, SC",1,51438,5418,Junior Research Analyst,22.5
ES Foundry Corp,"Greenwood, SC",1,78000,334413,Supply Chain Analyst,22.5
ESB Technologies Corporation,"Round Rock, TX",1,100000,541511,Sql Database Administrator-Production Support Specialist,24.8
"ESCREEN, INC.","Chicago, IL",1,85000,3254,Senior Quality Assurance Analyst,22.5
"ESENSE, INC.","Fishers, IN",1,150000,541511,Teradata Database Administrator,36.1
eShocan LLC,"Livonia, MI",1,79331,54133,Powerbi Data Analyst,22.5
Esperanza Health Centers,"Chicago, IL",1,72634,621498,Healthcare Data Analyst,22.5
Espryt Inc,"Kendall Park, NJ",1,75774,541512,Technical Business Analyst,22.5
ESRA TECHNOLOGIES INC,"Dallas, TX",1,91562,541511,Computer System Analyst,22.9
Essence LLC,"New York, NY",1,100000,236116,Senior Analyst,24.8
Essenlix Corporation,"Monmouth Junction, NJ",1,137300,5417,Machine Learning Software Engineer,33.2
Essential Biotech Inc.,"Oak Brook, IL",1,72000,325315,Business Intelligence Analyst,22.5
Estate by SBE Management Co LLC,"Coconut Grove, FL",1,150000,721110,Management Analyst,36.1
Estia Management Co,"Chicago, IL",1,72000,531311,Business Intelligence Analyst,22.5
Estone Group LLC,"Toledo, OH",1,60000,334111,Database Administrator,22.5
ESU FARM LLC,"Englewood, NJ",1,56784,4245,Market Research Analyst,22.5
"ETECH International, Inc","Houston, TX",1,,5416,Data Engineering Analyst,22.5
"Ethnic Foods, Inc.","Port Washington, NY",1,,31141,Management Analyst,22.5
"Etiome, Inc.","Cambridge, MA",1,140000,54171,Data Scientist Ii,33.9
EtiVenture Inc,"San Antonio, TX",1,160000,541511,Senior Data Engineer,38.4
ETOC CORPORATION,"Monmouth Junction, NJ",1,80850,541511,Business Intelligence Analyst,22.5
EUCLID ELEMENTZ INC,"Woodbridge, NJ",1,81099,541511,Business Analyst,22.5
Eureka Design LLC,"Dover, DE",1,,4491,Business Analyst,22.5
"Eurofins Central Laboratory, LLC","Lancaster, PA",1,75000,541380,It Business Analyst,22.5
"Eurofins Food Chemistry Testing Des Moines, Inc.","Lancaster, PA",1,75000,541380,It Business Analyst,22.5
"Eurofins Lancaster Laboratories Professional Scientific Services, LLC","Lancaster, PA",1,67080,541380,Drug Product Development Scientist,22.5
"Euromonitor International, Inc.","Chicago, IL",1,58427,541910,Digital Services Analyst,22.5
"EUSU LOGISTICS, INC","Ridgefield Park, NJ",1,,541614,Logistics Analyst,22.5
EVA HEALTH SERVICES LLC,"Baltimore, MD",1,,621330,Operations Analyst,22.5
EVANTAGE SOLUTIONS INC.,"Plano, TX",1,93059,541511,Sr. Business Analyst,23.2
EVE Energy North America CORPORATION,"Lewis Center, OH",1,57949,3359,Logistics Analyst,22.5
"Eventive Operations, Inc.","Memphis, TN",1,69160,518210,Data Scientist,22.5
Events by Faiza,"Garland, TX",1,67995,561920,Business Intelligence Analyst,22.5
Ever After LLC,"Miami, FL",1,45000,458110,Legal Assistant And Fashion Market Analyst,22.5
"Everbridge, Inc.","Burlington, MA",1,115000,541519,Financial Analyst Ii [00064401],28.2
EVERCORE PARTNERS SERVICES EAST LLC,"New York, NY",1,164000,523940,"Business Systems Analyst, Vice President",39.3
Everest Life Sciences LLC,"Plainsboro, NJ",1,79789,325412,Market Research Analyst,22.5
Everest PACE Center Inc.,"Chester, PA",1,67037,813410,Management Analyst,22.5
Everest Solar Inc,"Woburn, MD",1,86000,221114,Business Analyst,22.5
"EverFi, LLC","Washington, DC",1,172879,541611,Principal Data Engineer,41.3
"Evergreen Construction Company, Inc.","Eagan, MN",1,80000,236118,Marketing Research Analyst,22.5
EVERGREEN HEALTH RX LLC,"Newark, NJ",1,89586,456110,Database Administrator,22.5
Evergreen Oriental Inc.,"Ann Arbor, MI",1,60000,722511,Market And Supply Analyst,22.5
EVERITE SOLUTIONS INC,"Cumming, GA",1,89710,541511,Systems Analyst,22.5
"EVERMARK, LLC","Suwanee, GA",1,66622,321911,Operations Research Analyst,22.5
"Evernorth Enterprise Services, Inc.","St. Louis, MO",1,68765,525120,Data Science Lead Analyst,22.5
"Everon, LLC (f/k/a ADT Commercial LLC)","Boca Raton, FL",1,118156,561621,"Machine Learning Engineer, Commercial",28.9
"EverTrue, Inc.","Boston, MA",1,85000,541519,Data Analyst Ii,22.5
Every Nation Churches & Ministries,"Brentwood, TN",1,50648,813110,"Financial Operations Analyst, Campus Department",22.5
"Every Nation New York City, Inc.","New York, NY",1,,813110,Management Analyst,22.5
Everymarket Inc,"O'Fallon, MO",1,54434,-4445,Data Analyst,22.5
EVERYTHING BREAKS INC,"Bedford, TX",1,84094,524128,Data Engineer,22.5
EvidenceCare Inc,"Nashville, TN",1,120976,62199,Database Engineer,29.5
Evident ID Inc.,"Atlanta, GA",1,115000,541511,"Software Engineer, Machine Learning",28.2
"Evident Scientific MIS, Inc.","Waltham, MA",1,131615,423830,Sr. Netsuite Analyst /Administrator,32.0
"Evident Scientific, Inc.","Waltham, MA",1,129542,334513,Sr. Netsuite Analyst /Administrator,31.5
Evil Martians Inc.,"Brooklyn, NY",1,,541511,Data Scientist,22.5
EVNT Games LLC,"New York, NY",1,,541519,Database Administrator,22.5
EVOLEAP LLC,"Houston, TX",1,150000,541330,Lead Data Scientist “ Ml,36.1
Evolution Equity Partners LLC,"New York, NY",1,80000,523910,Investment Marketing Analyst,22.5
Evolve Bank & Trust,"Memphis, TN",1,150000,522110,Data Architect,36.1
Evolver LLC,"Reston, VA",1,150654,541690,Identity & Access Management Analyst,36.3
Ex Cathedra LLC,"Fort Lauderdale, FL",1,,54169,Data Analyst,22.5
Exact Benefits Group LLC.,"Westerville, OH",1,62506,923130,Data Engineer,22.5
"Exactpro Systems, LLC","Cincinnati, OH",1,63482,541511,Senior Qa Analyst,22.5
Exactseal Inc.,"Anderson, IN",1,61526,32629,Business Analyst /Marketing Specialist,22.5
"eXalt-Fi North America, Inc.","New York, NY",1,197000,541611,Senior Business Analyst- Electronic Trading (Fixed Income),46.8
Excel IT Corp,"Greenwood, IN",1,103000,541512,Computer Systems Analyst,25.5
Excelsior Engineering Services P.C.,"Englewood Cliffs, NJ",1,80850,5413,Business Analyst,22.5
Excelsior University,"Albany, NY",1,82000,611310,Business Analyst,22.5
Exceptional Brands Group USA INC (EBG US),"New York, NY",1,65000,722515,Market Research Analyst,22.5
Exclaimer LLC,"Boston, MA",1,75000,513210,Digital Marketing Analyst,22.5
Exhibit Partners LLC,"Maple Grove, MN",1,87000,54149,"Business Analyst, Global & Technical",22.5
EXL,"New York, NY",1,103709,54161,Business Analyst,25.6
"Exo Group, LLC","The Woodlands, TX",1,84999,561990,Data Developer,22.5
EXOSOFT TECH INC.,"Atlanta, GA",1,,541330,Senior Data Scientist,22.5
"Expanse Financial Technologies, Inc.","New Hyde Park, NY",1,130000,522320,Database Developer,31.6
Expert Global Solutions Inc.,"Marietta, GA",1,83533,541512,Software Quality Assurance Analyst Ii,22.5
"Expii, Inc.","Pittsburgh, PA",1,60000,611710,Market Research Analyst,22.5
EXPLEO SOLUTIONS INC,"Iselin, NJ",1,137094,541519,Software Analyst,33.2
Exploratory Sciences Inc.,"New York, NY",1,114000,541511,Data Scientist,28.0
"Exponent Assembly, LLC","Carrollton, TX",1,68000,334418,Data Analyst,22.5
Exponentia US Inc.,"Columbus, OH",1,104520,54151,Sap Technical Analyst,25.8
"Express Global Enterprises, LP","Oklahoma City, OK",1,110469,561320,Senior Data Engineer,27.2
"Express International Freight, LLC","Miami, FL",1,75000,488510,Management Analyst,22.5
"EXPRESS LOGIC, LLC.","Morrisville, NC",1,107000,541519,Data Engineer,26.4
Expressworks International LLC,"Houston, TX",1,,541611,It Analyst,22.5
"Expro Americas, LLC","Houston, TX",1,80000,213112,Senior Business Development Analyst,22.5
EXSTITI LLC,"Round Rock, TX",1,81910,541511,Business Analyst,22.5
EXTEND INFORMATION SYSTEMS INC.,"Sterling, VA",1,103938,541519,System Analyst,25.7
"Extreme Endeavors and Consulting, LLC","Philippi, WV",1,58000,541512,Computer Systems Analyst,22.5
"Extrius, Inc.","Frisco, TX",1,91000,541511,Programmer Analyst,22.7
"Exus North America Management Partners, LLC","Pittsburgh, PA",1,60000,523920,Energy Analyst,22.5
ExxonMobil Sales and Supply LLC,"Spring, TX",1,164938,2111,Quantitative Analyst,39.5
"Exzeo USA, Inc.","Tampa, FL",1,120000,541511,Sr. Lead Business Analyst,29.3
"EZ WORLD CARGO, INC.","Dix Hills, NY",1,80000,481112,Market Research Analyst,22.5
"Eze Castle Integration, Inc","New York City, NY",1,65000,5415,Database Administrator,22.5
EZEN Computer Services Inc.,"Princeton, NJ",1,129000,541511,Senior Systems Analyst,31.4
EZTaxReturn LLC,"Jersey City, NJ",1,112000,541213,Data Science Architect,27.5
F & L Engineering and Consulting Inc,"Southfield, MI",1,82000,54133,Sr Business Analyst,22.5
F.A. Bartlett Tree Expert Company,"Charlotte, NC",1,94000,561730,Business Intelligence Analyst,23.4
"FAC Services, LLC","Madison, WI",1,60000,561110,Software Quality Analyst,22.5
"FACTOR SYSTEMS, LLC","Hamilton Township, NJ",1,188038,518210,Senior Data Architect,44.8
Factory Direct Wholesale LLC,"Savannah, GA",1,60000,449110,Management Analyst,22.5
"Fair Economy, Inc.","Tampa, FL",1,75000,51621,Operations Analyst,22.5
"FAIRFIELD HOTEL GROUP, LLC.","Fairfield, CT",1,93250,72111,Data Analyst,23.2
Fairleigh Dickinson University,"Teaneck, NJ",1,87774,611310,Systems Analyst/ Application Developer/ E-Mail Specialist,22.5
FairyGene Inc,"Bristol, PA",1,,42421,Market Research Analyst,22.5
Faith Home Healthcare LLC,"Fairfield, NJ",1,,62161,Management Analyst,22.5
Fakhab Healthcare Services LLC,"Irvington, NJ",1,81000,6216,Data Analyst,22.5
Falcon Affiliates LLC,"New York, NY",1,103709,561599,Pricing Analyst,25.6
Falcon Farms Inc.,"Doral, FL",1,70000,424930,Senior Analyst-Dsd,22.5
Falcon InfoTech LLC,"Richmond, TX",1,81245,541512,Data Analyst,22.5
Falcon Placement Services,"Pearland, TX",1,135000,541511,Data Scientist,32.7
Falls Lake Insurance Management Company Inc,"Raleigh, NC",1,100474,524126,Data Warehouse Technical Analyst Ii,24.9
"Falvey Insurance Group, Ltd.","North Kingstown, RI",1,75000,524210,Data Analyst,22.5
Family and Medical Counseling Service Inc.,"Washington, DC",1,,621498,Lead Quality Improvement Data Specialist,22.5
Family Farms Inc,"Medway, MA",1,69000,445110,Financial Data Analyst,22.5
FAMO Connect LLC,"Tucker, GA",1,106000,541519,Principal Engineer & Ai Systems Architect,26.1
"Famous Distribution, Inc.","Akron, OH",1,66000,423730,Business Intelligence Analyst,22.5
Fandom Overseas Consultants Corp,"Schaumburg, IL",1,96741,541612,Database Engineer,24.0
"Fans Wireless, Inc.","Wilmington, MA",1,102000,443142,Management Analyst,25.2
Far East Marine Service LLC,"Houston, TX",1,42099,541330,Market Research Analyst,22.5
Fareportal Inc.,"New York, NY",1,189905,561510,"Associate Director, Database Administration",45.2
Farm Credit of the Virginias ACA,"Staunton, VA",1,51958,522310,Associate Business Analyst,22.5
Fasikl Incorporated,"Bloomington, MN",1,120000,33911,Research Scientist,29.3
"Fathom Science, Inc.","Raleigh, NC",1,78000,541715,Scientist I,22.5
Faulkner University,"Montgomery, AL",1,60362,611310,Institutional Research Analyst,22.5
"Faurecia Emissions Control Technologies, USA, LLC","Auburn Hills, MI",1,69863,336390,Inventory Analyst,22.5
"Faurecia USA Holdings, Inc.","Auburn Hills, MI",1,111780,551114,Sap Manufacturing Business Analyst,27.4
Fawse Systems Inc,"Gaithersburg, MD",1,82056,541511,It Business Analyst,22.5
FBA Operating Co.,"Dallas, TX",1,180000,523920,Head Of Analytics,43.0
"FC Compassus, LLC","Brentwood, TN",1,145600,621610,Data Program Director,35.1
"FCM ENGINEERS, P.C.","Houston, TX",1,83200,541330,Gis Analyst,22.5
FCP Groton LLC,"Milford, CT",1,111532,441330,Data Analyst Iii,27.4
"FCP Group, Inc.","Chevy Chase, MD",1,98000,523150,Data Analyst,24.3
FE & Y Corp,"Dorchester, MA",1,79914,812113,Business Analyst Manager,22.5
FEATHER TECHNOLOGIES INC,"Cary, NC",1,142000,541511,Clinical Sas Analyst,34.3
"Fecund Software Services, LLC.","Jacksonville, FL",1,97000,54151,Database And Cloud Administrator,24.1
"FedEx Ground Package System, Inc.","Moon Township, PA",1,122730,492110,Ops Research Scientist Ii,29.9
"FedScale, Inc.","Mount Jackson, VA",1,130000,54151,Senior Bi Technical Specialist,31.6
"Felbry College, LLC","Columbus, OH",1,90000,611310,Systems Application Engineer “ Data Analytics,22.5
FELICIFIC INC.,"Jamaica, NY",1,,45411,Database Administrator,22.5
"Fencing Supply Group Acquisition, LLC","Houston, TX",1,115000,423390,Data Scientist,28.2
Fenics Software Inc.,"New York, NY",1,78000,523120,"Analyst, Developer",22.5
"Fermented Food Holdings, Inc.","Madison, WI",1,57000,31199,Senior Business Analyst,22.5
Fero Labs Inc.,"New York, NY",1,120000,51321,Research Engineer,29.3
"Ferring Pharmaceuticals, Inc.","Parsippany, NJ",1,182097,54171,"Associate Director, Clinical Data Management",43.4
Feuji Inc.,"Irving, TX",1,85000,541511,Data Analyst/ Data Engineer,22.5
FEW MODA INC.,"New York, NY",1,79789,424350,Operational Analyst/Search Marketing Strategist,22.5
FH GROUP INTERNATIONAL INC.,"Secaucus, NJ",1,,441330,Management Analyst,22.5
Fibonacci Global Holdings LLC,"New York,, NY",1,112000,541611,Research Engineer,27.5
Fibre-Tec Acquisitions LLC,"Chicago, IL",1,84000,3222,Manufacturing Operations Analyst,22.5
Fidelis Software Solutions Inc,"Cedarpark, TX",1,94100,541511,Software Quality Assurance Analyst And Tester,23.4
Fidelity Distributors Company LLC d/b/a Fidelity Investments,"Boston, MA",1,105380,52399,"Senior Manager, Marketing Data And Insights",26.0
Fidimension,"Cumming, GA",1,82971,541511,Ai Python Developer,22.5
FIERCE SOLUTION LLC.,"Somerset, NJ",1,89253,541519,Power Bi Developer,22.5
FIG TECH INC,"New York, NY",1,135782,51321,Chief Data Officer,32.9
FIGLIULO&PARTNERS LLC,"New York, NY",1,210000,541810,Senior Data Scientist,47.5
FILPAC INC.,"Dallas, TX",1,64000,423120,Supply Chain Analyst,22.5
Financial Training Incorporated,"Gaithersburg, MD",1,97000,611430,Market Research Analyst And Training Specialist,24.1
Financial Training Services Inc.,"New York, NY",1,90000,61169,"Data Analyst, Associate",22.5
"Finch Computing, LLC","Beavercreek, OH",1,150000,511210,Sr. Data Scientist,36.1
FinCorp Solutions LLC,"Lewisville, TX",1,87500,541511,Sap Functional Analyst,22.5
FINDSKILLS INC.,"North Brunswick, NJ",1,53248,541511,Systems Analyst/Business Analyst,22.5
"Finger Lakes Migrant Health Care Project, Inc.","Penn Yan, NY",1,74776,621111,"Data Scientist, Clinical",22.5
"Finger Prints Services, Inc.","Springdale, AR",1,90000,541511,Software Quality Analyst,22.5
"FinOptima Solutions, Inc.","Brooklyn, NY",1,,513210,Ai Engineer,22.5
"Finsight Group, Inc.","New York, NY",1,140000,513210,Intelligence Analyst,33.9
Finster AI Inc.,"New York, NY",1,300000,541511,Principal Ai Engineer,47.5
FinTech Servicing LLC,"Newark, DE",1,87000,541611,Business Intelligence Analyst,22.5
FinTek Solutions LLC,"Freehold, NJ",1,90000,541511,It Business Analyst,22.5
"FINTRX, Inc.","Hingham, MA",1,80000,519290,Senior Data Scientist [00078596],22.5
Firefly Systems Inc.,"New York, NY",1,81536,541840,Business Intelligence Management Analyst,22.5
Firmenich Incorporated,"Plainsboro, NJ",1,,32599,Market Analyst,22.5
"FIRST BRANDS GROUP, LLC","Cleveland, OH",1,160000,336320,Data Scientist,38.4
"FIRST CHOICE SEAFOOD, INC.","Indianapolis, IN",1,51085,424410,Logistics Analyst,22.5
FIRST COMFYHOME INC,"Brooklyn, NY",1,,531210,Business Intelligence Analyst,22.5
First Cover Inc,"New York, NY",1,,524210,Market Research Analyst,22.5
"First Eagle Investment Management, LLC","New York, NY",1,170000,523940,"Vice President, Senior Business Analyst",40.7
First Fidelity Bank,"Oklahoma City, OK",1,77385,522110,Data Engineer,22.5
First Financial Bank,"Cincinnati, OH",1,139712,522110,Database Administrator Iv,33.8
First Financial Collection Group LLC,"Southfield, MI",1,70000,561440,Data Analyst,22.5
First Genix LLC,"Irving, TX",1,90022,541511,Database Administrator,22.5
First Infra LLC,"The Colony, TX",1,92040,541511,Data Analyst,23.0
"First Mile Group, Inc.","New York, NY",1,235000,518210,"Senior Machine Learning Engineer, Client Insights",47.5
First Time LLC,"Fort Lauderdale, FL",1,70000,531190,Data Analyst,22.5
FIRST TRUCK PARTS,"Spartanburg, SC",1,,4413,Business Systems Analyst,22.5
"Firsthand Labs, Inc.","New York, NY",1,200000,513210,Applied Research Scientist,47.5
FIRSTOAK SOLUTIONS LLC,"Salisbury, MD",1,,541511,Data Scientist,22.5
Firstseed Construction and Machinery Installation Crop.,"Greenville, SC",1,64272,236210,Business Analyst,22.5
"FirstService Residential MidAtlantic, LLC","Eatontown, NJ",1,80260,531311,Database Administrator,22.5
"FIRSTSERVICE RESIDENTIAL NEW YORK , INC.","New York, NY",1,81099,531311,Business Analyst,22.5
Fish Island LLC,"Cos Cob, CT",1,93142,424460,Business Analyst,23.2
Fisher-Titus Medical Center,"Norwalk, OH",1,78000,6221,It Data Analyst Ii,22.5
"Five Below, Inc.","Philadelphia, PA",1,159908,452319,Data Architect,38.4
FIVE CUBES INC.,"Farmers Branch, TX",1,87152,541990,Business Analyst,22.5
Five Goods Inc.,"Long Island City, NY",1,,425120,Database Administrator,22.5
Five Star Downhole Service Inc.,"Stafford, TX",1,71386,21311,Senior Market Research Analyst,22.5
"FiVerity, Inc.","Boston, MA",1,130000,541511,Machine Learning Engineer/Data Scientist 3,31.6
"Fivos, Inc.","West Lebanon, NH",1,138251,518210,Senior Business Intelligence Developer,33.5
"Fixe, Inc.","Belmont, MA",1,120000,541219,Statistical Program Manager,29.3
FJS COMMUNICATION LLC,"Katy, TX",1,,449210,Computer System Analyst,22.5
"FKQ MARKETING, INC.","Clearwater, FL",1,100000,54141,Data Analyst,24.8
"Flagship Labs 97, Inc.","Cambridge, MA",1,265000,541714,"Senior Scientist Ii, Machine Learning",47.5
"Flashbots US, LLC","Lewes, DE",1,220000,541511,Data Scientist,47.5
Fleet Farm Wholesale Supply Co. LLC,"Appleton, WI",1,111000,451110,Database Administrator,27.3
"Fleet Financial Group, Inc.","Flushing, NY",1,79789,5313,Market Research Analyst,22.5
Fleming Technical Resources LLC,"Waukee, IA",1,145600,541519,Lead Database Developer,35.1
"Flexbase Technologies, Inc.","Miami, FL",1,200000,513210,Senior Analytics Engineer,47.5
Flexdrive Services LLC,"Atlanta, GA",1,139500,532111,Business Analytics Manager,33.8
Flexgen Power Systems,"Durham, NC",1,97240,541511,Data Analyst,24.1
"FlexShopper, LLC","Boca Raton, FL",1,130000,522291,Data Scientist,31.6
"FlexTrade Systems, Inc.","Great Neck, NY",1,157000,513210,Database Administrator,37.7
"Flight Operations Holdings, LLC","Dallas, TX",1,103499,541330,Senior Operations Research Engineer,25.6
"Floor and Decor Outlets of America, Inc.","Atlanta, GA",1,110469,423310,Senior Analyst Of Data And Analytics,27.2
Florida Crystals Corporation,"West Palm Beach, FL",1,82784,31131,Operations Data Analyst,22.5
"Florida Health Sciences Center, Inc.","Tampa, FL",1,136780,622110,Business Intelligence Developer 2,33.1
Florida Justice Administrative Commission,"Tallahassee, FL",1,64646,9211,Applications Database Administrator,22.5
"Florida League of Cities, Inc.","Orlando, FL",1,137842,524126,Data Warehouse Architect,33.4
"Florida Surplus Lines Service Office, Inc.","Tallahassee, FL",1,86611,541511,Database Administrator,22.5
"Florida Tile, Inc.","Lexington, KY",1,72051,327120,Cost And Pricing Analyst,22.5
"Flowlie Technologies, Inc.","Miami, FL",1,72000,513210,Business Operations Analyst,22.5
Flowserve US Company,"Irving, TX",1,125882,332911,It Business Analyst,30.7
Fluid Cooling Systems LLC,"Burton, MI",1,80000,333415,Market Research Analyst,22.5
"Flux XII, Inc.","Madison, WI",1,79950,541715,Data Scientist,22.5
"FLX DISTRIBUTION, INC.","Bernardsville, NJ",1,72500,52399,Marketing Analyst,22.5
FMT Services LLC,"Minneapolis, MN",1,170000,561440,"Lead Engineer, Enterprise Data Warehouse",40.7
"FN Funding, Inc.","Largo, FL",1,61800,541613,Data Analyst,22.5
FOCAL STUDIO CORPORATION,"New York, NY",1,120000,541511,Data Scientist,29.3
FOCUS OPERATING LLC,"New York, NY",1,56784,523930,"Analyst, M&A Business Development",22.5
"Focus Technology Solutions, Inc.","Boston, MA",1,155000,541519,Senior Data Engineer,37.3
"Focussoft Tech, Inc.","Dublin, OH",1,69306,541512,Computer Systems Analyst,22.5
"Fog Pharmaceuticals, Inc.","Cambridge, MA",1,130000,541714,Machine Learning Engineer,31.6
Fogo de Chao Churrascaria (Dallas) LLC,"Dallas, TX",1,150000,72251,Vice President Of Data And Analytics,36.1
"Fontus Blue, Inc.","Akron, OH",1,49691,541512,Database Administrator,22.5
FoodForce Enterprise Inc.,"Bridgeton, MO",1,65000,42449,Market Research Analyst,22.5
FoodTraceAI LLC,"Naperville, IL",1,72634,541511,Computer Systems Analyst,22.5
Ford Drywall & Stucco Inc,"Naples, FL",1,92000,236220,Management Analyst,23.0
Ford Field Management LLC,"Detroit, MI",1,63523,5511,Business Analyst,22.5
Foresight Associates LLC,"Minneapolis, MN",1,105000,541613,Business Intelligence Analyst,25.9
"Forian, LLC","Newtown, PA",1,130000,541511,Data Scientist,31.6
"Form Factory 1, LLC","Somerville, MA",1,130000,335999,Senior Process Engineering Analyst,31.6
Formedics LLC,"Basking Ridge, NJ",1,120000,323113,Data Analyst,29.3
Fort Bend Talent Academy Inc.,"Missouri City, TX",1,,611110,Market Analyst,22.5
FORT VALLEY STATE UNIVERSITY,"Fort Valley, GA",1,58760,611310,Data Management Specialist,22.5
Fort Wayne City Utilities,"Fort Wayne, IN",1,55307,221330,Gis Analyst/Specialist,22.5
FORT WORTH MEAT PACKERS LLC,"Fort Worth, TX",1,91062,311611,Management Analyst,22.7
"FORTE CONSULTING, LLC.","Princeton, NJ",1,64813,541512,Salesforce Business Analyst & Scrum Master,22.5
"Forter, Inc.","New York, NY",1,150000,518210,Senior Analytics Consultant,36.1
"Fortira, Inc.","Princeton, NJ",1,81099,541511,Computer Systems Analyst,22.5
FORTIS TALENT LLC,"Richardson, TX",1,63398,541511,Marketing Analytics Analyst,22.5
Fortius Technologies Inc,"Irving, TX",1,91600,541511,Computer Systems Analyst,22.9
FORTUNA HEALTHCARE CONSULTING SERVICES LLC,"Plano, TX",1,84094,541512,Software Engineer / Ai Automation Engineer,22.5
"FORTUNE INSIGHTS, LLC.","Southlake, TX",1,107869,541512,Data Engineer,26.6
"Forty5Park, Inc.","New York City, NY",1,125000,53139,Machine Learning Engineer,30.5
Foundation Finance Company LLC,"Rothschild, WI",1,110531,522220,Senior Database Administrator,27.2
"Foundation for a Smoke-Free World, Inc.","New York, NY",1,85000,813319,Data Analyst,22.5
Foundation for Advancing Science Technology Education and Research,"Hoover, AL",1,108000,541715,Statistician,26.6
"Foundational Labs, Inc.","New York, NY",1,200000,541511,Founding Member Of Applied Ai Staff,47.5
Foundever Operating Corporation,"Miami, FL",1,133286,561422,"Principal, Business Analytics & Reporting",32.3
"Four Hands, LLC","Austin, TX",1,130000,423210,Microsoft D365 Technical Analyst,31.6
Four Season Packing Corp.,"Ridgewood, NY",1,,56191,Business Intelligence Analyst,22.5
"Four Seasons Produce, Inc.","Ephrata, PA",1,75000,424480,Operations Project Analyst,22.5
Fourhub Technologies Inc,"Bedford, NH",1,100000,5416,Business Analyst,24.8
Foursevens LLC,"St. Louis, MO",1,87630,541511,Management Analyst,22.5
FOURTH TECHNOLOGIES INC,"Cherry Hill, NJ",1,101000,541511,Data Architect,25.0
"Foxx Life Sciences, LLC","Londonderry, NH",1,54766,326160,Product Analyst,22.5
"FPL Project Management, LLC","Juno Beach, FL",1,150000,561499,Principal It Programmer Analyst,36.1
FPMCM LLC,"Franklin, TN",1,127400,621493,Senior Bi Data Engineer,31.0
"FPrime AI, LLC","Pittsburgh, PA",1,,541511,Machine Learning Engineer,22.5
"Fragomen, Del Rey, Bernsen & Loewy, LLP","Matawan, NJ",1,89628,541110,Business Data Analysis Specialist Ii,22.5
FRANCO PHARMACY CORP.,"Jackson Heights, NY",1,61000,45611,Market Analyst,22.5
"Frank N. Magid Associates, Inc.","Minneapolis, MN",1,135000,541613,Senior Data Scientist,32.7
"Frankfurt-Short-Bruza Associates, P.C.","Oklahoma City, OK",1,75000,541310,Data Analyst,22.5
Franklar Technologies LLC,"Nashville, TN",1,65000,541519,Data Engineer,22.5
Franklin College,"Franklin, IN",1,69722,611310,Database Administrator,22.5
"Franklin Foods, Inc.","Boca Raton, FL",1,165000,424430,Sr. Sap Analyst,39.5
FREDERICKS MICHAEL & CO.,"New York, NY",1,75000,5239,Analyst,22.5
"FreeAlliance.com, LLC","Reston, VA",1,205000,541512,Management Analyst,47.5
FREEDOM CONSULTING GROUP INC.,"Lansdale, PA",1,71000,54151,Data Analyst,22.5
"FreedomRoads, LLC (Camping World & Good Sam)","Lincolnshire, IL",1,140000,441210,Data Engineer,33.9
"Freeman Corporate, LLC","Dallas, TX",1,150000,711320,Salesforce Technical Analyst,36.1
"Freeport LNG Development, LP","Houston, TX",1,149947,325120,"Sr. Manager, Software & Business Intelligence Engineering",36.1
Freeway Global Inc,"Levittown, NY",1,60174,541690,Market Research Analyst,22.5
Freightliner Custom Chassis Corporation,"Gaffney, SC",1,125373,336120,Charging Infrastructure Consulting Analyst Iii,30.5
Fresh First Inc.,"Flushing, NY",1,,492210,Operations Analyst,22.5
"Fresh Gravity, Inc.","Flower Mound, TX",1,130000,541519,Business Systems Analyst,31.6
"Fresh International Lincoln, LLC","Lincoln, NE",1,,445110,Business Analyst,22.5
Fresh International Schaumburg LLC,"Schaumburg, IL",1,,445110,Management Analyst,22.5
"Fresh Pond Physical Therapy, PC","Ridgewood, NY",1,67850,621340,Operations Research Analyst,22.5
"Frette North America, Inc.","New York, NY",1,95000,81233,Global Ecommerce Analyst,23.6
"Freudenberg Battery Power Systems, LLC","Midland, MI",1,98106,33591,Data Analyst Programmer Ii,24.3
"Friendly Home Services Group, LLC","Westlake, TX",1,65000,551114,Data Analyst,22.5
Friendship Circle,"West Bloomfield, MI",1,64000,624190,Salesforce Database Administrator And Architect,22.5
FRIENDWELL MANAGEMENT USA LLC,"Edison, NJ",1,,53131,Business Intelligence Analyst,22.5
"FRISS, Inc.","Mason, OH",1,76549,52429,Data Scientist,22.5
Front Door Fashion LLC,"Dallas, TX",1,70000,541490,Operations Research Analysts,22.5
Front Line Trace Consulting LLC,"Austin, TX",1,72092,54161,Analyst,22.5
Frontage Clinical Services Inc.,"Secaucus, NJ",1,73008,54171,Statistical Analyst I,22.5
"Frontage Laboratories, Inc.","Exton, PA",1,62566,54171,Data Management Analyst,22.5
Frontier Works LLC,"Princeton, NJ",1,75046,541511,Product Owner / Business Analyst,22.5
FrontRunnerHC,"Plymouth, MA",1,95000,518210,Analytics Manager - Data Scientists,23.6
Frontview Provider Services Inc. dba Frontview Home Healthcare,"Irving, TX",1,,6216,Revenue Cycle Analyst Iii,22.5
FS.COM INC,"New Castle, DE",1,89500,443142,Logistics Analyst,22.5
"FSA Store, Inc.","Dallas, TX",1,175000,454110,Lead Data Engineer,41.8
FSM TX LLC,"Houston, TX",1,95000,55111,Data Analytics Engineer,23.6
Fuchs Lubricants Co.,"Harvey, IL",1,123000,325998,Sap Functional Analyst,30.0
FUEL DISTRIBUTORS INC,"Spring, TX",1,60500,424720,Operations Analyst,22.5
FUGEN IT SOLUTIONS INC,"Princeton, NJ",1,85000,541511,Etl Consultant/Developer,22.5
"Fujitsu General America, Inc.","Pine Brook, NJ",1,120000,333415,Erp Analyst,29.3
"Fulcrum Analytics, Inc.","New York, NY",1,150000,541910,Senior Data Scientist,36.1
"Fulcrum Logic, Inc.","New York, NY",1,175000,541511,Data Solution Architect,41.8
Full Spectrum Software LLC,"Southborough, MA",1,69700,541511,Business Analyst,22.5
"FullStory, Inc.","Atlanta, GA",1,144979,511210,Senior Data Scientist Ii,35.0
Fullysense LLC,"Orlando, FL",1,81500,456120,Lead Product Market Analyst,22.5
"FUNCTION EDGE ASSOCIATES, INC.","East Brunswick, NJ",1,103709,541511,Management Analyst,25.6
"Functional Life Achievement, Inc.","New York, NY",1,,621610,Management Analyst,22.5
Fund for the City of New York,"New York, NY",1,130000,81341,Data Science Research Manager,31.6
Fundamental Global Management LLC,"Mooresville, NC",1,80000,541618,Computer Systems Analyst,22.5
"Fuse Management, LLC","Fort Lauderdale, FL",1,82000,522292,Operations Analyst,22.5
Fusion Cyber,"Washington, DC",1,100000,541512,Vp Of Ai Engineering,24.8
FUSION LIFE SCIENCES TECHNOLOGIES LLC,"Alpharetta, GA",1,,541330,Production Planning Analyst,22.5
Fusion NY Catering Service Inc.,"New York, NY",1,,722320,Data Analyst,22.5
"Fusion Trade, Inc.","Portsmouth, NH",1,103022,425110,Sr. Business Analyst,25.5
"Fusion United Group, LLC","Hurst, TX",1,84094,339950,Design Data Engineer,22.5
FUTU Clearing Inc.,"Dallas, TX",1,75000,523210,Big Data Developer And Analysis Engineer,22.5
"FUTURE FOAM, INC.","Council Bluffs, IA",1,59530,326150,Operations Research Analyst,22.5
Future Secure AI Inc.,"Austin, TX",1,90000,541519,Business Analyst,22.5
"FUTURE SMART DISTRIBUTION, INC","Doral, FL",1,60000,454110,Operations Research Analyst,22.5
Future Sphere Corporation,"Flushing, NY",1,72000,611710,Business Analyst,22.5
FUTUREFOUNDRY CONSULTING LLC,"Lexington, MA",1,70000,541611,Data Scientist,22.5
FX Holding LLC,"Plano, TX",1,,53131,Business Intelligence Analyst,22.5
FYLD USA Inc,"Dover, DE",1,94765,513210,Business Analyst,23.6
FYR LLC,"Miami, FL",1,126000,523920,Business Development Analyst,30.7
G Course LLC,"Birmingham, AL",1,67000,457110,Operations Research Analyst,22.5
"G2.Com, Inc.","Chicago, IL",1,89782,541511,Senior Data Analyst,22.5
"Gabriel, Roeder, Smith & Company","Southfield, MI",1,69000,541612,Actuarial Analyst,22.5
Gada Investment LLC,"Oklahoma City, OK",1,,531311,Operations Research Analyst,22.5
"Gadolin Research, LLC.","Beaumont, TX",1,66186,541715,Clinical Data Manager,22.5
"Gaia Miami Beach, LLC","Miami Beach, FL",1,83387,722511,Restaurant Management Analyst,22.5
"Gaiascope, Inc","Pittsburgh, PA",1,150000,518210,Data Scientist,36.1
Gaingels Inc,"New York, NY",1,67995,523910,Database Administrator,22.5
"GAL Manufacturing Company, LLC","Bronx, NY",1,93240,333921,Supply Chain Data Analyst,23.2
Galaxy Global International LLC,"Atalanta, GA",1,49379,42442,Operations Research Analysts,22.5
"Galderma Laboratories, LLC","Dallas, TX",1,160000,325412,"Associate Director, Market Access Analytics And Evidence",38.4
GALE Partners LLC,"New York, NY",1,172000,541810,Media Analyst,41.1
Galen Health Institutes Inc.,"Louisville, KY",1,122949,611310,Institutional Effectiveness Data Engineer,30.0
Galileo Life Sciences LLC,"New York, NY",1,113194,541611,Market Research Analyst,27.8
Gallaudet University,"Washington, DC",1,60500,611310,Associate Supply Chain Analyst,22.5
GAMATECH INC,"Princeton, NJ",1,90958,541511,Data Engineer,22.7
GameSir Inc.,"Orlando, FL",1,53000,423920,Market Research Analyst,22.5
GanaIT Inc,"Tampa, FL",1,65291,541511,Database Administrator,22.5
Ganesan & Associates Inc,"Silver Spring, MD",1,78374,541511,Quality Analyst,22.5
GANJINGWORLD CORPORATION,"Middletown, NY",1,60174,516210,Market Research Analyst,22.5
"Gannett Fleming Valuation and Rate Consultants, LLC","Camp Hill, PA",1,59176,54133,"Assistant Analyst I, Valuation & Rates",22.5
Gantec Corporation,"Schaumburg, IL",1,90958,541511,Data Analyst,22.7
Gantrade Corporation,"Montvale, NJ",1,75000,325110,Supply Chain Analyst,22.5
"Garan, Inc.","New York, NY",1,84773,424330,Management Analyst,22.5
Garden City Vape & Smoke LLC,"Newton, MA",1,64000,459991,Supply Chain Analyst,22.5
Gardner Resources Consulting LLC,"Wellesley, MA",1,250000,541611,Principal Data Scientist And Innovation Lead,47.5
"Garg and Associates, Inc.","Sunrise, FL",1,62650,5412,Business Analyst,22.5
Garland Ventures LTD,"Garland, TX",1,70000,3119,Supply Chain (Logistics) Analyst,22.5
"Garner Health Technology, Inc.","New York, NY",1,89253,51321,Staff Data Scientist,22.5
GAS EXPRESS LLC,"Atlanta, GA",1,93000,561110,Data Analyst,23.2
"Gate Gourmet, Inc.","Reston, VA",1,70000,722310,"Analyst, Sourcing Us",22.5
Gateway Scripts LLC,"Saint Louis, MO",1,,541511,Research Scientist,22.5
GAUTIER FORMAL DRESSES LLC,"San Antonio, TX",1,81000,458110,Market Research Analyst And Marketing Specialist,22.5
GD Infotek LLC,"Herndon, VA",1,114026,541511,Ai Engineer,28.0
"GDS Link, LLC","Dallas, TX",1,99840,541511,Business Analyst,24.7
"GE Flight Efficiency Services, Inc.","Norwalk, CT",1,136500,336411,Senior Data Scientist,33.1
GE Kitchen & Bath LLC,"Philadelphia, PA",1,,423220,Business Intelligence Analyst,22.5
GE VERNOVA ELECTRIFICATION SOFTWARE HOLDINGS LLC,"Cambridge, MA",1,147800,551112,Staff Data Scientist,35.6
GEEKAY Wires Limited,"Richardson, TX",1,72000,423510,Business Development Analyst,22.5
Geeth Limited Liability Co.,"Milwaukee, WI",1,112923,54151,Data Engineer,27.7
Geisinger Commonwealth School of Medicine,"Danville, PA",1,93163,622110,Systems Analyst Lead,23.2
Gemini Sports Analytics Inc.,"Pompano Beach, FL",1,75358,518210,Data Scientist,22.5
"Gemland Texas, Inc.","Houston, TX",1,,423940,Business Analyst,22.5
Genco Shipping & Trading Limited,"New York, NY",1,85000,488510,Data Scientist,22.5
"GENERAL ATLANTIC SERVICE COMPANY, L.P.","New York, NY",1,120000,523930,"Senior Analyst, Workday Finance & Hcm",29.3
General Council on Finance and Administration of The United Methodist Church,"Nashville, TN",1,85966,813110,Data Analyst/Report Developer,22.5
GENERAL GENETICS LLC,"Edmond, OK",1,100000,541715,Principal Machine Learning Engineer,24.8
General Index LLC,"Houston, TX",1,48381,5192,Market Analyst,22.5
"General Physician, P.C.","Buffalo, NY",1,92000,621111,Sql Database Developer / Business Intelligence Analyst,23.0
Generator Media and Analytics,"New York, NY",1,95000,541613,Senior Marketing Data Analyst,23.6
"Genesee & Wyoming Railroad Services, Inc.","Rochester, NY",1,120290,482112,Data Warehouse Architect,29.4
"GENESIS INFORMATION TECHNOLOGY & SERVICES, LLC","Irving, TX",1,85467,541511,Data Scientist / Ml Engineer,22.5
Genesis Software Solutions Inc,"Farmington Hills, MI",1,104000,541511,Computer Systems Analyst,25.7
Genesys Works,"Keller, TX",1,59530,813319,Data Analyst,22.5
GENEVA TRADING USA LLC,"Chicago, IL",1,138715,523140,Senior Quantitative Risk Analyst,33.6
"GenHealth, Inc.","Vienna, VA",1,140000,541714,Applied Machine Learning Engineer,33.9
GeniePro Technologies Inc,"Alpharetta, GA",1,85238,541511,Data Analyst,22.5
"GenInvo, Inc.","Bloomington, IL",1,77418,541511,Technical Lead - Data Analyst,22.5
"GENOSPEC, INC.","Acton, MA",1,,5417,Market Research Analyst,22.5
Gentherm Incorporated,"Novi, MI",1,86360,33632,Data Scientist,22.5
Genus Lifesciences Inc.,"Allentown, PA",1,60000,325411,Process Design Analyst,22.5
Genyus LLC,"Carrollton, TX",1,121000,621210,Software Engineer - Data And Ml Infrastructure,29.5
"GeoComputing Group, LLC","Houston, TX",1,126000,518210,Senior Database Administrator,30.7
GEODIGITAL INTERNATIONAL CORPORATION,"Sandy Springs, GA",1,90000,513210,Machine Learning Engineer,22.5
"Geoquest USA, Inc.","Sterling, VA",1,151786,541330,Oracle Ebs Techno-Functional Analyst,36.5
GEORGE MONROE PHILBECK P A.,"Orlando, FL",1,39957,531210,Marketing Analyst,22.5
"Georgia Outdoor Construction, Inc.","Cumming, GA",1,68000,561730,Marketing Analyst,22.5
"Georgia Pain and Wellness Center, LLC","Lawrenceville, GA",1,54038,621498,Operations Analyst,22.5
"Georgia Television, LLC","Atlanta, GA",1,58510,541840,Digital Product And Audience Analyst,22.5
"Geosys-Int’l, Inc.","Maple Grove, MN",1,142293,5413,Data Scientist,34.4
GeoZilla Inc.,"Boca Raton, FL",1,,513210,Market Research Analyst,22.5
Germania Farm Mutual Insurance Association,"Brenham, TX",1,105343,52412,Senior Technical Business Systems Analyst,26.0
"Gerson Lehrman Group, Inc.","New York, NY",1,233700,5191,"Director, Data Engineering",47.5
GES Technologies Inc,"Ellicott City, MD",1,70000,541511,Etl Testing Analyst,22.5
Get Weird LLC,"New York, NY",1,162500,4581,Business Intelligence Director,39.0
Getman Corporation,"Bangor, MI",1,68100,333131,Software Systems Analyst,22.5
Geval6 Inc,"Hoffman Estates, IL",1,60000,541511,Business Analyst,22.5
"Gexa Energy, LP","Juno Beach, FL",1,97375,221122,Senior Business Analyst,24.2
Geysers International Inc,"Jacksonville, FL",1,95680,541512,Product Analyst,23.8
"GfK Boutique Research, Inc.","New York, NY",1,98325,541910,Senior Research Analyst,24.4
"GG Tech Global, Inc","Alpharetta, GA",1,67995,541511,Business Analyst,22.5
GHANGHEI LLC,"Union, NJ",1,68400,541511,Financial Systems Analyst,22.5
Ghuman Properties LLC,"Ardmore, OK",1,70000,457110,Process Analyst,22.5
"GIC Asset Management, Pte Ltd.","New York, NY",1,175800,523940,"Associate, Quantitative Strategist, Corporate Credit - Loans",42.0
GIC US Invest Inc.,"New York, NY",1,270000,523940,"Vice President, Data Scientist",47.5
Giggso Inc,"Troy, MI",1,66435,518210,Data Scientist,22.5
"Ginsey Industries, Inc.","Swedesboro, NJ",1,71771,33999,Demand Planner Analyst,22.5
Givaudan Flavors Corporation,"Cincinnati, OH",1,100000,311930,Infrastructure Analyst Lead,24.8
GK Software USA Inc.,"Raleigh, NC",1,110988,541511,Senior Quality Assurance Analyst,27.3
GLACETECH INC,"Irving, TX",1,134500,541511,Senior Erp Analyst,32.6
"Glance Networks, Inc.","Wakefield, MA",1,90000,51321,Data Scientist,22.5
"GLASfunds Holdings, LLC","Cleveland, OH",1,62130,523940,Data Analyst,22.5
GlaxoSmithKline Consumer Healthcare Holdings (US) LLC,"Philadelphia, PA",1,173085,325412,"Director, Reputation & Functional Data & Insights",41.4
"Glayer, LLC","Valley, AL",1,50000,541614,Logistics Management Analyst,22.5
Glaze Tea Inc.,"Doraville, GA",1,57200,722513,Market Research Analyst,22.5
GLEN-GERY CORPORATION,"Wyomissing, PA",1,75000,327331,Sales Analyst,22.5
"Global Charter Services, Inc.","Chicago, IL",1,75000,485510,Product Analyst,22.5
Global Cleveland,"Cleveland, OH",1,,926110,Geir – Business Intelligence Analyst,22.5
Global Collect Services USA Inc.,"Needham, MA",1,112736,51821,Payment Performance Analyst,27.7
Global Dental Shop LLC,"Washington, DC",1,60000,423450,Market Research Analyst,22.5
Global Economic Advantage Inc.,"Rolling Meadows, IL",1,71594,54169,Data Scientist,22.5
GLOBAL ELECTION SERVICES INC,"New York, NY",1,80000,541511,Database Administrator,22.5
GLOBAL ESG LEADERSHIP ASSOCIATION CORP,"New York, NY",1,,81341,Statistical Analyst,22.5
GLOBAL ESG SOLUTIONS LLC,"Queens Village, NY",1,75000,561320,Computer Systems Analyst,22.5
Global Excellent Management Association,"Malden, MA",1,,813920,Business Intelligence Analyst,22.5
Global Executive Council Services,"Chicago, IL",1,85000,624190,Data Scientist,22.5
Global Financial Group LLC,"Elkhart, IN",1,68700,541611,Business Intelligence Analyst,22.5
GLOBAL GASTROENTROLOGY LLC,"Edison, NJ",1,,541611,Market Research Analyst,22.5
Global Inventory Solutions Corp,"New York, NY",1,76877,425120,Market Research Analyst,22.5
Global IT Family LLC,"Jersey City, NJ",1,89877,541511,Data Analytics Architect,22.5
Global Live Network,"Chicago, IL",1,,513210,Market Research Analyst And Marketing Specialist,22.5
Global Precision Research LLC,"New York, NY",1,72600,541820,Flashpoints Forum Analyst,22.5
Global Quality Corp.,"Covington, KY",1,43000,541511,Market Research Analyst-I,22.5
"Global Reach Internet Productions, LLC","Ames, IA",1,59114,541511,Web Data Analyst,22.5
"GLOBAL TRADE HOUSE, INC","Brooklyn, NY",1,98800,-4445,Business Analyst,24.5
Global Visse Inc,"Tampa, FL",1,71594,541511,Data Analyst,22.5
Global Vox LLC,"Herndon, VA",1,72055,541511,Database Administrator,22.5
Global Wholesale LLC,"Birmingham, AL",1,,425120,Management Analyst,22.5
"Global X Digital, LLC","Oklahoma City, OK",1,65000,518210,Data Analyst,22.5
Global Youth Consultancy LLC,"Lombard, IL",1,,541618,Data Scientist,22.5
"GlobalXperts, Inc.","Raleigh, NC",1,,541511,Data Analyst,22.5
Globe Origin LLC,"Alpharetta, GA",1,69285,541511,Data Analyst,22.5
"GLOBILITY, INC.","Garnet Valley, PA",1,70000,541512,Data Engineer,22.5
"Globule-Tech, LLC","Brandon, FL",1,115000,541512,Software Engineer – Data Engineer,28.2
GLOBYTES TECHNOLOGY SOLUTIONS LLC,"Shrub Oak, NY",1,,541511,Data Engineer,22.5
Glocal Marketing LLC,"Rego Park, NY",1,82763,541613,Data Analyst,22.5
Glory International Trading Inc,"Freeport, NY",1,85000,423220,Market Research Analyst,22.5
Glory Power of Construction Inc,"Levittown, PA",1,,236115,Analytical Strategist,22.5
GLOSATH LTD CO,"Katy, TX",1,90022,541511,Cloud Engineer (Database Admin),22.5
Glowin Technology Inc.,"New York, NY",1,,513210,Business Analyst,22.5
GM Lucky Corp.,"College Point, NY",1,,56111,Data Scientist,22.5
"GM Personnel Service, Inc.","Detroit, MI",1,136386,3361,Ev Lead Battery Data Analyst,33.0
"GMA Accessories, Inc.","S. Hackensack, NJ",1,70000,424990,Market Research Analyst,22.5
"GMD-South, Inc","Mokena, IL",1,70000,327991,Business Analyst,22.5
GMH Holding LLC,"North Bergen, NJ",1,90000,561599,Data Scientist,22.5
GN Audio USA Inc.,"Lowell, MA",1,144585,334310,Ai Engineer Ii,34.9
"GNS Healthcare, Inc.","Somerville, MA",1,110000,51821,Senior Research Scientist,27.0
Go Cloud Inc.,"Oswego, IL",1,89690,541511,Business Analyst,22.5
Go Idlewild LLC,"Flower Mound, TX",1,,5415,It Analyst,22.5
Go MVP Inc,"Hialeah, FL",1,,541613,Business Analyst,22.5
GO-KOALA INC,"Brooklyn, NY",1,81000,561599,Junior Data Analyst,22.5
GOLD DEPOT INC,"Houston, TX",1,72000,423940,Business Analyst,22.5
"Gold Standard Auctions, LLC","Farmers Branch, TX",1,75000,455219,Senior Data Analyst,22.5
"Gold Star Metalex, LLC","Fort Worth, TX",1,120000,423930,Operations Analyst,29.3
Gold Star Metals LLC,"Houston, TX",1,96000,423930,Business Development Analyst,23.9
Golden Age Home Care Inc,"Jackson Heights, NY",1,92000,621610,Management  Analyst,23.0
"Golden Dragon Association, Inc","Tallahassee, FL",1,50000,423620,Supply Chain Analyst,22.5
Golden Iceberg LLC,"Jersey City, NJ",1,110000,44529,Senior Quality Assurance Analyst,27.0
Golden IT Services LLC,"Boiling Springs, PA",1,,541511,Quality Analyst,22.5
Golden Meadow Investments LLC,"Jersey City, NJ",1,,5239,Market Research Analyst,22.5
Goldengate Auto Sales LLC,"Crystal, MN",1,51500,4411,Marketing Analyst,22.5
GOLDENGATE IT SOLUTIONS LLC,"South Plainfield, NJ",1,108306,541511,Data Engineer,26.7
Goldiam USA Inc,"New York, NY",1,,423940,Database Administrator,22.5
Golgix Inc.,"New Berlin, WI",1,100000,541511,Ai Engineer - Manufacturing,24.8
Golkin Corporation,"Manassas, VA",1,,236118,Database Administrator,22.5
"Gomez Law, PLLC","Houston, TX",1,,541110,It Helpdesk Analyst (On Site),22.5
GOOD CHEF RESTAURANT LLC,"Miami, FL",1,52000,722511,Management Analyst,22.5
Good Kids Education LLC,"Saint Paul, MN",1,79851,611110,Business Data Analyst,22.5
Good Neighbor House,"Dayton, OH",1,75800,621210,Director Of Program Data Center,22.5
Good-Ark Semiconductor USA Corp.,"Ronkonkoma, NY",1,79789,334413,Market Research Analyst,22.5
GOOD-WILL MECHANICAL CORP.,"Brooklyn, NY",1,,238220,Database Administrator - Complex Business,22.5
GOODS ON DEMAND LLC,"Bee Cave, TX",1,93000,45831,Business Analyst,23.2
Goodville Mutual Casualty Company,"New Holland, PA",1,105000,5241,"Extract, Transform, And Load (Etl) Developer",25.9
"Goodwill Industries - Big Bend, Inc.","Tallahassee, FL",1,42745,624310,Data Analyst,22.5
"Goodwill Industries International, Inc.","Derwood, MD",1,87550,624310,Data Compliance And Quality Assurance Specialist,22.5
"GoPath Laboratories, LLC","Buffalo Grove, IL",1,,621511,Management Analyst,22.5
"Gorbel, Inc.","Victor, NY",1,88913,333923,Data Engineer,22.5
"Gorgeous Smiles Dental, PC dba First Line Dental","Manchester, CT",1,,621210,Business Analyst,22.5
"Gorilla Paper, Inc.","Elk Grove Village, IL",1,85176,424120,Database Administrator,22.5
"GoSaaS, Inc.","Wilmington, DE",1,114754,541511,Senior Business Analyst,28.1
Goshen Healthcare Services LLC,"Orange, NJ",1,120000,621610,Business Analyst,29.3
Gospel Light Mennonite Church Medical A Plan,"Canton, OH",1,100000,524114,Software Quality Assurance Analyst,24.8
Gospel Light Mennonite Church Medical Aid Plan,"Canton, OH",1,85920,524114,Software Quality Assurance Analyst Iii,22.5
GoTo Foods LLC,"Atlanta, GA",1,91270,445291,Supply & Demand Planning Analyst,22.8
"GoTo Technologies USA, LLC","Boston, MA",1,102305,541511,Senior Finance Systems Analyst,25.3
"Government Employees Health Association, Inc.","Lee'S Summit, MO",1,134971,524114,Sr. Cloud Data Engineer - Snowflake,32.7
GovernmentCIO LLC,"Fairfax, VA",1,184501,54151,Data Warehouse/Business Intelligence Architect 5,44.0
Governors Lane LP,"New York, NY",1,250000,5239,Head Of Data Engineering,47.5
GOVINDJI'S LP,"Frisco, TX",1,110531,448310,Database Administrator,27.2
"GovSmart, Inc.","Charlottesville, VA",1,87339,541519,Public Policy Sales Analyst,22.5
"GowraTech, LLC","New York, NY",1,,541511,Business Analyst¿¿¿,22.5
"GP Consulting, LLC","Burke, VA",1,96096,541511,Business Information Data Management Specialist,23.9
GP Mobile LLC,"Dallas, TX",1,85467,517312,Senior Business Analyst,22.5
GPS Dental Management LLC,"Indianapolis, IN",1,68250,541611,Database Administrator,22.5
GQG Partners LLC,"Fort Lauderdale, FL",1,90000,523920,Crm & Reporting Analyst,22.5
GR Precious Color Inc.,"New York, NY",1,79900,423940,Business Development Analyst,22.5
"GRACE HOLMES, INC.","New York, NY",1,76000,458110,Supply Chain Analyst,22.5
"Grace International, LLC","Decatur, GA",1,,424990,Market Research Analyst,22.5
Graco Inc.,"Minneapolis, MN",1,135000,333914,Senior Data Engineer,32.7
Gradiant Corporation,"Woburn, MA",1,135000,22131,"Senior Engineering Manager, Software And Data Platform",32.7
Gradient AI Corp,"Boston, MA",1,112258,541511,Staff Data Scientist,27.6
"Gradient Systematics, LLC","Dallas, TX",1,80000,541330,Associate Data Analyst,22.5
"Graham Packaging Company, L.P.","Lancaster, PA",1,147594,326160,Ewm Sap Analyst,35.6
Grain Group LLC,"New York, NY",1,80000,541613,Senior Analyst,22.5
Grand Valley State University,"Allendale, MI",1,93521,611310,Systems Analyst,23.3
Grandview Diamonds LLC,"New York, NY",1,,423940,Database Administrator,22.5
"Granite Innovation, Inc.","Chicago, IL",1,71600,327991,Data Analyst,22.5
Granthium Corporation,"Schaumburg, IL",1,,541511,Data Analyst,22.5
Grantify Inc,"Wilmington, DE",1,72966,5132,Ai/Ml Engineer,22.5
Graphic Controls Acquisition Corp.,"Buffalo, NY",1,68250,54142,Technical Supply Chain Analyst,22.5
"Graphika Technologies, Inc.","New York, NY",1,120000,541910,"Lead Engineer, Data Solutions",29.3
"Grasshopper Bank, N.A.","New York, NY",1,125000,522110,Data Engineer,30.5
"Gravie, Inc.","Minneapolis, MN",1,129147,524210,Principal Clinical Data Analyst,31.4
"GRAY & MICHELLE EXPORT, LLC","New York City, NY",1,60174,523160,Commodity Trader Analyst,22.5
"Gray Associates, Inc.","Concord, MA",1,83000,54161,Analyst,22.5
GRAYCELL INC.,"Edison, NJ",1,95493,541511,Data Engineer,23.7
"Great Lakes Advisors, LLC.","Chicago, IL",1,103750,523150,Quantitative Developer & Data Engineer,25.6
"Great Lakes Services, LLC.","Chicago, IL",1,100000,721110,Data Engineer,24.8
"Great Public Schools for Indy, Inc.","Indianapolis, IN",1,72500,611710,Data Scientist,22.5
"Great River Health System, Inc.","West Burlington, IA",1,86038,622110,Business Intelligence Analyst,22.5
Greater Chicago Food Depository,"Chicago, IL",1,97000,624210,Senior Data Analyst,24.1
Greater New York Mutual Insurance Co,"New York, NY",1,144851,524130,"Manager, Financial Platform And Data Reporting",35.0
greatpointHR Inc.,"Concord, MA",1,120000,541511,Data Analyst,29.3
Green Acres Connection Inc..,"Valley Stream, NY",1,65000,517121,Market Research Analyst,22.5
"Green Card US Immigration Services, LLC","Winter Garden, FL",1,70720,541110,Business Analyst,22.5
Green Earth Opportunity LLC,"Niagara Falls, NY",1,78000,561720,Market Research Analyst,22.5
"Green Leaf Consulting Group, Inc.","Ambler, PA",1,190000,54151,Database Architect (Software Developer),45.2
"Green Lite Global Trading, Inc","College Point, NY",1,105000,444180,Data Analyst,25.9
Green Mountain Power Corporation,"Colchester, VT",1,133265,22112,Data Engineer,32.3
"Green Seed Group, LLC","Chicago, IL",1,67500,541611,Marketing Analyst,22.5
"Green Worldwide Shipping, LLC.","Decatur, GA",1,73944,488510,Data Engineer,22.5
Greenland Innovations LLC,"Waller, TX",1,38000,424610,Market Analyst,22.5
GreenLyne Inc,"Arlington, VA",1,225000,513210,Chief Of Artificial Intelligence (Ai) & Machine Learning,47.5
"GreenPath, Inc.","Farmington Hills, MI",1,111312,541611,Senior Business Intelligence/Etl Developer,27.3
"Greenphire, Inc.","King Of Prussia, PA",1,122550,5415,Data Engineer Iii,29.9
Greensight Inc.,"Boston, MA",1,105000,541715,Machine Learning Software Engineer,25.9
Greenskies Clean Energy LLC,"North Haven, CT",1,100000,221114,Analytics Associate,24.8
GreenStone Farm Credit Services,"East Lansing, MI",1,76048,522390,Data Analyst,22.5
"Greenworks North America, LLC","Mooresville, NC",1,118061,423820,Computer And Research Scientists,28.9
Grey Orange Incorporated,"Roswell, GA",1,68571,541614,Analyst,22.5
"GridAstra, Inc.","Frisco, TX",1,90000,513210,Senior Research Analyst,22.5
"GridAxon, Inc.","Lewisville, TX",1,75000,541330,Data Analyst,22.5
"Gridiron Insurance Underwriters, Inc.","Plantation, FL",1,35526,524210,Actuarial & Exposure Management Analyst,22.5
"Gridwise, Inc","Pittsburgh, PA",1,155000,511210,"Senior Data Analyst, Growth",37.3
Griffin Healthcare Advisors Inc.,"Stamford, CT",1,79789,541690,Marketing Analyst,22.5
Grill Time LLC,"Bartlett, IL",1,46051,449210,Market Research Analyst,22.5
Ground Effects LLC,"Dearborn, MI",1,83000,423120,It Systems Business Analyst - Edi Development,22.5
Ground Management Holdings LLC,"Paramus, NJ",1,65333,541511,Sql Database Administrator,22.5
Groundswell Corporation,"Mclean, VA",1,142755,541512,Database Developer,34.5
"Groundworks Operations, LLC","Virginia Beach, VA",1,106978,23811,Lead Database Developer,26.4
"GROUP 1 AUTOMOTIVE, INC.","Houston, TX",1,120750,441110,Business Intelligence Qlik Developer,29.5
Group for the Research of Iterative Agent Networked Technologies,"Mars Hill, NC",1,80000,5417,Data Analyst,22.5
"Group O, Inc.","Milan, IL",1,63835,561499,Data Analytics Specialist,22.5
Group One Trading LP,"Chicago, IL",1,109845,523110,Data Analyst (Operations Research Analyst),27.0
Group-S LLC,"White Plains, NY",1,93226,5413,Database Administrator,23.2
GROUPIN SOLUTIONS INC.,"Wilmington, DE",1,100500,541511,Data Engineer,24.9
Groupsoft US Inc.,"Princeton, NJ",1,68100,541511,Business Analyst,22.5
Groves & Company LLC,"Austin, TX",1,66123,541611,Junior Management Analyst,22.5
Grow Care Inc,"New York, NY",1,186846,621330,Lead Data Scientist,44.5
"Growbie, LLC","Allston, MA",1,54766,611430,Marketing Analyst,22.5
Growth Catalyst Inc.,"Hingham, MA",1,,5416,Business Analyst,22.5
Growth Wireless LLC,"Houston, TX",1,58677,449210,Data Analyst,22.5
GrowthAssistant LLC,"St. Louis, MO",1,72000,56199,"Marketing Analyst, Economics",22.5
GrowthAXL Shared Services LLC,"Houston, TX",1,80000,541519,Market Research Analyst,22.5
GSM-Fuji LLC,"Houston, TX",1,52000,541330,Market Research Analyst,22.5
"GST America, Inc.","Pflugerville, TX",1,90000,333242,Computer System Analyst,22.5
GSTATE CONSULTING LLC,"Manassas, VA",1,118310,541511,Business Analyst,28.9
GTECH LLC,"Coppell, TX",1,117000,5415,Data Analyst,28.6
GTS ENGINEERING USA INCOPORATED,"Houston, TX",1,,541330,Business Analyst,22.5
GTX Consulting and Services LLC,"Doral, FL",1,89000,54199,Business Management Analyst,22.5
"Guac, Inc.","New York, NY",1,150000,541512,Computer And Information Research Scientist,36.1
"GUADALUPE VALLEY ELECTRIC COOPERATIVE, INC.","Gonzales, TX",1,80000,22111,Data Analyst,22.5
"Guardion Health Sciences, Inc.","Houston, TX",1,67900,541714,Supply Chain Analyst,22.5
Guardis AI Inc,"St. Louis, MO",1,,541511,Data Scientist,22.5
Guidehouse Managed Services LLC,"Chicago, IL",1,80800,541611,Business Analyst,22.5
"Guideli, Inc","Middletown, DE",1,100000,541715,Data Scientist,24.8
GuideOne Insurance Company,"West Des Moines, IA",1,109224,524126,Data Warehouse Developer,26.9
"Guidesly, Inc","Buffalo, NY",1,110000,513210,Ai Lead / Data Scientist,27.0
"Guild and Facet, LLC","Carlstadt, NJ",1,,339910,Market Research Analyst,22.5
Gulf Coast Jewish Family and Community Services,"Clearwater, FL",1,70000,624190,Data Analyst,22.5
Gulfstream Aerospace Corporation,"Savannah, GA",1,125949,336411,It Qa Analyst Iii,30.7
Gunina Innovative LLC,"Herndon, VA",1,93246,541511,Database Administrator,23.2
Guo & Li Enterprises LLC,"Chicago, IL",1,69500,335132,Business Intelligence Analyst,22.5
Gushen America Inc.,"Heath, OH",1,60000,311224,Warehouse & Logistic Engineer,22.5
Guthrie County Hospital,"Guthrie Center, IA",1,,622110,Database Administrator,22.5
Guthrie Robert Packer Hospital,"Sayre, PA",1,,622110,Trauma Data Coordinator Analyst,22.5
GVA GROUP INC,"Miami, FL",1,74000,339999,Strategic Development Analyst,22.5
H & W Inc.,"St. Cloud, MN",1,72000,722515,Market Research Analyst And Marketing Specialist,22.5
H Mart Cambridge LLC,"Cambridge, MA",1,58219,445110,Product Planning Operations Research Analyst For Ma Market,22.5
H&A Consulting Inc,"Frisco, TX",1,67995,541511,Data Analyst,22.5
"H. Lee Moffitt Cancer Center and Research Institute, Inc.","Tampa, FL",1,93600,622310,Machine Learning Engineer,23.3
H.R.D. INC.,"Glenn Dale, MD",1,83000,541511,Data Analyst,22.5
"H3 Insights, LLC","Dallas, TX",1,101000,541613,"Analyst, Data Intelligence",25.0
Haantech LLC,"Flower Mound, TX",1,123926,54151,Computer Program Analyst (Salesforce Veeva Developer),30.2
HABR BROKERAGE INC.,"Edison, NJ",1,80000,541614,Operations Research Analysts,22.5
"HACHETTE BOOK GROUP, INC.","New York, NY",1,151819,513130,Lead Data Engineer,36.5
HACKENSACK PHARMACY INC.,"Hackensack, NJ",1,,45611,Management Analyst,22.5
"Hacking Medicine Institute, Inc.","Cambridge, MA",1,,54171,Ai Engineer,22.5
"Hadson (Toko) Trading Co., Inc","Maspeth, NY",1,,424450,Management Analyst,22.5
Haemonetics Corporation,"Boston, MA",1,77339,54171,Sales Operations Analyst,22.5
"Hagerty Management, LLC","Traverse City, MI",1,132981,52412,Data Scientist,32.3
HAILIANG COPPER TEXAS INC.,"Sealy, TX",1,45000,331420,Sales Analyst,22.5
"Haimo America, Inc.","Houston, TX",1,56555,33324,It/Database Administrator,22.5
Hajoca Corporation,"Lafayette Hill, PA",1,90000,423720,Data Analyst,22.5
Hala Systems Inc,"Richmond, IL",1,105000,926110,Ai/Ml Data Scientist,25.9
"Halcyon Tech, Inc.","Austin, TX",1,210000,519190,Data Platform Lead,47.5
"Hallmark Marketing Company, LLC","Kansas City, MO",1,131328,424120,Senior Data Engineer,31.9
HaloMD LLC,"Addison, TX",1,140000,541990,"Sr Project Mgr, Business Analyst",33.9
Halvik Corp,"Vienna, VA",1,165000,541512,Ai Research Scientist / Tech Lead,39.5
HAN TANG REALTY INC,"Bronx, NY",1,53248,531210,Data Analyst,22.5
HANA MART NY CORP,"New York, NY",1,,44511,Data Anaylst,22.5
Hand Hospitality LLC,"New York, NY",1,67850,55111,Data Management Analyst,22.5
Handel Architects LLP,"New York, NY",1,65000,541310,Machine Learning Project Manager,22.5
Hang Tung Resources USA Co. Ltd.,"Glenview, IL",1,55000,523210,Logistics Analyst,22.5
"Hang Tung ResourcesUSACo., Ltd.","Glenview, IL",1,55000,523160,Logistics Analyst,22.5
Hanker Systems Inc,"Chantilly, VA",1,97157,541511,Salesforce Systems Analyst,24.1
"Hannon Armstrong Capital, LLC","Annapolis, MD",1,70000,52391,Service Operations Analyst,22.5
Hannover Life Reassurance Company of America,"Charlotte, NC",1,124220,524210,Data Warehouse Systems Engineer,30.3
Hanon Alabama Corporation,"Shorter, AL",1,60000,423120,Shipping Analyst,22.5
Hansaraj Inc.,"Port Charlotte, FL",1,149323,446110,Pharmacy Operations & Business Development Analyst,36.0
"Hansen Pole Buildings, LLC","Browns Valley, MN",1,57500,444180,Database Administrator,22.5
Hanshow America Inc,"Plano, TX",1,168000,541511,Business Intelligence Analyst,40.2
HANSI TECHNOLOGIES LLC.,"Dallas, TX",1,63066,541511,Data Scientist,22.5
HANSVONLEHWALT INC.,"Avon, CT",1,76478,541512,Data Analyst,22.5
"HANUHIGH TECHNOLOGIES, INC.","Chesterfield, MO",1,99986,5416,Database Architect,24.8
Hanwha Azdel Inc.,"Forest, VA",1,60000,326130,Strategic Planning Analyst,22.5
"Hapax, Inc.","Austin, TX",1,170498,51821,Lead Data Engineer,40.8
"Happy Socks North America, Inc.","New York, NY",1,220000,458110,Chief Data Officer,47.5
Harantech LLC,"Austin, TX",1,125000,541511,Senior Systems Support Analyst,30.5
Harbar LLC,"Canton, MA",1,74000,311830,Sales And Product Analyst,22.5
HARBOR APOTHECARY INC.,"Bronx, NY",1,80850,456110,Data Analyst,22.5
"Harbor Capital Advisors, Inc.","Chicago, IL",1,112475,523940,Ai/Ml Engineer,27.6
"Harbourvest Partners, LLC","Boston, MA",1,118500,523930,"Associate, Data Scientist",29.0
Hark Enterprises LLC,"Apple Valley, MN",1,89315,7225,Market Research Analyst And Marketing Specialist,22.5
Harlem RBI Incorporated,"New York, NY",1,104000,611710,Director Of Database Management,25.7
"Harman Becker Automotive Systems, Inc.","Novi, MI",1,124500,334310,Senior Analyst Value Management,30.3
"Harman International Industries, Inc.","Stamford, CT",1,110000,334310,"Data Scientist, Innovation & Business Transformati",27.0
Harman Professional Inc.,"Richardson, TX",1,230000,334310,Senior Principal Machine Learning Engineer,47.5
"Harmann Studios, Inc.","De Pere, WI",1,75000,541921,Data Engineer,22.5
"Harmoni Solutions, Inc.","Akron, OH",1,122970,541511,Machine Learning Engineer,30.0
Harmony Public Schools,"Houston, TX",1,73174,611110,Project Manager “ Ai-Driven Solutions And Development,22.5
"Harp Management, LLC","Tinley Park, IL",1,60000,721110,Market Research Analyst,22.5
"HARPRO TECH, INC","Reston, VA",1,,541511,Business Analyst,22.5
HARRIS COUNTY,"Houston, TX",1,83000,922110,Procurement Data Scientist,22.5
Harris Local Government Solutions Inc.,"Maitland, FL",1,92622,541511,Quality Assurance Analyst,23.1
HarrisX LLC,"Washington, DC",1,76500,541910,Research Analyst,22.5
Harsco Corporation,"West Columbia, SC",1,112500,55111,Software Engineer – Ai Machine Learning,27.6
"Hart Howerton Partners, LtD","New York, NY",1,105000,54131,Database Developer,25.9
"Hart, Inc.","Kansas City, MO",1,122000,541511,Data Integration Developer,29.8
Hartwick College,"Oneonta, NY",1,66456,611310,Database And Erp Systems Analyst,22.5
"Harvard Management Company, Inc.","Boston, MA",1,120000,523920,Associate - Data & Business Analyst,29.3
Harvest Insurance LLC,"Riviera Beach, FL",1,104000,524210,Management Analyst Ii,25.7
Hashtag Techie LLC,"Dallas, TX",1,114941,541511,Senior Data Engineer,28.2
Hassle International Corporation,"San Antonio, TX",1,83075,7139,Computer Systems Analyst,22.5
Hastings Insurance Company,"Hastings, MI",1,110000,524126,Senior Etl Developer,27.0
Hatch Light LLC,"Washington, DC",1,52437,4561,Marketing Analyst,22.5
HAVEN BEHAVIORAL HEALTHCARE LLC,"Palm Springs, FL",1,,621420,Data Scientist,22.5
"HAVEYOUMET, INC.","New York, NY",1,82763,51821,Business Intelligence Specialist,22.5
HAWK'S BAY INSURANCE GROUP INC,"Irving, TX",1,67500,524210,Business Analyst,22.5
"HawkB, Inc.","Herndon, VA",1,110800,541511,Data Analyst,27.2
Hawthorne Direct,"Fairfield, IA",1,75000,541810,Data Visualization Developer & Analyst,22.5
"Hayward Industries, Inc.","Charlotte, NC",1,128606,423910,Business Intelligence Program Manager,31.3
"Hazel Health,  Inc.","Irving, TX",1,105000,518210,Data Scientist,25.9
HAZION LLC,"Houston, TX",1,60500,424410,Operations Analyst,22.5
HAZLET PHARMACY INC,"Hazlet, NJ",1,77789,456110,Database Administrator,22.5
HBK New York LLC,"Dallas, TX",1,184000,523920,"Software Engineer, Data Team",43.9
HBO Service Corporation,"New York, NY",1,94082,512110,"Senior Analyst, Business Planning & Strategy",23.4
"HCI GROUP, INC.","Tampa, FL",1,105000,524126,Business Systems Analyst,25.9
HCO OUTDOOR PRODUCTS LLC,"Duluth, GA",1,78000,541990,Database Administrators,22.5
HCS Certified Home Care NY Inc.,"Brooklyn, NY",1,110000,621610,Data Analyst,27.0
HD Consulting Inc,"Schaumburg, IL",1,,541511,Data Engineer,22.5
"HD Hyundai Marine Solution Americas Co., Ltd.","Houston, TX",1,59700,336611,Sales Data Analyst,22.5
HDI Global Insurance Company,"Chicago, IL",1,127000,52413,Data Engineer Team Leader,30.9
"HDR Corporate Services, Inc.","Omaha, NE",1,135366,5413,Senior Etl Developer,32.8
"HDVI Technology Services, Inc.","Chicago, IL",1,158826,524126,Senior Data Scientist,38.1
HE191 INC.,"Glen Cove, NY",1,,561422,Market Research Analyst,22.5
Heads or Tales Inc.,"Dallas, TX",1,,541511,Data Scientist,22.5
"HeadstormAI, LLC","Dallas, TX",1,118000,541511,Ai And Automation Consultant Iii,28.9
HEADSTREAM INC,"Wilmington, DE",1,125000,541511,Senior Systems Analyst - Technical Architect,30.5
"Healing Joints Physical Therapy, LLC","Parsippany, NJ",1,,621340,Operations Research Analyst,22.5
"Health Advances, LLC","Newton, MA",1,103500,541690,Senior Analyst,25.6
"Health Advocate Solutions, Inc.","Plymouth Meeting, PA",1,79787,541511,Healthcare Analyst,22.5
HealthBeacon US Inc.,"Orlando, FL",1,57750,54171,Business Development Analyst,22.5
Healthcare Legal Solutions LLC,"Washington, DC",1,74464,524291,Medical Claims Research Analyst,22.5
"Healthcare Strategy Group, LLC","Louisville, KY",1,99110,541611,Data Engineer,24.6
HealthCare.com,"Miami, FL",1,95000,524114,Data Engineer,23.6
"HealthEC, LLC","Edison, NJ",1,108306,541511,Business Intelligence Anaylst,26.7
Healthfirst Social Day Care Inc.,"Brooklyn, NY",1,,624120,Management Analyst,22.5
"HealthHelp, LLC","Houston, TX",1,109328,56142,Senior Business Analyst,26.9
"Healthly.AI Data, LLC","Louisville, KY",1,70000,518210,Clinical Data Analyst,22.5
"HealthMark Medical Group, LLC","Dallas, TX",1,135000,517919,Lead Business Systems Analyst,32.7
"HealthTrackRx, Inc.","Denton, TX",1,79227,621511,Clinical System Analyst,22.5
"HealthTrust Purchasing Group, LP","Nashville, TN",1,69701,55111,Clinical Data Analyst Ii,22.5
"HealthVantics, LLC","Rochester, NY",1,74776,541512,Clinical Informatics Specialist,22.5
Healthy Learners,"Columbia, SC",1,58906,624190,Business Intelligence Analyst,22.5
"Healthy Profits, LLC","Atlanta, GA",1,80000,621610,Data Analyst,22.5
Hear.com LLC,"Coral Gables, FL",1,101109,423450,Senior Software & Data Engineer,25.0
"Hearst Autos, Inc.","New York, NY",1,181091,541810,Senior Data Engineer,43.2
"Hearst Magazine Media, Inc.","New York, NY",1,152721,513120,Senior Data Scientist,36.8
Hearst Properties Inc.,"New York, NY",1,84100,516120,Data Analyst,22.5
"Hearst Technology, Inc.","New York, NY",1,165000,518210,"Senior Engineer, Data Management",39.5
"HeartCentrix Solutions, LLC","Dallas, TX",1,101650,541611,Senior Data Engineer,25.1
"Hearthside Food Solutions, LLC","Downers Grove, IL",1,138715,31191,Senior Manager Of Commercial Strategy And Analytics,33.6
HEARTSHARE HUMAN SERVICES OF NEW YORK,"Brooklyn, NY",1,,6241,Data Analyst,22.5
Heath Research Inc,"Menands, NY",1,75533,541714,Research Scientist Ii,22.5
Heaven Spice USA LLC,"S Plainfield, NJ",1,73590,722511,Management Analyst,22.5
Hebbia Inc.,"New York, NY",1,120000,54199,Analyst,29.3
Hebrew Rehabilitation Center,"Roslindale, MA",1,106000,623110,Data Scientist,26.1
Hebrew Union College - Jewish Institute of Religion,"Cincinnati, OH",1,62721,611310,Manager Of Institutional Research And Assistant Registrar,22.5
Hecta Data LLC,"Princeton, NJ",1,63066,541511,Data Engineer,22.5
Heico Holding Inc.,"Warrenville, IL",1,138715,52391,Business Intelligence Reporting Manager,33.6
"Heineken USA, Inc.","White Plains, NY",1,98700,312120,"Manager, Analytics & Data Science",24.5
Heliene USA Inc.,"Mountain Iron, MN",1,70000,221114,Supply Chain Analyst,22.5
"Helio Health, Inc.","Syracuse, NY",1,52520,623220,Data Analytics And Decision Support Specialist,22.5
HelioInfo Tech LLC,"Grapevine, TX",1,91562,541511,Computer Systems Analyst,22.9
Helix Tech IT Solutions,"Lewes, DE",1,85000,541519,It Analyst,22.5
"Helix Virtual Medicine, Inc","Jupiter, FL",1,70000,541511,Data Analyst,22.5
Hello China Inc,"Waltham, MA",1,,541820,Management/Business Analyst,22.5
"HELLO JASMINE, INC.","Chicago, IL",1,,722511,Management Analyst,22.5
"Helm43, LLC","Plymouth, MI",1,135000,541613,Data Warehouse Engineer,32.7
Hemant Patel MD PC,"New York, NY",1,82555,621111,It System Analyst - Specialist,22.5
HemaTerra Technologies LLC,"Baltimore, MD",1,80000,541519,Associate Data Management Engineer,22.5
Hendrick Medical Center,"Abilene, TX",1,,622110,Business Applications Analyst Ii,22.5
Heng Feng Food Services Inc.,"Lexington, MO",1,,4244,Business Analyst,22.5
Hengli America Corporation,"Bolingbrook, IL",1,,423830,Business Analyst,22.5
Henglong USA Corporation,"Troy, MI",1,74610,541330,Software Qa Analyst And Tester,22.5
Heptanet Technologies LLC,"Burlington, MA",1,,541512,Data Systems Analyst,22.5
Heptaware Technologies Inc,"Aurora, IL",1,83616,541511,Health Informatics Specialist,22.5
Heraa Technologies LLC,"Iselin, NJ",1,81328,541511,Qa Analyst,22.5
Heraeus Metals New York LLC,"New York, NY",1,80000,523130,Operations Analyst,22.5
HeraldAPI Inc,"Cambridge, MA",1,105000,513210,Technical Business Analyst,25.9
Herbert J. Thomas Memorial Hospital Association,"South Charleston, WV",1,64958,622110,Quality Analyst,22.5
"Hercules Pharmaceuticals, Inc.","Port Washington, NY",1,120000,32541,"Director Of Strategic Data Analytics, Business Development",29.3
Heritage Insurance Company - Heritage MGA LLC,"Tampa, FL",1,77801,524210,Bi Engineer I,22.5
Herlar LLC,"New York, NY",1,75733,513120,Management Analyst,22.5
"Hermannhof, Inc.","Hermann, MO",1,40000,3121,Pricing Analyst,22.5
Hertzler Systems Inc.,"Goshen, IN",1,69303,541511,Data Scientist,22.5
Hess Corporation,"Houston, TX",1,115877,2111,Senior Specialist It – Data Science,28.4
"Heuristic Therapeutic Services, LLC","Germantown, MD",1,120000,62142,Director “ Data Solutions,29.3
Hexad Solutions Group LLC,"Tupelo, MS",1,64000,541330,Data Engineer,22.5
"HF Management Services, LLC d/b/a Healthfirst","New York, NY",1,129522,524114,"Senior Qa Analyst, Claims",31.5
Hg (US) Inc.,"New York, NY",1,175000,523940,Data Analyst “ Portfolio,41.8
HGC Real Estate Advisory Group Inc.,"Boston, MA",1,81224,53131,Analyst,22.5
HGS Digital LLC,"Chicago, IL",1,125000,541511,Principal Secure Ai Researcher,30.5
"HHUNY, Inc.","Rochester, NY",1,87550,561110,Clinical Data Analyst,22.5
HI SHOP INC,"Merriam, KS",1,60362,493110,Database Administrator,22.5
Hibu Inc.,"Cedar Rapids, IA",1,120218,5418,Senior Bi Developer,29.4
HIGH QUARTILE LLC,"Chesterfield, MO",1,151110,541512,Business Intelligence Architect Iv,36.4
HIGH TECH CONSULTING INC.,"Somerset, NJ",1,100550,541511,Business Analyst,24.9
Highline Supplies Inc,"Garland, TX",1,69160,4239,Data Marketing Manager,22.5
Highline Warren,"Memphis, TN",1,64709,42312,Business Analyst,22.5
"HighRes Biosolutions, Inc.","Beverly, MA",1,148424,33911,Senior Data Engineer,35.8
Highspring LLC,"Brentwood, TN",1,160000,541611,Sr. Data Engineer,38.4
Hikigai Inc.,"Novi, MI",1,83000,541511,Machine Learning And Ai Engineer,22.5
"Hilco IP Services, LLC","New York, NY",1,68000,54199,Transfer Analyst/Ipv4 Lease Operations Management,22.5
"Hill Phoenix, Inc. (dba Dover Food Retail)","Conyers, GA",1,90000,33341,Siop Data Analytics - Kbgfjg177521-3,22.5
Hillsoft Business Solutions LLC,"Sugarland, TX",1,85467,541511,Analytics Engineer,22.5
Hilti Inc.,"Plano, TX",1,130813,33399,It Business Analyst,31.8
HinduACTion,"West Chester, OH",1,,81341,Analytical Strategist,22.5
Hirain Technologies USA Inc.,"Auburn Hills, MI",1,,423120,Supply Chain Data Analyst,22.5
Hireblox LLC,"Iselin, NJ",1,90000,5613,Omnichannel Ai Technology Lead,22.5
HIREGENICS INC.,"Atlanta, GA",1,,541612,Senior Business Analyst,22.5
HireKeyz Inc.,"Owings Mills, MD",1,81000,541511,Data Scientist,22.5
HireX Inc.,"New York, NY",1,,561312,Senior Systems Analyst,22.5
HistoGenetics LLC,"Ossining, NY",1,100022,62151,Computer System Analyst 1,24.8
Hitech Services Inc,"Upper Darby, PA",1,84864,541511,Programmer Analyst,22.5
HiTek US LLC,"Sugar Land, TX",1,130000,541511,Business Analyst,31.6
"Hitex Info, LLC.","Charlotte, NC",1,112430,541511,Data Engineer,27.6
HITI TECHNOLOGIES LLC,"Irving, TX",1,65000,541511,Market Research Analyst,22.5
HL Mando America Corporation,"Opelika, AL",1,79440,3363,Marketing And Business Planning Analyst Iii,22.5
HLH TRADING INC.,"Miami, FL",1,,44911,Market Analyst,22.5
"HM Home and Community Services, LLC","Pittsburgh, PA",1,101468,524114,Lead Business Intelligence Engineer,25.1
HM Protection Inc.,"Fairfax, VA",1,50523,423990,Marketing Analyst,22.5
HMD Transport Inc,"Chicago Ridge, IL",1,39957,48412,Market Research Analyst,22.5
HMM Cloud Consulting LLC,"Mckinney, TX",1,106000,541512,Senior Cloud Data Architect,26.1
HMP Properties LLC,"Williamsburg, VA",1,69118,531312,Operations Research Analyst,22.5
HNTB Corporation,"Kansas City, MO",1,139609,541330,Data Scientist Iii,33.8
Hoboken Smile Specialists LLC,"Hoboken, NJ",1,,621210,Business Analyst,22.5
Hocking College,"Nelsonville, OH",1,70000,611310,"Director, Institutional Research And Planning",22.5
Holcim (US) Inc.,"Dundee, MI",1,126275,32731,Lead Qlikview Developer And Analyst,30.7
Holistic Hospital Optimization LLC,"Waltham, MA",1,120000,621999,Data Scientist [00083871],29.3
Hollingsworth & Vose Company,"East Walpole, MA",1,80454,322121,Materials Analyst,22.5
Holocene Acquisition II LLC,"Austin, TX",1,95500,62133,Data Solutions Engineer,23.8
"Hologic Sales and Service, LLC","Marlborough, MA",1,166000,423450,"Manager,  Clinical Data Management",39.8
HOMACER INC.,"Norcross, GA",1,,4232,Marketing Analyst,22.5
"Home & Local Services, LLC","Edina, MN",1,51210,541613,Search Data Analyst For Home Services,22.5
Home Capital LLC.,"Brentwood, TN",1,70000,531390,Data Analyst,22.5
Home Hospital Newco Inc,"Minneapolis, MN",1,201566,621610,Ml Engineer,47.5
Home Plus Medical Supply Inc,"Flushing, NY",1,,423450,Data Scientist,22.5
Home Source 24-7 LLC,"Orlando, FL",1,70000,236118,Data Analyst - Financial,22.5
HOME TECH INNOVATION INC.,"Cambridge, MA",1,67500,541715,Financial Operations Business Data Analyst,22.5
"Homecare Software Solutions, LLC","New York, NY",1,92040,541512,Data Engineer,23.0
"HomeFree USA, Inc.","Landover, MD",1,77501,541611,Data Analyst,22.5
"HOMELINK REALTY, LLC.","Philadelphia, PA",1,75858,531210,Market Research Analyst,22.5
Homeowners of America Holding Corporation,"Irving, TX",1,98155,52412,Product Analyst,24.4
HOMESERVE USA CORP.,"Norwalk, CT",1,155000,561110,Sr. Dw/Bi Developer,37.3
Homeward Technology Inc.,"Brooklyn, NY",1,,541690,Data Scientist,22.5
"HONDA LOGISTICS NORTH AMERICA, INC.","East Liberty, OH",1,108659,541614,Techno Functional Analyst,26.7
Honeyrey Solutions Inc,"Mckinney, TX",1,98904,541512,Programmer Analyst,24.5
Honeywell Electronic Chemicals LLC,"Morris Plains, NJ",1,120000,54133,Data Engineering Supervisor,29.3
"Honeywell Safety Products USA, Inc.","Charlotte, NC",1,105077,541330,Data Analyst Ii,25.9
Hongmei Wang Real Estate LLC,"Brookline, MA",1,,531210,Market Research Analyst,22.5
Hongrun Zheng CO.,"Clarendon Hills, IL",1,72000,722511,Data Analyst,22.5
Hooli Homes Illinois Inc.,"Chicago, IL",1,70000,531311,Operations Research Analyst,22.5
"Hooli Homes USA, Inc.","Boston, MA",1,70616,531210,Database Engineer,22.5
Hoover Hot Spot,"Hoover, AL",1,40000,72251,Marketing Analyst,22.5
Hope Health and Housing,"Minneapolis, MN",1,,813319,Market Research Analyst,22.5
HOPE International,"Lancaster, PA",1,64542,813211,Senior Data Systems Analyst,22.5
Horizon Family Office Corp,"New York, NY",1,73600,525990,Management Analyst,22.5
"Horizon Health Care, Inc.","Howard, SD",1,74931,621498,Data Systems Administrator,22.5
Horizon Internal Medicine PLLC,"High Point, NC",1,70000,518210,Database Administrator,22.5
Horizon Traders Inc.,"Nashville, TN",1,69701,423440,Ai Data Analyst,22.5
Horne LLP,"Ridgeland, MS",1,110000,541211,Management Analyst,27.0
"Hose Master, LLC","Euclid, OH",1,82000,332999,Statistical Analyst,22.5
HOSPITALITY FLOORS AND SERVICES INC,"Lorton, VA",1,104000,238330,Business Systems Analyst,25.7
"HOTEL AND GAMING TRADES COUNCIL, AFL-CIO","New York, NY",1,100000,81393,Research Analyst,24.8
HOTYD LLC,"Chicago, IL",1,61443,72251,Database Administrator,22.5
House IQ LLC,"New York, NY",1,180000,541715,Ai Engineer,43.0
"House of Jeans, Inc.","Clifton, NJ",1,84000,458110,Business Intelligence & Data Analyst,22.5
Housing Trust Fund Corp.,"Albany, NY",1,68345,925110,Business Analyst,22.5
"Housing Works, Inc.","Brooklyn, NY",1,180250,923120,Vice President Of Data And Software Applications,43.0
Houston Advanced Research Center (HARC),"The Woodlands, TX",1,80036,541715,"Research Associate, Energy & It",22.5
Houston Terminal LLC,"Mt. Pleasant, SC",1,52000,488310,Business Development Analyst,22.5
"HOWARD HUGHES MANAGEMENT CO, LLC","The Woodlands, TX",1,160500,5313,Senior Portfolio Systems Analyst,38.5
Howard University,"Washington, DC",1,112000,611310,Senior Research Scientist,27.5
"HPS INVESTMENT PARTNERS, LLC","New York, NY",1,280000,523920,"Executive Director, Data Architect & Bus. Intel. Manager",47.5
"HPS SOFTWARE SOLUTIONS, INC.","St. Louis, MO",1,100000,541512,Software (Data) Engineer,24.8
HQB Advisors LLC,"New York, NY",1,56784,523999,Market Research Analyst/Ceo,22.5
HQL SOLUTIONS LLC,"Missouri City, TX",1,65000,541810,Data Analyst,22.5
"HR&A Advisors, Inc.","New York, NY",1,90000,541990,Analyst,22.5
"HS Hospitality, LLC","Groveport, OH",1,78374,721110,Revenue And Data Strategy Analyst “ Hospitality Operations,22.5
HSA CORPORATION,"Cambridge, MA",1,,611710,Data Scientist,22.5
"HSAC, LLC","Norcross, GA",1,42266,423420,Marketing Analyst,22.5
HSAGP Energy LLC,"Kingston, GA",1,130000,33591,Data Analyst Engineer,31.6
"HSP Group, Inc.","Tampa, FL",1,75000,541219,Data Engineer,22.5
"Hsu's Ginseng Enterprises, Inc.","Wausau, WI",1,60507,424990,Computer Systems Analyst,22.5
HTX INSURANCE AGENCY LLC,"Houston, TX",1,73500,5242,Business System Analyst,22.5
Huanmei Supply Inc,"Cedar Creek, TX",1,76000,424910,Management Analyst,22.5
"HUASHI PARK IFS CENTER, INC.","Duluth, GA",1,70000,52421,Operations Research Analysts,22.5
HUBCOM CORP,"Morton Grove, IL",1,65000,541511,Cyber Security Analyst,22.5
Hudson Advisors L.P.,"Dallas, TX",1,143685,525990,"Senior Analyst, Oracle Applications",34.7
Huffy Corporation,"Miamisburg, OH",1,48000,423910,Demand Planning Analyst,22.5
Huffy Corporation and Subsidiaries,"Miamisburg, OH",1,112840,336991,Enterpriseone Business Analyst,27.7
"HUGH M. CUNNINGHAM, INC.","Carrollton, TX",1,104000,42384,Sap Analyst,25.7
Hujump Chemical & Adhesive Inc,"Newburgh Heights, OH",1,,42469,Data Analyst,22.5
"Hulshart & Associates, LLC","Falls Church, VA",1,72134,531312,Business Analyst,22.5
"Human Mode, LLC","Oklahoma City, OK",1,81952,541511,Ai Software Engineer Ii,22.5
"Human Services Research Institute, Inc.","Cambridge, MA",1,75791,813219,Associate Data Engineer,22.5
Humboldt Park Health,"Chicago, IL",1,80000,622110,Quality Informatics Specialist,22.5
Hungryroot Inc.,"New York, NY",1,205000,445110,"Senior Manager, Marketing Analytics",47.5
Hunkar LLC,"Wallington, NJ",1,,423210,Market Research Analyst,22.5
"Hunt Alternatives, LLC","Washington, DC",1,82098,541820,Information Systems Analyst,22.5
Hunt Energy Company,"Dallas, TX",1,140000,2111,Sr. Data Engineer,33.9
HUNT OIL COMPANY,"Dallas, TX",1,140000,2111,Sr. Data Engineer,33.9
Hunt USA LLC,"Wingdale, NY",1,60174,449110,Marketing Analyst,22.5
Huntsman International LLC,"The Woodlands, TX",1,91000,325110,Senior Data Scientist,22.7
"HUSCO International, Inc.","Waukesha, WI",1,112750,332912,Engineer – Data Science Sr.,27.7
"HVA ELECTRONICS, INC.","Troy, MI",1,63523,54133,Production Planning Analyst,22.5
Hydril Company,"Houston, TX",1,68622,33121,Prod.Plan. & Sched. Analyst,22.5
HYDRIL USA DISTRIBUTION LLC,"Houston, TX",1,136500,333132,Analytics Specialist,33.1
"Hydro Extrusion USA, LLC","Rosemont, IL",1,70117,331314,Inventory Analyst,22.5
"Hylant Group, Inc.","Toledo, OH",1,69285,524210,Data Analyst,22.5
"Hynes & Khater, LLC","Houston, TX",1,105000,541511,Qa Analyst,25.9
Hyosung HICO Ltd.,"Memphis, TN",1,59000,221122,Planning And Inventory Analyst,22.5
Hypec Inc.,"Alvin, TX",1,40000,541620,Market Research Analyst,22.5
Hyposoft Solutions Inc,"Chantilly, VA",1,114026,541511,Etl Abinitio Developer,28.0
Hyrding LLC,"Bethlehem, PA",1,,541512,Product Analyst,22.5
HYTEK SOFT INC.,"Dallas, TX",1,115000,541511,Sr. Quality Analyst,28.2
Hyundai Materials Savannah Inc,"Savannah, GA",1,63003,423930,Operational Analyst,22.5
I LOVE NOODS LLC,"Columbus, OH",1,85000,551114,Market Research Analyst,22.5
i-PRO Americas Inc.,"Houston, TX",1,85000,334210,Business Intelligence (Bi) Developer,22.5
"I-Tech Staffing Services, Inc.","Norcross, GA",1,48000,561311,Market Research Analyst,22.5
i-Tech Support Services Inc.,"Ocoee, FL",1,47000,541512,Market Research Analyst,22.5
I-TECHOPS LLC,"Troy, MI",1,96741,541511,System Analyst,24.0
"Ibase of Fairfield County, LLC","Chicago, IL",1,134000,541519,Senior Specialist (Etl Developer),32.5
"Ibase of Fairfield County, LLC (d/b/a Qualitest Group)","Bridgewater, NJ",1,89000,541519,Business Analyst,22.5
Ibase Operations Corp (d/b/a Qualitest Group),"Chicago, IL",1,134000,541519,Senior Specialist (Etl Developer),32.5
IBaseIT Inc,"Chester, VA",1,130000,541511,Soc Analyst,31.6
"iBasis, Inc.","Lexington, MA",1,57886,541512,Rates Analyst,22.5
IBBUY INTL LLC,"Dover Plains, NY",1,79789,42399,Market Analyst,22.5
Ibn Sina Foundation Inc,"Houston, TX",1,60500,621498,Business Operations Analyst,22.5
IBSPOT.COM INC,"Elkins Park, PA",1,80850,45411,Data Analyst,22.5
IBT Management LLC,"New  York, NY",1,60000,513110,Advertising Operations Analyst,22.5
iCargoEx Inc,"Buford, GA",1,,493110,Operations Research Analyst,22.5
Icaza Investments Corp,"Doral, FL",1,,541611,Operations Research Analyst,22.5
Icchamani de Inc,"Newcastle, DE",1,86216,445110,Data Analyst,22.5
ICE CLEAR CREDIT LLC,"Atlanta, GA",1,116100,523210,Senior Qa Analyst,28.4
ICE FUTURES US INC,"Atlanta, GA",1,138800,523210,"Manager, Data Science",33.6
Ichnos Sciences Inc.,"New York, NY",1,165000,541714,Associate Director- Data Management,39.5
"iCims, Inc.","Holmdel, NJ",1,180000,541519,Sr. Principal Data Architect,43.0
iClean Air Products LLC,"Leesburg, VA",1,82700,45999,Data Analyst,22.5
Icloudteq LLC,"Houston, TX",1,92914,541511,Clinical Data Programmer,23.2
ICN GROUP CORP.,"New York, NY",1,,611710,Market Research Analyst,22.5
iCode Technologies LLC,"Farmington Hills, MI",1,,54133,Plm System Analyst,22.5
Icoinage Soft Labs LLC,"Downingtown, PA",1,101213,541511,Data Architect,25.0
ICON DESIGNERS LLC,"Exton, PA",1,70720,5416,Management Analyst,22.5
"ICON TECHNICAL GROUP, INC.","Washington, NJ",1,110000,541512,Computer Systems Analyst,27.0
"Icore Infotech, Inc.","Germantown, MD",1,144000,541511,Sr. System Analyst,34.8
"ICS Nett, INC","Chantilly, VA",1,118123,54151,Database Administrator,28.9
"ICXPRESS, INC.","Shelton, CT",1,75200,541511,Computer Systems Analyst,22.5
"ID Business Solutions, Inc.","Boston, MA",1,104217,512110,Data Scientist,25.7
"ID Logistics US, Inc.","Scranton, PA",1,122000,493110,Senior Database Administrator,29.8
IDARE LLC,"Houston, TX",1,90000,541330,Senior Operations Research Analyst,22.5
Idatalytics LLC,"Overland Park, KS",1,70500,541511,Junior Data Engineer,22.5
"IDC Research, Inc.","Needham, MA",1,82597,541910,Senior Research Analyst,22.5
Idea Technologies LLC,"Austin, TX",1,101192,54151,Cloud Data Engineer,25.0
Ideal Auto Enterprise Inc,"College Point, NY",1,,441110,Business Intelligence Analyst,22.5
"Ideal Impact, Inc.","Grapevine, TX",1,,541690,Savings Data Analyst,22.5
Idealagi LLC,"The Woodlands, TX",1,81500,541511,Technical Business Analyst,22.5
"Idelic, Inc.","Pittsburgh, PA",1,94266,5132,Senior Business Data Analyst,23.5
IDEMIA AMERICA CORP.,"Chantilly, VA",1,86000,541512,Data Analyst Iii,22.5
IdentifySensors Biologics Corp,"Shaker Heights, OH",1,125000,541714,Data Scientist,30.5
Identity and Access Solutions LLC,"Sterling, VA",1,102274,541511,Business Analyst,25.3
IDT Corporation,"Newark, NJ",1,115000,517111,Data Scientist,28.2
"IFCO Systems US, LLC","Tampa, FL",1,59904,327213,Customer Operations Analyst,22.5
IFG Group LLC,"Washington, DC",1,79200,236116,Management Analyst,22.5
IFGCure Inc,"Lakewood Ranch, FL",1,73000,458110,Supply Chain Analyst,22.5
"IFS North America, Inc","Itasca, IL",1,250000,541511,Ai Platform Engineering Lead,47.5
IG Entertainment RI LLC,"Warwick, RI",1,80000,713990,Data Scientist,22.5
"IG SERVICES, LLC","Dunwoody, GA",1,149760,551114,Senior Business Intelligence Developer,36.1
IGEN SYSTEMS LLC,"West Windsor, NJ",1,100000,541511,Interactive Voice Response Analyst,24.8
iGLO LLC,"Fort Worth, TX",1,,335122,Computer Systems Analyst,22.5
"IGNITE SALES, INC.","Dallas, TX",1,141283,513210,Mongodb Database Administrator,34.2
IGNITEC INC,"Sterling, VA",1,79000,5419,Data Scientist,22.5
ILANS Inc.,"Saline, MI",1,85000,541715,Business Intelligence Developer,22.5
ILJIN USA Corporation,"Novi, MI",1,68000,336111,Business Intelligence Analyst,22.5
Illinois Mutual Life Insurance Company,"Peoria, IL",1,103314,5241,Senior Data Analyst,25.5
Illinois Policy Institute,"Chicago, IL",1,108000,541720,Senior Data Analyst,26.6
Illume Health,"Norwalk, CT",1,120000,524114,Business Intelligence & Data Engineer,29.3
"Illumety, LLC","Bloomfield Hills, MI",1,70000,541511,Data Scientist,22.5
"ILOGIC, INC.","Hamilton, NJ",1,80371,541511,Product Manager/System Analyst,22.5
IM Beauty Supply LLC,"Marietta, GA",1,48000,425120,Market Research Analyst,22.5
Imaan International Inc,"Fredericksburg, VA",1,61000,423930,Marketing Research Analyst,22.5
IMAEX TRADING COMPANY,"Duluth, GA",1,49400,424460,Operations Research Analyst,22.5
"Image API, LLC","Tallahassee, FL",1,51126,541511,Senior Business Analyst,22.5
"Imagen Technologies, Inc.","New York, NY",1,220000,541511,Staff Machine Learning Research Engineer,47.5
iMarketResearch LLC,"Longboat Key, FL",1,95000,541613,Associate Manager Of Advanced Analytics,23.6
Imbed Biosciences Inc,"Middleton, WI",1,70000,33911,Logistics Analyst,22.5
IMC Companies LLC,"Collierville, TN",1,92700,48423,Senior Programmer Analyst,23.1
"IMCS GROUP, INC.","Irving, TX",1,90022,541511,Database Administrator,22.5
"Imerys Performance Minerals Americas, Inc.","Roswell, GA",1,95118,213115,Supply Chain Business Intelligence Manager,23.7
Imerys USA Inc.,"Roswell, GA",1,116462,21232,Business Analyst - Procure To Pay,28.5
IMG Holding Inc,"Taylorsville, NC",1,85800,331110,Management Analyst,22.5
iMINDS TECHNOLOGY SYSTEMS INC.,"Pittsburgh, PA",1,97000,541511,Data Analyst,24.1
IMMI EDUCATION INC,"Boonton, NJ",1,,611710,Market Research Analyst,22.5
Immidi Infotech LLC,"Gaithersburg, MD",1,78603,541511,Business Intelligence Analyst,22.5
Immokalee Pharmacy LLC,"Naples, FL",1,70000,446110,Business Operations Analyst,22.5
IMPELLENT TECHNOLOGIES INC,"Irving, TX",1,98301,541511,Data Analyst,24.4
"Imperial Utilities & Sustainability, Inc.","Bellaire, TX",1,60375,541620,Project And Data Analyst,22.5
Impex GLS Inc,"Grapevine, TX",1,60000,488510,Operations Research Analyst,22.5
Implementation Technologies Consulting Inc.,"Hattiesburg, MS",1,98825,541511,Business Intelligence Engineer,24.5
Implemented Today LLC,"Springfield, IL",1,,541511,Data Scientist,22.5
IMPLIFY INC,"Newark, DE",1,105019,541511,Computer Systems Analyst,25.9
Improving,"Plano, TX",1,,541511,Business Analyst,22.5
"InAmericaedu, LLC","New York, NY",1,103709,611710,Management Analyst,25.6
Incite Informatics LLC,"Northville, MI",1,83158,541512,Data Engineer,22.5
INCUFIERS TECHNOLOGY & SOLUTIONS INC,"New Albany, OH",1,85400,541511,Systems Analyst,22.5
IND Technology Inc,"New York, NY",1,163238,541512,Lead Data Scientist,39.1
"Indeed Flex, Inc.","Austin, TX",1,110000,5613,Senior Business Analyst,27.0
Independent International Business Consultants LLC (IIBC),"Broken Arrow, OK",1,92040,541511,Data Analyst/ Data Scientist,23.0
INDEPENDENT INTERNATIONAL BUSINESS CONSULTANTS LLC.,"Broken Arrow, OK",1,80000,541511,Data Scientist/Data Analyst,22.5
INDEPENDENT PHYSICIANS OF WISCONSIN LLC,"Milwaukee, WI",1,73528,621111,Clinical Data Manager,22.5
Independent Rapid Innovative Solutions LLC,"Murfreesboro, TN",1,60000,5419,Business Analyst,22.5
Indera Group LLC,"Mckinney, TX",1,92040,541511,Technical Business Analyst,23.0
"Indians, Inc.","Indianapolis, IN",1,58365,711211,Business Analyst,22.5
"Indigo Strategic Holdings, LLC","Chesapeake, VA",1,68162,54161,Data Analyst,22.5
Indigo Technologies Operations LLC,"Nashville, TN",1,80850,5242,Junior Data Scientist,22.5
"IndiMade Brands, LLC","Independence, OH",1,135000,425120,Operations Research Analyst,32.7
INDO PARK WORLD MARKET INC,"Arlington, TX",1,62150,445110,Data Analyst,22.5
"INDUS ADMINISTRATIVE SERVICES, LLC","Houston, TX",1,67600,561110,Operations Research Analyst,22.5
Indus Consulting Inc,"Aurora, IL",1,90000,541512,Data Architect,22.5
Indusplus LLC,"West New York, NJ",1,,531390,Quantitative Analyst,22.5
Industrial and Commercial Bank of China (USA) N.A.,"New York, NY",1,65333,522110,Database Analyst,22.5
Industrial and Commercial Bank of China Limited,"New York, NY",1,111966,522110,Accounting Data Analyst,27.5
"Industrial and Commercial Bank of China Ltd., NY Branch","New York, NY",1,90000,522110,Data Analyst,22.5
"Industrial and Commercial Bank of China, Financial Services LLC","New York, NY",1,75000,522110,Operations Research Analyst,22.5
"Industrial Container Services, LLC","Atlanta, GA",1,85000,326199,Sr Data Analyst,22.5
Industrial Scienti¿c Corporation,"Pittsburgh, PA",1,166858,334513,Global Enterprise Data Architect,40.0
"Indxx, Inc","Miami, FL",1,87485,5239,Systems Analyst,22.5
INEOS Composites,"Grandview Heights, OH",1,125000,325211,It Sap Analyst,30.5
"INFAC NORTH AMERICA, INC.","Campbellsville, KY",1,57000,3363,Business Intelligence Analyst,22.5
"Inference Analytics, Inc.","Chicago, IL",1,100000,5417,Machine Learning Engineer,24.8
Inferenz Inc,"Vienna, VA",1,109242,541511,Cloud Data Architect,26.9
INFI IT LLC,"Langhorne, PA",1,,541511,Business Analyst,22.5
INFI USA INC,"Chicago, IL",1,84552,541330,Operations Research Analyst,22.5
"Infinity Global, Inc.","Danville, VA",1,180000,423990,"Director, It Business Application & Data",43.0
Infinity Gold Investment Corporation,"Tampa, FL",1,67200,424210,Supply Chain Operations Analyst,22.5
INFINITY INNOVATIVE INC,"New York, NY",1,,513130,Strategic Marketing Risk Analyst,22.5
"Infinity Tax Solutions, Inc.","Schaumburg, IL",1,95000,541219,Data Analyst,23.6
Infinity Trans Inc.,"Valley Stream, NY",1,69515,488510,Market Research Analyst,22.5
Infixus Trading Inc,"Plainview, NY",1,82555,44921,Computer Systems Analyst,22.5
INFO DINAMICA CORPORATION,"Princeton, NJ",1,100000,541512,Qa Analyst,24.8
Info Junction LLC,"Newburgh, NY",1,89253,54151,Ai Consultant,22.5
Info Origin Inc,"Topeka, KS",1,85010,541511,Business Analyst,22.5
Info Triangle Technologies Inc,"Dallas, TX",1,108992,541511,Data Engineer,26.8
Infobuilders,"Farmers Branch, TX",1,67995,541511,Business Data Analyst,22.5
InfoChain Technologies Inc,"Brambleton, VA",1,88000,541511,Database Administrator,22.5
INFODATAWORX LLC,"Mckinney, TX",1,75000,541690,Data Engineer,22.5
InfoDyne Solutions LLC,"Waxhaw, NC",1,91000,541511,Quality Assurance Analyst,22.7
Infogen Software Solutions Inc,"Herndon, VA",1,73882,541511,Edi Analyst,22.5
INFOGLAD LLC,"Livonia, MI",1,85238,541511,Sr. Data Analyst-Collibra,22.5
"Infopact, Inc.","Ashburn, VA",1,99000,54151,Data Analyst,24.5
"Informa Support Services, Inc.","Sarasota, FL",1,138000,561110,Ai Engineer,33.4
Infoserv LLC,"Gainesville, VA",1,110739,541511,Incident And Process Management Analyst,27.2
INFOSWIFT SOFTWARE LLC,"Cornelius, NC",1,86861,541511,Financial Analyst,22.5
Infosytech Solutions Inc,"Ruston, LA",1,108285,5415,Business Data Analyst,26.7
"Infotech Houston Solutions, LLC.","Houston, TX",1,62800,518210,Qa Analyst,22.5
Infotree Global Solutions Corp,"Plymouth, MI",1,,5419,Ai Engineer,22.5
"InfoTrust, LLC","Blue Ash, OH",1,83325,54169,Advanced Activation Analyst,22.5
Infozen Inc,"Charlotte, NC",1,78707,541512,Business Technical Analyst,22.5
"Infraclear, Inc.","Chevy Chase, MD",1,95000,513210,Data Engineer,23.6
Ingredion Inc.,"Westchester, IL",1,111966,31122,Process Modeling Data Scientist,27.5
Ingredion Incorporated,"Westchester, IL",1,123190,31122,Business Intelligence And Data Analyst,30.0
Inguran LLC,"Navasota, TX",1,169668,115210,Financial Business System Analyst,40.6
INIVeWAY llc,"Brooklyn, NY",1,85000,711510,Digital Systems Analyst,22.5
"Injured Workers Pharmacy, LLC","Andover, MA",1,80000,456110,Marketing Intelligence Analyst,22.5
Inlyt Solutions LLC,"Atlanta, GA",1,,541512,Data Scientist,22.5
"Inman Group, LLC","Tallahassee, FL",1,114670,53139,Business Data Analyst,28.1
"Innatrix, Inc.","Durham, NC",1,,541714,Computational Scientist,22.5
InnCreTech LLC,"Princeton, NJ",1,90000,541511,Associate Data Engineer,22.5
"Innermedia, Inc.","Wexford, PA",1,72467,518210,Database Analyst,22.5
INNIO WAUKESHA GAS ENGINES INC.,"Waukesha, WI",1,115000,213112,Lead Data Scientist,28.2
Innokite Global Solutions LLC,"Mckinney, TX",1,63003,541511,Research Analyst,22.5
Innova Staffing LLC,"Herndon, VA",1,129251,541511,Data Architect,31.4
Innovaly Corp,"Richardson, TX",1,92000,541611,Software Systems Analyst,23.0
"Innovance, Inc.","Albert Lea, MN",1,83221,332999,Erp Analyst,22.5
"INNOVATEEDU, INC.","Brooklyn, NY",1,69888,611110,Data Associate,22.5
Innovation Brands Corp,"New York, NY",1,100000,51321,Data Analyst,24.8
Innovations for Poverty Action,"New York, NY",1,126655,541720,Management Analyst (Director),30.8
INNOVATIVE BI SOLUTIONS INC.,"Ashburn, VA",1,107411,541513,Data Science Engineer,26.5
Innovative Electronics Corporation,"Houston, PA",1,78582,334418,Systems Analyst,22.5
"Innovative Quality Solutions, Inc.","Louisville, KY",1,72000,54191,Data Analyst,22.5
INNOVATIVE VENTURES IN INFORMATION TECHNOLOGY LLC,"Dalton, GA",1,50200,541511,Software Quality Assurance Analyst,22.5
INNOVCENTRIC LLC,"Allen, TX",1,65500,541511,Business Systems Analyst,22.5
Innoventworks LLC,"Frisco, TX",1,90000,541511,Cloud Data Engineer (Software Engineer),22.5
InnovTech Inc,"Herndon, VA",1,144000,54151,Senior Database Administrator,34.8
INOBICS LLC,"Paoli, PA",1,82763,561330,Business Analyst,22.5
"Inpro/Seal, LLC","Rock Island, IL",1,155000,332991,Jde Developer Analyst - Kbgfjg325625-1,37.3
"INROADS TO RECOVERY, INC.","Omaha, NE",1,72000,623220,Business Analyst,22.5
"Inside Petroleum, Inc.","Humble, TX",1,75000,5416,Data Scientist,22.5
Insight AWP LLC,"Houston, TX",1,79999,541614,Junior Data Engineer,22.5
Insight Venture Management LLC,"New York, NY",1,187500,523920,"Senior Manager, Data Science",44.7
Insignia Consultancy Solutions LLC,"Dennison, TX",1,120661,541511,Database Developer,29.5
Instellars Global Consulting Inc,"Wilmington, DE",1,90000,541511,Packaged Application Development Analyst,22.5
"Instinet Group, LLC","New York, NY",1,139506,523150,"Associate, Business Analytics",33.8
"Institute for Educational Leadership, Inc.","Washington, DC",1,97807,611710,Senior Data Analyst,24.3
"Institute for Medical Research, Inc.","Durham, NC",1,95000,541715,Biostatistician Iii,23.6
Institute for Security and Technology,"Washington, DC",1,250000,813219,Senior Director Of Sl5 Task Force And Ai Security,47.5
Institutional Investor LLC,"New York, NY",1,82763,516210,Data Analyst,22.5
Instyle LLC,"New York, NY",1,,423940,Marketing Analyst,22.5
Insurance Masters LLC,"North Augusta, SC",1,100000,524210,Data Engineer,24.8
INSURANCE OFFICE OF AMERICA INC.,"Longwood, FL",1,75557,52421,Digital And Marketing Brand Analyst,22.5
"INSYS Group, Inc.","New York, NY",1,124384,541511,Data Engineer,30.3
INTALENT LLC,"Plano, TX",1,95000,541511,Salesforce Business Analyst,23.6
Integra Systems Shell INC,"Houston, TX",1,82763,541519,Onestream Analyst,22.5
Integral Global Consulting LLC,"Tucker, GA",1,135533,541690,Public Health Informatician/Data Manager,32.8
IntegraLED LLC,"Latham, NY",1,62628,23821,Product Analyst/Specialist (Logistician),22.5
Integrated Anesthesia Associates LLC,"Hartford, CT",1,112000,62111,Data Analyst,27.5
"Integrated Decisions and Systems, Inc. (IDeaS)","Bloomington, MN",1,125694,541511,Sr. Staff Scientist,30.6
Integrity Express Logistics LLC,"Cincinnati, OH",1,64813,541614,Associate Data Engineer,22.5
Intent HQ Americas Inc.,"New York, NY",1,150000,541511,Data Engineer,36.1
Inteplast Group Corporation,"Lolita, TX",1,67000,3261,Database Specialist,22.5
"Inter Miami CF, LLC","Miami, FL",1,84999,711211,"Senior Analyst, Business Intelligence",22.5
Interactions LLC,"Franklin, MA",1,100500,511210,Nlp Scientist,24.9
InterMetro Industries Corporation,"Wilkes-Barre, PA",1,57362,337212,Data Analytics Specialist,22.5
Internap Holding LLC,"Norcross, GA",1,122450,51821,Sr. Business Intelligence Architect,29.9
"International Automotive Components Group North America, Inc.","Southfield, MI",1,124200,336360,It Analyst Iii,30.3
International Bank of Chicago,"Chicago, IL",1,,522110,Core System Analyst,22.5
International Drug Development Institute Inc.,"Raleigh, NC",1,123250,541715,"Team Leader, Statistical Programming",30.1
International Drug Development Institute Inc. dba IDDI,"Raleigh, NC",1,121750,541715,"Team Leader, Statistical Programming",29.7
"International Dunnage, LLC","Thunderbolt, GA",1,,326112,Operations Research Analyst,22.5
International Esperanza Project,"Dallas, TX",1,55000,81341,Marketing Research Analyst,22.5
International Finance Bank,"Miami, FL",1,61963,522110,Portfolio Analyst,22.5
International Freeze Dry,"Cary, NC",1,,311423,Marketing Research Analyst,22.5
"INTERNATIONAL INFORMATION TECHNOLOGY TEAM, INC.","Red Bank, NJ",1,95000,541511,Computer Systems Engineer (Data),23.6
"International Institute for the Brain, LTD","New York, NY",1,60500,5417,Marketing Research Analyst,22.5
International Investing Group Inc,"New York, NY",1,,523940,Data Analyst,22.5
"International Leadership of Texas, Inc.","Richardson, TX",1,55682,61111,International Marketing Analyst,22.5
International Materials Group LLC,"Taylorsville, NC",1,85800,331110,Management Analyst,22.5
"International Oncology Network Solutions, Inc.","Carrollton, TX",1,107000,424210,Quality Assurance Analyst Ii,26.4
International Projects Consultancy Services (IPCS) Inc.,"Minneapolis, MN",1,49500,541512,Application Support Analyst,22.5
"International Swaps and Derivatives Association, Inc.","New York, NY",1,82763,813910,"Data Analyst, Membership",22.5
International Trademark Association,"New York, NY",1,131874,928120,"Sr. Developer, Web And Big Data",32.0
"International Transportation Services, Inc.","El Paso, TX",1,82181,48412,Transportation Analyst,22.5
Interparfums USA LLC,"New York, NY",1,84000,424210,Sales Business Analyst,22.5
Interpretable AI LLC,"Belmont, MA",1,130000,541715,Research Scientist,31.6
"Interscripts, Inc.","South Riding, VA",1,110739,541511,Data Scientist,27.2
"Intersoft Data Labs, Inc.","Columbia, MD",1,105000,541511,Qa Analyst,25.9
INTERSTATE BATTERIES INC.,"Dallas, TX",1,128544,423120,Senior Oracle Database Administrator,31.3
Interstate Gas Supply LLC,"Dublin, OH",1,108306,221210,"Data Scientist, Enterprise Analytics",26.7
"InterTech systems, LLC","Minneapolis, MN",1,150000,541519,Senior Data Science Engineer,36.1
Inthings Corp,"White Plains, NY",1,76000,4243,Digital Marketing Analyst,22.5
"Intra-Cellular Therapies, Inc.","New York, NY",1,165860,325412,"Associate Director, Statistical Programming",39.7
InTransit LLC,"Coraopolis, PA",1,75480,484121,Data Engineer,22.5
"Intrepid Consumer Holdings, LLC","Chicago, IL",1,145000,541219,Quantitative Analyst (Data Science),35.0
InveniAI Corporation,"Guilford, CT",1,,5417,Operation Research Analyst,22.5
Inventitglobal LLC,"Saint Petersburg, FL",1,61000,5416,Business Analyst,22.5
Invergis Technologies LLC,"Exton, PA",1,115000,541511,Data Analyst,28.2
InvestM Technology LLC,"East Rutherford, NJ",1,,541511,Middle Office Technical Analyst - Eagle Rdc,22.5
Investors Preferred Life Insurance Co,"Sioux Falls, SD",1,83387,523940,Actuarial Analyst,22.5
Invexer Technology Inc.,"Sterling, VA",1,87000,541511,Bi Analyst,22.5
INVICKTUS INC,"Itasca, IL",1,86000,541511,Systems Analyst,22.5
"Invicro, LLC","New Haven, CT",1,163567,541715,"Scientist I, Data Science",39.2
Invidi Technologies Corporation,"Princeton, NJ",1,90000,5418,Data Scientist,22.5
Invincible Tech Systems Inc.,"Bentonville, AR",1,106704,541511,Systems Analyst,26.3
"Invisalert Solutions, Inc.","West Chester, PA",1,128773,54151,Data Analytics And Visualization Specialist,31.3
Invision Global Tech. Inc,"Irving, TX",1,68000,541511,Data Engineer,22.5
INVISTA SARL,"Wichita, KS",1,80000,31499,Data Scientist,22.5
Invizio LLC,"Miami, FL",1,81900,54151,Computer Analyst & Technical Service Manager,22.5
"Involved Media, Inc.","Pearl River, NY",1,70900,541840,"Analyst, Media Analytics & Customer Success",22.5
io-consultants L.P.,"Bethlehem, PA",1,75000,541614,Supply Chain Analyst,22.5
"ION Trading, Inc","New York, NY",1,93000,541511,Lead Technical Analyst,23.2
Ion-Asia USA Inc.,"Lewes, DE",1,53477,333413,Business Development Analyst,22.5
Iowa Department of Revenue,"Des Moines, IA",1,130000,921130,Data Scientist 2,31.6
Iowa Healthcare Collaborative,"Norwalk, IA",1,94000,813319,Senior Data Analyst,23.4
"IPEX SYSTEMS, INC.","Tampa, FL",1,62000,541512,Cloud Data Engineer,22.5
"Ippon Technology, Inc.","Richmond, VA",1,134077,513210,Senior Data Engineering Consultant,32.5
Iprime Education LLC,"Fort Lee, NJ",1,,611710,Educational Technology And Business Analyst,22.5
IPROGRAM LLC,"Frisco, TX",1,86000,541511,Data Engineer,22.5
"Ipsen Bioscience, Inc.","Cambridge, MA",1,169592,325411,Principal Statistical Programmer,40.6
"IPURA CONSULTING GROUP, LLC","Hampton, NH",1,75000,5416,Informatics Data Analyst,22.5
IQ-CONSULTING LLC,"Piscataway, NJ",1,95493,541511,Systems Data Engineer,23.7
"iQi, Inc","Austin, TX",1,96900,541511,Ai Product Manager,24.1
Iqnox LLC,"Miami, FL",1,80000,541512,Business Analyst,22.5
"iQtransit, Inc.","Boxborough, MA",1,108000,541511,Programmer Analyst,26.6
"IQumulus, LLC","Austin, TX",1,125000,541715,Industrial Data Scientist,30.5
Irca Group USA LLC,"Duluth, GA",1,116667,31135,Senior Financial Planning Analyst,28.6
Irie Technologies LLC,"Mckinney, TX",1,44625,541511,Db2 Database Administrator,22.5
Iris Corporation,"Overland, KS",1,70500,812112,Business Intelligence Analyst,22.5
IRIS INFOTECH INC,"Jacksonville, FL",1,104603,541511,Statistical Programmer,25.8
Iris Soft Solutions Corporation,"Oldbridge, NJ",1,81100,541511,Computer Systems Analyst,22.5
"Ironmark, LLC","Annapolis Junction, MD",1,72000,541613,Digital Marketing Analyst,22.5
"Irving Consumer Products, Inc.","Macon, GA",1,82451,322120,Site Data Lead,22.5
Irvington Pharmacy LLC,"Irvington, NJ",1,,456110,Database Administrator,22.5
"ISC Holdings, LLC","Atlanta, GA",1,82493,52429,Data Scientist,22.5
"ISC Industries, Inc.","Carlstadt, NJ",1,64563,4413,Operations Research Analyst,22.5
ISL Ideal School of Languages Inc,"Orlando, FL",1,53227,611630,Functional Systems Documentation Analyst,22.5
ISMILE TECHNOLOGIES LLC,"Bolingbrook, IL",1,82000,541611,Ai Engineer,22.5
iSphere Innovation Partners LLC,"Houston, TX",1,140000,5415,Sr. Sap Analyst,33.9
isResearch ltd,"Caseyville, IL",1,,541512,Geospatial Data Analyst,22.5
iStar Jewelry LLC,"Pine Brook, NJ",1,60000,423940,Market Research Analyst,22.5
"Isuzu Technical Center of America, Inc.","Plymouth, MI",1,116626,336110,"Senior Engineer, Data Science & Artificial Intelligence",28.6
IT CORPZ INC,"Edison, NJ",1,81099,541511,It Analyst,22.5
IT GENIUS LLC,"Pompano Beach, FL",1,88878,541511,Data Scientist,22.5
IT Great Minds Inc.,"Prosper, TX",1,69285,54151,Sap Business Intelligence Developer,22.5
IT iON Solutions Inc.,"Frisco, TX",1,81037,541511,Performance Test Analyst,22.5
IT OPENDOORS LLC,"Plano, TX",1,153600,541511,Azure Data Engineer,37.0
IT PANDITS INC,"Leesburg, VA",1,79851,541511,Data Warehouse Analyst,22.5
iT People Corporation,"Morrisville, NC",1,110000,541511,Sap Functional Analyst,27.0
IT PRIME INC.,"Irving, TX",1,100714,541690,Systems Analyst,24.9
IT PRIMEINC LLC.,"Irving, TX",1,91562,541690,Sap Fico Analyst,22.9
IT REQS LLC,"Glen Ellyn, IL",1,68058,541511,Data Analyst,22.5
IT RESILIENCE INC,"Mckinney, TX",1,118800,541511,Business Analyst,29.0
"IT Resonance, Inc.","Naperville, IL",1,150000,54151,Senior Data Engineer,36.1
IT Ridge Technologies LLC,"Dallas, TX",1,90100,541511,Database Administrator,22.5
IT SOLVE LLC,"Richardson, TX",1,90000,541511,Data Engineer,22.5
IT Talentforce LLC,"Farmington Hills, MI",1,,541511,Data Analyst/Project Co-Ordinator,22.5
IT WHISTLE CORPORATION,"Irving, TX",1,65395,54151,Qa Analyst,22.5
IT WORKFORCE INC,"Indianapolis, IN",1,80267,541511,Technical Analyst,22.5
"IT WORKS MARKETING, INC.","Palmetto, FL",1,72000,456191,Qa Analyst Ii,22.5
ITALY BLUE AUTO SALES LLC,"Miami, FL",1,49629,441120,Management Analyst/Business Analyst,22.5
ITEA LLC,"Boston, MA",1,,722515,Management Analyst,22.5
ITF LLC,"Hazelwood, MO",1,65000,484121,Logistics Analyst,22.5
"ITFaces, Inc.","Alpharetta, GA",1,85925,541511,Quality Assurance & Data Analyst,22.5
"ITG Brands, LLC","Greensboro, NC",1,96400,312230,Data Scientist,24.0
ITGLOBNET LLC,"Streamwood, IL",1,96928,541511,Ai/Ml Solutions Engineer,24.1
"Itineris NA, Inc.","Atlanta, GA",1,86403,541512,Senior Data Migration Functional Consultant,22.5
ITIYAM LLC,"Ashburn, VA",1,108000,541511,Etl Developer,26.6
"IVEDIX, Inc.","Pittsford, NY",1,131934,541511,Sr Director Of Data Science And Analytics,32.0
iVigee USA LLC,"Burlington, MA",1,175000,518210,Head Of Argus Database Systems,41.8
iVita Financial LLC dba iVitaFi,"Atlanta, GA",1,115000,522390,Product Owner/Business Analyst,28.2
IVORY HOME HEALTH SERVICES INC,"Reynoldsburg, OH",1,65000,621610,Health Informatics Specialists,22.5
Ivory Tower International LLC,"New York, NY",1,,611710,Market Research Analyst,22.5
"Ivoyant, LLC","Atlanta, GA",1,110000,541511,Machine Learning Software Engineer,27.0
Ivy Elite Inc,"New York, NY",1,,561410,Market Analyst,22.5
Ivy League Unitas USA Inc.,"New York, NY",1,,611691,Data Analyst,22.5
Ivy Tech Community College,"Indianapolis, IN",1,115000,611310,Data Strategy Developer,28.2
IvyPath International Education Consulting LLC,"New York, NY",1,67850,611710,Operations Research Analyst,22.5
"IvyTech Solutions, Inc.","Arlington Heights, IL",1,108077,541511,Ms Sql Dba/Bi Developer,26.6
"IvyWise, LLC","New York, NY",1,82763,518210,College Counseling Business Data Analyst,22.5
IXCHEL SOLUTIONS INC,"New York, NY",1,108306,541511,Business Intelligence Analyst,26.7
"IYAN, INC.","Okemos, MI",1,90528,541512,Systems Analyst,22.6
IYK MANAGEMENT LLC,"Paramus, NJ",1,,53131,Market Research Analyst,22.5
"Izi Medical Products, LLC","Owings Mills, MD",1,85000,3391,Data Reporting Analyst,22.5
"IZUM, Inc.","Rockville, MD",1,108113,541512,Computer Scientist,26.6
J & D Tech Inc,"Nesconset, NY",1,,423620,Data Warehouse Specialist,22.5
J & Y Restaurant Group LLC,"Austin, TX",1,65645,722511,Management Information Analyst,22.5
"J Capital Research, USA","Westbrook, CT",1,102000,519290,Equities Analyst,25.2
J&F International Group Inc,"Jersey City, NJ",1,,-4445,Operations Research Analyst,22.5
J&J Solutions Consulting Inc,"New York, NY",1,,5416,Business Analyst,22.5
J'S LAB INC,"Long Island City, NY",1,65000,812112,Market Research Analyst,22.5
"J, Goldman & Co., LP","New York, NY",1,120000,525910,Data Engineer,29.3
J. D. PHARMACY INC.,"New York, NY",1,89586,456110,Database Administrator,22.5
"J. Knipper & Company, Inc.","Lakewood, NJ",1,125000,541614,Business Systems Analyst,30.5
"J. Zhang And Associates, P.C.","Flushing, NY",1,,541110,Legal Operations Analyst,22.5
"J.P. Strom, Jr. P.A.","Columbia, SC",1,75000,5411,Business Analyst,22.5
J.R. Complete Construction Inc.,"Orlando, FL",1,52998,2361,Administrative Analyst,22.5
"Jabil Procurement Services, Inc","Saint Petersburg, FL",1,86674,541614,Supply Chain Technical Analyst,22.5
"Jack Morton Worldwide, Inc.","Detroit, MI",1,96000,541810,Data Analytics Manager,23.9
Jacksonville State University,"Jacksonville, AL",1,57574,611310,Data Specialist,22.5
"Jacobs Levy Equity Management, Inc.","Florham Park, NJ",1,190000,523920,Quantitative Engineer,45.2
Jacobson Agency LLC,"Yankton, SD",1,,524210,Insurance Business Analyst,22.5
JACQUELINE ANALYTICS LLC,"New York, NY",1,83000,541519,Data Analyst,22.5
Jade Century Properties Inc,"New York, NY",1,84000,531390,Market Research Analyst,22.5
Jagadguru Kripaluji Yog,"Plano, TX",1,,813110,It Database Engineer,22.5
"JAGGAER, LLC","Research Triangle Park, NC",1,124000,511210,Senior Data Engineer,30.2
"Jahnel Group, Inc.","Schenectady, NY",1,63000,54151,Database Developer,22.5
Jai Maharaj Jai Mataji LLC,"Stow, OH",1,64800,7225,Financial Data Analyst,22.5
JALPA TRADING USA INC.,"New York, NY",1,,423940,Data Analyst,22.5
"James Lawrence Kernan Hospital, Inc.","Baltimore, MD",1,71000,622110,Data Analyst I,22.5
"James R Whelan Agency, LLC","West Palm Beach, FL",1,45000,541613,Market Research Analyst,22.5
"James River Management Company, Inc.","Richmond, VA",1,99086,524126,Database Administrator,24.6
James S. McDonnell Foundation,"St. Louis, MO",1,80000,813211,Mixed Method Data Analyst,22.5
"JANUS Research Group, LLC","Lexington, MA",1,81224,541330,Senior Research Associate I,22.5
Japale LLC,"Shenandoah, TX",1,37440,722320,Market Research Analyst,22.5
Japan Taste Trading LLC,"Ridgewood, NY",1,79789,42445,Marketing Analyst,22.5
Jarvis Business Solutions LLC,"Chicago, IL",1,70000,541511,Business Analyst,22.5
Jarvis Industries Inc.,"Brooklyn, NY",1,175000,561510,Machine Learning Engineer,41.8
Jasanis International Inc,"Buna, TX",1,73216,424410,Data Analyst,22.5
Jascole Inc,"Sugar Land, TX",1,50731,424490,Supply Chian Analyst,22.5
"Jasper Colin Research, Inc","New York, NY",1,225000,541910,"Director, Analytics",47.5
Jay R. Smith Mfg. Co./Smith Industries,"Montgomery, AL",1,75000,326191,Analyst,22.5
Jayakrishna LLC,"Monett, MO",1,57470,45711,Management Analyst,22.5
Jayne B Company,"New York City, NY",1,163862,61171,Senior Machine Learning Engineer,39.3
"JAZZ SOLUTIONS, INC.","Ashburn, VA",1,147000,541511,Database Administrator,35.5
"JB Harris Transport, LLC","Newnan, GA",1,83200,484110,Data Analyst,22.5
JBR INFO TECH LLC,"Laurel, MD",1,99694,541511,Data Engineer,24.7
"JDR Consultants, Inc","Dallas, TX",1,62400,541611,Sales Analyst,22.5
JDS AMERICA INC,"Garfield, NJ",1,,4243,Fashion Market Research Analyst,22.5
JDX Consulting Inc,"New York, NY",1,134160,54161,Senior Data Analyst,32.5
JDX GLOBAL INC,"The Colony, TX",1,46000,33792,Market Research Analyst And Marketing Specialist,22.5
"Jedi, Inc.","Atlanta, GA",1,64438,722511,Management Analyst,22.5
JEEZNY SOURCING LLC,"Baltimore, MD",1,,541330,Database Specialist,22.5
Jefferson Health Plan,"Steubenville, OH",1,89656,92119,Data Analyst,22.5
Jeju R&D LLC,"New York, NY",1,60000,722511,Market Research Analyst,22.5
JELLYJOY INC,"Fairfield, NJ",1,,423940,Data Scientist,22.5
Jenkem Technology USA Inc.,"Plano, TX",1,70008,325998,Product Marketing Analyst,22.5
Jennis technologies LLC,"Syosset, NY",1,75275,541511,Aws Data Engineer,22.5
Jennison Associates LLC,"New York, NY",1,150000,524210,"Assistant Vice President, Sr Client Reporting System Analyst",36.1
Jesse Livermore Securities LLC,"Houston, TX",1,80040,52311,Data Scientist,22.5
JET BRIDGE LLC,"Novi, MI",1,70000,541511,Data Analytics Specialist,22.5
JET LIFE SCIENCES CO. INC,"Mckinney, TX",1,64126,42345,Supply Chain Analyst,22.5
"Jet Midwest, Technik, Inc","Kansas City, MO",1,75000,488190,Data Analyst,22.5
"Jetty National, Inc.","New York, NY",1,135000,811310,Data Scientist,32.7
JGN Construction Corporation,"Middle Village, NY",1,,236220,Computer Systems Analyst,22.5
JIAHE Realty Inc.,"Flushing, NY",1,,531210,Marketing Analyst,22.5
JIN CHEN CPA PA,"Tampa, FL",1,71261,541211,Operations Research Analysts,22.5
Jindal SAW USA LLC,"Baytown, TX",1,72717,331210,Database Analyst,22.5
JK Acquisition LLC,"Rochester, NY",1,78145,33991,Database Administrator,22.5
JK SOLUTION INC,"Hackensack, NJ",1,65000,488510,Logistics Analyst,22.5
JLB CONSULTING INC.,"Waunakee, WI",1,87000,541511,Business Intelligence Analyst And Developer,22.5
"JLK HAAN GROUP, INC.","Long Island City, NY",1,,315210,Operations Research Analyst,22.5
JLP One Consulting LLC,"New Windsor, NY",1,,5614,Management Analyst,22.5
JM Flex Solutions LLC,"Deerfield Beach, FL",1,150000,423110,Sr. Data Engineer,36.1
"JM Informations Systems, LLC","Edison, NJ",1,103605,541519,Data Engineer,25.6
JME & CO NYC LLC,"New York, NY",1,,425120,Sourcing Operations Analyst,22.5
JNR PHARMACY BREWSTER INC.,"Brewster, NY",1,96500,456110,Pharma Validation & Compliance Analyst,24.0
"JOBBA TRADE TECHNOLOGIES, INC","Chicago, IL",1,89690,54151,Data Scientist,22.5
JobsOhio,"Columbus, OH",1,70564,92611,Research Analyst,22.5
Joffa,"Memphis, TN",1,56514,459510,Partner Analyst,22.5
John Carroll University,"University Heights, OH",1,79290,611310,"Developer Analyst, Enterprise Applications",22.5
John Disbrow,"Tampa, FL",1,65000,424110,Marketing Analyst,22.5
"John Gore Theatrical Group, Inc.","New York, NY",1,85065,561599,Business Intelligence Analyst,22.5
"John Jay College of Criminal Justice, CUNY","New York, NY",1,141643,611310,Director Of Institutional Data Management And Analytics,34.2
Johnson & Wales University,"Providence, RI",1,90000,611310,Information Security Analyst Ii,22.5
"Johnson County, Kansas","Olathe, KS",1,144532,921140,Senior Oracle Financial Applications Analyst,34.9
"Johnson Health Tech North America, Inc.","Cottage Grove, WI",1,131000,423910,Sap Business Analyst - Project Manager,31.8
JONATHAN Y DESIGNS INC.,"New York, NY",1,80000,42322,Decision Analyst-E-Commerce,22.5
"Jordan Healthcare, Inc.","Dallas, TX",1,140000,6216,Senior Integrations Reporting Analyst,33.9
"Joseph C. Lu Engineering, PC","Rochester, NY",1,84240,541330,Business Analyst,22.5
Josh Packaging Inc,"Hauppauge, NY",1,83000,326111,Data Scientist,22.5
Josh Pros LLC,"Alpharetta, GA",1,86403,541511,Computer Systems Analyst,22.5
Joy Import & Wholesale Inc,"River Vale, NJ",1,,423940,Market Research Analyst,22.5
JOYALUKKAS JEWELRY ILLINOIS INC.,"Chicago, IL",1,87464,458310,Business Insights & Analytics Manager,22.5
JP Ecommerce Inc.,"Columbus, MN",1,61630,423220,Global Logistics Analyst,22.5
JP Glassware Inc.,"Piscataway, NJ",1,120000,42399,Management Analyst,29.3
JP Technologies LLC,"Ashburn, VA",1,105210,541511,Data Engineer,26.0
JP Wedge Technology LLC,"State College, PA",1,66352,424720,Business Intelligence Analyst,22.5
JPC LOGISTICS LLC,"Hillsborough, NJ",1,56784,541330,Market Research Analyst,22.5
"JRD Systems, Inc.","Clinton Township, MI",1,94806,541519,Programmer Analyst,23.6
JSJ Corporation,"Grand Haven, MI",1,106090,5511,Qad Business Systems Analyst,26.2
JSM CONSULTING INC,"Monroe Township, NJ",1,107000,541511,Business Analyst-Ii,26.4
JT International USA Inc.,"Teaneck, NJ",1,83016,424940,Strategic Insights Analyst,22.5
JT Petroleum LLC,"Mequon, WI",1,50000,424720,Supply Chain Manager And Analyst,22.5
JTM Digital LLC,"Bethesda, MD",1,,5416,Senior Data Analyst,22.5
Jubilee Cell LLC,"Atlanta, GA",1,63150,449210,E-Commerce And Retail Marketing Analyst,22.5
JUBU CORP.,"New York, NY",1,50086,4243,Statistical Analyst,22.5
"JUMPSTART, INC","Cleveland, OH",1,62130,54199,Data Analyst,22.5
Juno Genetics US Inc.,"Basking Ridge, NJ",1,120000,6215,Bioinformatics Data Scientist,29.3
Juns Construction Inc.,"College Point, NY",1,97200,23611,Project Analyst,24.1
"JUPITER RESEARCH SERVICES, INC.","Edison, NJ",1,80000,54171,Statistician,22.5
Jupiter Software Solutions LLC,"Cumming, GA",1,105500,541511,Data Warehouse Specialist,26.0
"Jura Pentium, Inc.","New York, NY",1,200000,513210,Senior Data Engineer,47.5
"Just Drive It, LLC","Des Plaines, IL",1,95000,441110,Business Analyst,23.6
Juyang Prince Holding Corp,"Flushing, NY",1,83200,722511,Business Intelligence Analyst,22.5
JW CAT Group LLC,"Middletown, DE",1,66000,4841,Market Research Analyst,22.5
JY ELECTRONICS USA CORP.,"Marlborough, MA",1,,45411,Operations Research Analyst,22.5
K & K ENTERPRISES INC.,"Hoboken, NJ",1,95000,423390,Business Analyst,23.6
"K Base Technologies, Inc.","Herndon, VA",1,78374,541511,Erp Systems Analyst,22.5
K P DELI CORP.,"Staten Island, NY",1,,445131,Database Administrator,22.5
K S BILLING & ASSOCIATES INC,"South Richmond Hill, NY",1,83000,524210,Business Data Analyst,22.5
K TEK SOFT INC,"Bentonville, AR",1,77813,541511,Quality Analyst,22.5
K-Dimensional Holdings Inc.,"New York, NY",1,105000,522320,Senior Revenue Operations Analyst,25.9
"K. M. Air Conditioning, Inc.","Houston, TX",1,103000,221330,Market Research Analyst,25.5
K2 Squash LLC,"Berwyn, PA",1,,611620,Sports Data Analyst,22.5
"K3-Innovations, Inc.","Plainsboro, NJ",1,145000,541715,Statistical Programmer,35.0
KA-SAPSOLUTIONS INC,"Houston, TX",1,114000,541511,Sap Developer Analyst,28.0
KaayaTech,"Miami, FL",1,81600,541511,Business Analyst,22.5
Kabona International Corporation,"Houston, TX",1,85500,424460,Business Management Analyst,22.5
"Kaco USA, LLC","Lincolnton, NC",1,44762,33331,Business Analyst,22.5
KADCON Corporation,"Washington, DC",1,110000,236210,Management Analyst,27.0
"KAE Logistics, Inc.","Pensacola, FL",1,50000,484110,Logistics Analyst,22.5
Kaebox L.L.C.,"Middletown, DE",1,,541614,Data Scientists,22.5
KAFURING MANAGEMENT USA LLC,"Chicago, IL",1,,6211,Business Analyst,22.5
Kaiju Labs Inc,"Dover, DE",1,75067,541511,Operation Research Analyst,22.5
Kairas Tech LLC,"Irving, TX",1,90022,541511,Database Administrator,22.5
"Kais Associates, LLC","Irving, TX",1,67000,541511,Technical Analyst,22.5
"Kaizen Soft Solutions, LLC.","Tampa, FL",1,80371,541511,Jr Data Analyst,22.5
Kaizen Software Systems Inc,"Charlotte, NC",1,78000,541511,Programmer Analyst,22.5
"Kal Freight, Inc.","Arlington, TX",1,41600,48412,Marketing Research Analyst,22.5
Kal Service,"Milwaukee, WI",1,,447110,Management Analyst,22.5
"Kalamata Capital Group, LLC","Bethesda, MD",1,147743,522291,"Senior Manager Of Modeling, Data Analytics And Data Science",35.6
KALPANA INC,"Evansville, IN",1,40000,72111,Hospitality Management Analyst,22.5
"Kaneka Americas Holding, Inc.","Pasadena, TX",1,156001,32518,Process Data Scientist Ii,37.5
Kang Lu USA Corp,"Woodbury, NY",1,220000,722511,Management Analyst,47.5
Kansara Systems Inc.,"Dayton, NJ",1,94000,541512,Database Administrator,23.4
Kansas City Southern RailwayCompany,"Kansas City, MO",1,99882,482111,Specialist Data Management,24.7
KANSHE INFOTECH INC,"Katy, TX",1,110739,541511,Business Analyst 2,27.2
"KAPUR & ASSOCIATES, INC.","Milwaukee, WI",1,51584,541330,Market Research Analyst,22.5
"Kar Nut Products Company, LLC","Madison Heights, MI",1,96900,31191,It Business Intelligence Analyst,24.1
Karbone Inc.,"New York, NY",1,150000,541990,Senior Data Analytics Research Associate,36.1
Karp Strategies LLC,"New York, NY",1,140000,5416,Management Analyst,33.9
Karpal Inc.,"Dallas, TX",1,,44133,Business Analyst,22.5
Karya Consulting LLC,"Round Rock, TX",1,79643,541511,Quality Assurance Analyst,22.5
Kashvida inc,"Alpharetta, GA",1,82971,541511,Software Developer- Data & Ai Systems,22.5
Kay Kay Overseas Corporation,"Dallas, TX",1,92000,423690,Business Analyst,23.0
Kaynes Technology Inc.,"Morris Plains, NJ",1,130000,561311,Technical Business Analyst And Scrum Lead,31.6
KayPee LLC,"Burlington, MA",1,66560,458310,Business Analyst,22.5
KAYRA CREATION INC.,"New York, NY",1,,423940,Design Strategist (Design Management Analyst),22.5
"Kaztronix, LLC","Arlington, VA",1,,54199,Testing Data Analyst,22.5
"KB Signaling Operation, LLC","New York, NY",1,87585,334290,Industrial Data Engineer,22.5
KCLOUD LLC,"Parsippany, NJ",1,82555,541512,Computer Systems Analyst,22.5
"Keen360, Inc.","King Of Prussia, PA",1,110000,54161,Sr. Sales Operations Analyst,27.0
"Keena Healthcare Technology, LLC","Skaneateles, NY",1,88899,541519,Data Engineer,22.5
Keer America Corporation,"Indian Land, SC",1,61200,313110,Production Operations Statistical Analyst,22.5
Kekst and Company Incorporated,"New York, NY",1,82000,541820,Senior Analyst,22.5
KELI NETWORK INC.,"New York, NY",1,100000,519130,Data Scientist,24.8
Kellogg Sales Company,"Chicago, IL",1,92018,31191,Senior Customer Analyst,23.0
Kem Krest LLC,"Elkhart, IN",1,67205,541614,Supply Chain Analyst,22.5
"Ken's Food Distribution, LLC","Houston, TX",1,54371,424480,Market Research Analyst,22.5
Ken's Produce US Inc.,"Houston, TX",1,,424480,Market Research Analyst,22.5
KENAI SOLUTIONS LLC,"Dallas, TX",1,85467,541511,Data Scientist,22.5
Kenco Management Service LLC,"Chattanooga, TN",1,93856,493110,Business Systems Analyst,23.4
"Kendell Doors & Hardware, Inc.","Mendota Heights, MN",1,64459,332321,Business Management Analyst,22.5
Kenneth Young Center,"Elk Grove Village, IL",1,81508,621420,Manager Of Quality & Data,22.5
Kensoft LLC,"Eden Prairie, MN",1,90646,541511,Data Analyst/Quality Engineer,22.6
"Kent Security Services, Inc.","North Miami, FL",1,65000,561612,Data Science Analyst,22.5
Kent State University,"Kent, OH",1,63710,611310,Institutional Research Information Officer,22.5
"Keolis Transit America, Inc.","Boston, MA",1,70000,485112,Lead Data Analyst,22.5
Kesin Pharma Corporation,"Oldsmar, FL",1,68000,325412,Procurement And Logistics Analyst,22.5
Kessler Foundation,"East Hanover, NJ",1,91850,54171,Research Scientist,22.9
KETHAMSOFT LLC,"Ashburn, VA",1,82300,541511,Computer Systems Analyst,22.5
Keurig Green Mountain Inc.,"Burlington, MA",1,111363,311920,Senior It Analyst,27.4
KEVADIYA INC.,"Pontiac, MI",1,110000,541511,Computing Research Scientist,27.0
Key Cube Technologies Inc.,"Chicago, IL",1,90000,541511,Data Scientist,22.5
Keymouz Technologies Inc.,"Houston, TX",1,90002,541511,Oracle Database Administrator,22.5
"KeySource Acquisition, LLC","Cincinnati, OH",1,90000,325412,Business Intelligence Manager,22.5
KEYSTONE ORAL SURGERY ASSOCIATES PC,"Shamokin Dam, PA",1,64480,621210,Dental Health Informatics & Technology Specialist,22.5
KF Tea Massachusetts Inc.,"Boston, MA",1,,42499,Business Analyst - Customer Satisfaction,22.5
KGL Networks USA Inc,"Northvale, NJ",1,,488510,Jr. Marketing Analyst,22.5
"KGS TECHNOLOGY GROUP, INC.","Alpharetta, GA",1,,541511,Machine Learning Engineer,22.5
Khanijo,"Reston, VA",1,83000,541512,Technical Business Analyst,22.5
KHNC LLC,"Pittsburgh, PA",1,110000,3119,"Sr. Analyst, Strategic Planning Finance",27.0
KHUSHI JOY LLC,"Knoxville, TN",1,78000,425120,Systems Analyst,22.5
"Kiavi, Inc.","Pittsburgh, PA",1,172600,522310,Sr. Data Scientist,41.3
Kidstale Playgrounds LLC,"Houston, TX",1,,62441,Management Analyst,22.5
Kidzone Learning Center LLC,"Doral, FL",1,50000,624410,Management Analyst,22.5
KIK International LLC,"Lawrenceville, GA",1,120000,325613,Otm Business Systems Analyst,29.3
"Killam Oil Co., Ltd.","Laredo, TX",1,60000,541370,Gis Analyst,22.5
KIMCP TRADING INC,"New York, NY",1,,541613,Market Research Analyst,22.5
"Kin Insurance, Inc.","Chicago, IL",1,163200,524210,Senior Data Scientist,39.1
Kindeva Drug Delivery L.P.,"Woodbury, MN",1,123065,325412,Senior It Business Analyst,30.0
KINETICAI INC,"The Woodlands, TX",1,125000,541511,Research Scientist,30.5
King & Spalding LLP,"Atlanta, GA",1,144050,5411,Data And Analytics Engineer,34.8
KING DESIGN JEWELRY LLC,"Boca Raton, FL",1,,423940,Market Research Analyst,22.5
Kings Highway Tennis Club,"Darien, CT",1,70000,713940,Racquet Sports Business Management Analyst,22.5
Kinship Partners Inc.,"New York, NY",1,126360,51321,Data Engineer,30.8
"Kintetsu World Express (U.S.A.), Inc.","Jericho, NY",1,55418,541614,Regional Analyst,22.5
Kiran Gems USA Inc.,"New York, NY",1,62000,423940,Market Research Analyst,22.5
KIRANAM TECHNOLOGIES INC,"Coppell, TX",1,70886,541511,Clinical Data Analyst,22.5
Kirby Corporate Services LLC,"Houston, TX",1,160000,488330,Data Scientist,38.4
Kirkland & Ellis LLP,"New York, NY",1,250000,541110,Manager Of Ai Development & Innovation,47.5
"Kirklin Solutions, Inc.","Helena, AL",1,90134,54151,Health Informatics Specialist I,22.5
"Kiski Alpha Partners, LLC","New York, NY",1,100000,523940,Financial Analyst,24.8
Kivyo Inc.,"Leander, TX",1,80000,541511,Senior Database Engineer,22.5
KiwiChat Inc.,"North Miami, FL",1,90000,5132,Head Of Ai,22.5
KJS FOOD ENTERPRISES LLC,"Atlanta, GA",1,89710,445291,Data Analyst,22.5
KL EXPORTS INC.,"New York, NY",1,,423940,Business Analyst,22.5
"Klein Tools, Inc.","Lincolnshire, IL",1,95091,33221,Business Intelligence Developer,23.7
Kleo Kolor Corporation,"Fort Lee, NJ",1,90000,423850,Business Planning Analyst,22.5
"KMC, Inc.","Mclean, VA",1,170000,5416,Senior Business Analyst,40.7
KNB SHOP LLC,"Waldorf, MD",1,72134,337110,Analytical Strategist,22.5
"Knouse Foods Cooperative, Inc.","Peach Glen, PA",1,100000,926140,Data Engineer,24.8
"KNOVIQ IT SOLUTIONS, LLC","Arlington, TX",1,81328,541511,Qa Automation Analyst,22.5
KnowIT Solutions LLC,"Sterling, VA",1,102300,541512,Data Scientist,25.3
"Knowledge Based Systems, Inc.","College Station, TX",1,106350,541715,Sr. Programmer Analyst,26.2
"Knowledge Management Services, LLC","Miami, FL",1,64000,541512,Computer Systems Analyst,22.5
Knowledge Support Systems Inc.,"Irving, TX",1,67995,541511,Site Intel Business Operations Analyst,22.5
Knowli Corp.,"Tallahassee, FL",1,70000,518210,Data Scientist,22.5
KNP Solutions LLC,"Carrollton, TX",1,,541511,Data Analyst,22.5
KNSOFT TECHNOLOGIES LLC,"Houston, TX",1,,541511,Senior Business Analyst,22.5
Kobre & Kim LLP,"New York, NY",1,,541110,Systems Analyst/Full Stack Developer,22.5
"Koch Meat Co., Inc.","Gainesville, GA",1,59488,311615,Business Intelligence Manager,22.5
Kochasoft Inc.,"Bethesda, MD",1,135000,541511,Business Intelligence Analyst,32.7
Kode Labs Inc,"Detroit, MI",1,108000,513210,Data Analyst,26.6
Kodem Law Firm PLLC,"Dallas, TX",1,82056,541110,Associate Technical Business Analyst,22.5
KODEVA LLC.,"Ashburn, VA",1,,541511,Computer Systems Analyst,22.5
Kognitiv US LLC,"Minneapolis, MN",1,78894,541910,Lead Data Scientist,22.5
Kohan Retail Investment Group LLC,"Great Neck, NY",1,91270,531120,Operations Research Analyst,22.8
Kohlberg Kravis Roberts & Co. L.P.,"New York, NY",1,205000,523940,Data Scientist,47.5
"KOHR, LLC","Natick, MA",1,75000,713910,Market Research Analyst,22.5
Kolkata Chai Co,"Jersey City, NJ",1,60000,7223,Business Development Analyst,22.5
"Komar Industries, LLC","Groveport, OH",1,85000,332313,Business Data Analyst,22.5
Komatsu Mining Corp.,"Milwaukee, WI",1,153184,333131,Lead It Crm Analyst,36.9
KOMMFORCE SOLUTIONS INC,"Dallas, TX",1,,541511,Senior Data Engineer,22.5
KOMUNE SPACE INC.,"New York, NY",1,,458110,Market Research Analyst,22.5
KONA COFFEE AND COMPANY INC,"New York, NY",1,75733,311920,Business Analyst,22.5
KONANE SOLUTIONS LLC,"West Monroe, LA",1,100000,54151,Database Administrator,24.8
KONFLUENCE SOLUTIONS INC,"Allen, TX",1,68141,541511,Business Analyst,22.5
"Kontoor Management Services, LLC","Greensboro, NC",1,149700,31499,"Manager, Ecommerce Data And Analytics",36.1
"Konvas, Inc.","Hutto, TX",1,59000,541511,Data Analyst,22.5
"Korber Supply Chain US, Inc.","Minneapolis, MN",1,97236,541614,"Team Lead, Analytics And Bi",24.1
"KOREAN COMMUNITY SERVICES OF METROPOLITAN NEW YORK, INC.","Bayside, NY",1,,624190,Operations Analyst,22.5
Koriny NYC LLC,"New York, NY",1,,531210,Operations Research Analyst,22.5
"KorTerra, Inc.","Chanhassen, MN",1,89000,51321,Data And Analytics Engineer,22.5
KOS Services LLC,"Chicago, IL",1,93974,561110,Clinical Support Analyst,23.4
KPH Healthcare Services,"East Syracuse, NY",1,70000,456110,Data Analyst,22.5
KR Strategy USA LLC,"Woodstock, VT",1,68500,541611,Business Strategy Analyst,22.5
"KRAVIT JEWELERS, INC.","Oceanside, NY",1,63000,458310,Market Research Analyst,22.5
KRISH SERVICES GROUP INC.,"Chagrin Falls, OH",1,110000,541512,Data Architect,27.0
Krishna Corporation,"Washington, DC",1,50523,44531,Procurement And Inventory Analyst,22.5
Kroll Settlement Administration LLC,"New York, NY",1,90064,523910,"Senior Production Operations Analyst, Support Ops",22.5
Kronos Incorporated,"Lowell, MA",1,139901,541511,Lead Business Systems Analyst,33.8
KRUPA RX INC,"New York, NY",1,75000,456110,Database Administrator,22.5
"KSB GIW, Inc.","Grovetown, GA",1,92390,333914,Strategic Sourcing & Supply Chain Analyst,23.0
KSM TECHNOLOGIES LLC,"Parsippany, NJ",1,79976,541511,Quality Assurance Analyst,22.5
"KSN Technologies, Inc.","Chesterton, IN",1,106600,541990,Data Analyst,26.3
KSOFT SYSTEMS INC,"Marlboro, NJ",1,72000,541511,Database Analyst,22.5
"KUB Technologies, Inc.","Stratford, CT",1,81119,334517,Digital Marketing Analyst,22.5
KUBE IT INC,"Cumming, GA",1,98000,5419,Data Engineer,24.3
"Kuiper OpCo, LLC","Austin, TX",1,110000,541511,Data Engineer,27.0
"Kulicke and Soffa Industries, Inc.","Fort Washington, PA",1,118290,333242,"Data Scientist Ii, Software Engineering",28.9
KUMHO TIRE GEORGIA INC.,"Macon, GA",1,60000,326211,Business System Analyst,22.5
Kunato Inc.,"New York, NY",1,180000,541690,Ai Scientist,43.0
Kura Technologies Inc,"Boston, MA",1,99674,522320,Management Analyst,24.7
KUSH GOLD & JEWELRY INC.,"New York, NY",1,,423940,Data Analyst,22.5
"Kustomer, LLC","Short Hills, NJ",1,160000,513210,Data Engineer,38.4
Kwensy200 Inc.,"Malvern, PA",1,,621610,Data Analyst,22.5
KX Systems Inc.,"New York, NY",1,150000,541513,Senior Business Analyst,36.1
KYI Enterprises Inc,"Morton Grove, IL",1,,459110,Business Intelligence Analyst,22.5
Kyuramen UCF LLC,"Orlando, FL",1,87600,722511,Systems Analyst,22.5
KZE Group LLC,"Houston, TX",1,,425110,Management Analyst,22.5
"L & G Investments, LLC","North Charleston, SC",1,67200,531390,Market Research Analyst,22.5
L Perrigo Company,"Allegan, MI",1,118040,32541,Senior Sap Systems Analyst,28.9
L Soft Corporation,"Novi, MI",1,72000,541511,Quality And Data Analyst,22.5
L&P Property Management Company,"Wilmington, DE",1,68000,332710,Business Analyst,22.5
"L'Occitane, Inc.","New York, NY",1,68681,456120,Data Analyst,22.5
"L. J. WEST DIAMONDS, INC.","New York, NY",1,125000,33991,Market Research Analyst/Marketing Specialist,30.5
L.B. Foster Company,"Pittsburgh, PA",1,80000,23799,Data Scientist Ii,22.5
"L.H. Thomson Company, Inc.","Macon, GA",1,41475,33641,Program Management Analyst I,22.5
La Comunidad Corporation,"Miami, FL",1,63000,54181,Consumer Insights Analyst,22.5
LA FARMA LLC,"Bronx, NY",1,,456110,Database Administrator,22.5
LA GIOIA LLC,"Houston, TX",1,83000,722511,Management Analyst,22.5
La Marche Mfg. Co.,"Des Plaines, IL",1,61984,335999,Supply Chain Data Analyst,22.5
"Laake Technologies, Inc.","New York, NY",1,72800,541512,Operations Research Analyst,22.5
Laansu Incorporated,"Sterling, VA",1,160000,541511,Big Data Developer,38.4
"Laasim Technologies, LLC","Stamford, CT",1,83928,541512,Systems Analyst - Iii,22.5
Lab Bioreagents LLC,"New Castle, DE",1,,541714,Business Analyst,22.5
LAB GROWN DIAMONDS USA LLC,"New York, NY",1,,458310,Data Scientist,22.5
Labcorp Central Laboratory Services LP,"Indianapolis, IN",1,74672,32541,Data Manager,22.5
"LaBella Associates, D.P.C.","Rochester, NY",1,123822,541310,Oracle Database Administrator,30.2
Laborie Medical Technologies Corp.,"Portsmouth, NH",1,110000,423450,Senior Fp&A Analyst,27.0
Labs 196 Innovations LLC,"Sugar Land, TX",1,65166,541611,Management Analyst,22.5
"Lactalis US Yogurt, Inc.","New York, NY",1,79742,31151,Financial Analyst,22.5
LADY LIFE FITNESS PILATES CLUB LLC,"Bayside, NY",1,65000,713940,Market Research Analyst,22.5
Lafayette City Parish Consolidated Government,"Lafayette, LA",1,,921190,Database Administrator,22.5
LaGuardia Community College,"Long Island City, NY",1,95879,611310,Institutional Research Manager,23.8
"Lake Region Manufacturing, Inc.","Chaska, MN",1,78000,334510,Systems Analyst,22.5
Lake Trust Credit Union,"Brighton, MI",1,112611,522130,Data Engineer,27.6
"Lakeland Tours, LLC","Charlottesville, VA",1,85000,561510,Business Intelligence & Data Analyst,22.5
"LAKEWOOD FAMILY DENTAL, PC","Bloomington, IL",1,110000,621210,Database Administrator,27.0
LAKSUS TECHNOLOGIES INC.,"Monroe Township, NJ",1,89565,541511,Bi Developer,22.5
Lam River Succession LLC,"Quincy, MA",1,,722511,Market Research Analyst,22.5
"Lamacar, Inc","Carrollton, TX",1,72000,424990,Replenishment Analyst,22.5
"LAMBENT TECHNOLOGIES, LLC","Temple Terrace, FL",1,72000,541511,Business Analyst,22.5
Lampros Labs LLC,"Cincinnati, OH",1,90000,541511,Junior Ai Engineer,22.5
"Lancaster Stones, LLC","Kinzers, PA",1,60000,423320,Marketing Analyst,22.5
Landa Holdings Inc.,"New York, NY",1,104000,531390,Corporate Management Analyst,25.7
"Landauer, Inc.","Glenwood, IL",1,101500,541380,Manager - Ai & Automation,25.1
Landaval LLC,"Austin, TX",1,100000,541310,Senior Analyst,24.8
"Landmark Management Group, LLC","Plano, TX",1,105997,5239,Data Scientist,26.1
"Landscape Forms, Inc.","Kalamazoo, MI",1,65520,541320,Supply Chain Analyst,22.5
Landus Cooperative,"Des Moines, IA",1,114000,424910,Business Intelligence Analyst,28.0
Lane Bryant Brands Opco LLc,"New Albany, OH",1,83242,458110,Sr. Ecommerce Analyst,22.5
Lane College,"Jackson, TN",1,50000,611310,Computer Systems Analyst,22.5
"Langan Engineering and Environmental Services, LLC","Parsippany, NJ",1,90000,5413,It - Cyber Security Analyst,22.5
Langston University,"Langston,, OK",1,50024,611310,Logistics And Technology Analyst,22.5
"Lantern Consulting, LLC","Richardson, TX",1,90000,541512,Data Science Consultant,22.5
"LANTMANNEN UNIBAKE USA, INC.","St. Petersburg, FL",1,69306,424420,Master Data Specialist,22.5
LaReg Corp,"Wellesley, MA",1,80000,541611,Ai Engineer,22.5
LARGETON  INC,"Herndon, VA",1,86500,541511,Business Analyst,22.5
Lash Group LLC,"Conshohocken, PA",1,119318,54169,Data Analyst,29.2
Last Lock Inc.,"Madison, WI",1,,541511,Data Engineer,22.5
"Lathia Investments, LLC","Pittsburgh, PA",1,68640,541511,Business Intelligence Analyst,22.5
Launchpad Operations LLC,"Toledo, OH",1,64000,713940,Market Research Analyst,22.5
Lauretta AI LLC,"Austin, TX",1,86400,54199,Machine Learning Engineer,22.5
LAURIC TENNIS ASSOCIATES LLC,"Glen Cove, NY",1,82763,713940,Business Analytics Specialist,22.5
Law Office of Andy Nguyen PLLC,"Arlington, TX",1,60000,54111,Business And Management Analyst,22.5
"Law Offices of Ashok K. Karmaker, P.C.","Jamaica, NY",1,68000,541110,Operations Research Analyst “ Legal Operations,22.5
"LAW OFFICES OF C. CAROLINA MALUJE, P.A","Miami  Lakes, FL",1,,541110,Legal Operations Analyst,22.5
LAW OFFICES OF METIN SERBEST PLLC,"Chicago, IL",1,,541110,Business Development Analyst,22.5
"LAW OFFICES OF MIKE P. GAO, P.C.","Flushing, NY",1,150000,541110,Business Intelligence Analyst,36.1
LAW OFFICES OF SUSHEELA VERMA,"Iselin, NJ",1,74000,541110,Management Analyst,22.5
"Lawson Products, Inc.","Chicago, IL",1,93974,423840,Supply Chain Data Analyst - Int.,23.4
LAXMI NARAYANA CORPORATION,"Bridgeville, PA",1,56181,447110,Management Analyst,22.5
Layhill Learning Center,"Silver Spring, MD",1,,624410,Market Research Analyst,22.5
"LAZ KARP Associates, LLC","Hartford, CT",1,67275,531110,Business Analyst,22.5
"LBC Partners Development, Consulting, and Management LLC","Quincy, MA",1,80000,523940,Market Research Analyst,22.5
"LBMC, PC","Brentwood, TN",1,116189,541211,Senior Data Engineer,28.5
LCenturion LLC,"St. Augustine, FL",1,54517,541511,Data Engineer,22.5
LCS SOLUTION LLC,"South Hadley, MA",1,101500,541511,Programmer Analyst,25.1
LD & Medici 1492 LLC,"Newark, DE",1,,423940,Data Analyst,22.5
LDM TECHNOLOGIES LLC,"Frederick, MD",1,105980,541511,Programmer Analyst,26.1
LE MONDE INTERNATIONAL SCHOOL PUBLIC CHARTER OF NORMAN OK,"Norman, OK",1,,6111,Database Administrators,22.5
"Lead Allies, Inc.","Anna, TX",1,100000,33149,Machine Learning Developer,24.8
Leadec Corp.,"Cincinnati, OH",1,86840,561210,Navision Erp Analyst,22.5
"Leader Mutual Freight System, Dallas, Inc.","Richardson, TX",1,,541614,Senior Logistics Analyst,22.5
Leaderway USA Inc.,"Houston, TX",1,54000,423730,Sales Operation Analyst,22.5
LeadEssence Consulting LLC,"Dallas, TX",1,,541613,Market Research Analyst & Strategy Consultant,22.5
"Leaf Metal Industry, LLC","Houston, TX",1,,423930,Statistical Analyst,22.5
"Leaficient, Inc.","Evans City, PA",1,105000,423430,Machine Learning/Computer Vision Engineer,25.9
Lean IT Incorporated,"Glen Allen, VA",1,76000,541511,Computer Systems Analyst,22.5
"Leap Group Holdings, Inc.","Jersey City, NJ",1,82763,423430,Analytics Engineer,22.5
"Leapfrog Product Development, LLC","Chicago, IL",1,87000,541420,Senior Marketing Research Analyst,22.5
Learjet Inc.,"Wichita, KS",1,108500,336411,Quality Assurance Analyst,26.7
"Learnable, Inc.","Burlington, MA",1,120000,5419,Machine Learning Engineer,29.3
Learning Ally Inc.,"Princeton, NJ",1,135000,611710,Senior Data Scientist,32.7
"LearningMate Solutions, Inc.","Princeton, NJ",1,200000,541511,Sr. Director – Ai And Data Analytics,47.5
LECO CORPORATION,"St. Joseph, MI",1,140088,334516,Oracle Programmer Analyst,33.9
Lee Fisher International Inc.,"Tampa, FL",1,40331,45911,Market Research Analyst,22.5
Leech Lake Gaming,"Cass Lake, MN",1,75000,721120,Business Analyst,22.5
Leez Inc.,"Dover Plains, NY",1,75733,458110,Management Analyst,22.5
Legacy Community Health Services Inc.,"Houston, TX",1,127207,621498,Bi Technical Director,31.0
"Legacy Motorcars of GA, LLC","Marietta, GA",1,42266,4411,Market Research Analyst,22.5
Legacy Vulcan LLC - Subsidiary of Vulcan Materials Company,"Birmingham, AL",1,120000,21232,Business Analyst S2P (Source-To-Pay),29.3
"Legacy Vulcan, LLC","Birmingham, AL",1,97980,21232,Erp Technical Analyst Finance,24.3
"Legacy.com, Inc.","Chicago, IL",1,90854,812210,"Data Analyst, Traffic Analytics",22.7
Legally Addictive Foods LLC,"Weaverville, NC",1,60174,311821,Market Research Analyst,22.5
Legg Mason & Co. LLC,"Baltimore, MD",1,79310,523920,Analyst,22.5
"LEGO Brand Retail, Inc.","Enfield, CT",1,78870,451120,Inventory And Theme Analyst,22.5
LEGO Manufacturing Virginia Inc.,"Colonial Heights, VA",1,100818,33993,Business Intelligence Analyst,25.0
"LEGO Systems, Inc.","Boston, MA",1,79914,423920,Associate Data Specialist,22.5
"Legrand North America, LLC","West Hartford, CT",1,225000,335931,Ai Program Director,47.5
Lehigh Valley Hospital Inc.,"Allentown, PA",1,85916,622110,Senior Demand Planning And Forecasting Analyst,22.5
Lei Wang,"West Palm Beach, FL",1,55200,524210,Business Analyst,22.5
"Leidos Engineering, LLC","Reston, VA",1,98000,54133,Energy Market Analyst,24.3
LEISURE WORLD INC,"New York, NY",1,,541611,Operations And Management Analyst,22.5
Lemon Video LLC,"Tysons, VA",1,90000,518210,Database Administrator,22.5
"Lemonade, Inc.","New York, NY",1,77500,524210,Actuarial Analyst,22.5
Lendica Corp,"Boston, MA",1,,522220,Operations And Strategy Analyst,22.5
LendingPad Corp.,"Mclean, VA",1,97157,511210,Information Technology Analyst,24.1
"LendKey Technologies, Inc.","Blue Ash, OH",1,94050,541511,Business Data Analyst – Lender Reporting,23.4
LePrix Inc.,"Bethesda, MD",1,100000,42512,Senior Data Analyst,24.8
"Leroy Pharmacy II, LLC","Bronx, NY",1,67995,456110,Database Administrator,22.5
LERPAL INC.,"Hackensack, NJ",1,95000,541512,Computer And Information Research Scientist,23.6
LETSFIT LLC,"Ft Lauderdale, FL",1,58926,423910,Operations Research Analyst,22.5
"LETTER B, LLC","Coralville, IA",1,68000,541519,Software Quality Assurance Analyst,22.5
Letterly Inc,"Saratoga Springs, NY",1,,61169,Marketing Analyst,22.5
LEVEREGE LLC.,"Woodbine, MD",1,125000,541511,Machine Learning Engineer,30.5
Leviathan Corporation,"Brooklyn, NY",1,85000,423130,Marketing Data Analyst,22.5
"Levolor, Inc.","Atlanta, GA",1,70000,337920,Sales Data Analyst,22.5
"Lewis Drugs, Inc.","Sioux Falls, SD",1,74464,45611,Electronic Data Interchange (Edi) Analyst,22.5
LEXINGTON NEUROLOGY ASSOCIATES P.C.,"New York, NY",1,,621111,Medical Database Administrator,22.5
"LFP Consulting, LLC","Bismarck, ND",1,66706,541611,Database Administrator,22.5
"LG CNS America, Inc.","Englewood Cliffs, NJ",1,58000,541519,Bi Developer,22.5
"LG Energy Solution Vertech, Inc.","Westborough 	, MA",1,105999,926110,Data Scientist,26.1
"LGC Global, Inc.","Detroit, MI",1,66435,23799,Business Analyst,22.5
LGZ Plastic Inc,"Tucker, GA",1,,326111,Operations Research Analyst,22.5
LIAMATRIX LLC,"Houston, TX",1,96000,541512,Computer Systems Analyst,23.9
Libero Americas LLC,"New York, NY",1,150000,541519,Quantitative Researcher,36.1
"Libertas Funding, LLC","Greenwich, CT",1,93142,522220,Business Analyst,23.2
Liberty Bell Equipment Corporation,"Philadelphia, PA",1,56000,42383,Data Scientist,22.5
Liberty Coca-Cola Beverages LLC,"Philadelphia, PA",1,66711,312111,Business Analyst,22.5
Liberty Home Guard,"Brooklyn, NY",1,67850,524128,Operations Research Data Analyst,22.5
Liberty Hotel Group LLC,"Liberty, MO",1,61000,561110,Data/Administrative Analyst,22.5
"Libertycom, LLC","Little Rock, AR",1,89690,541511,Data Analyst,22.5
LIBERTYONESTUDIO - SERIES 6,"New York, NY",1,90000,541511,Senior Systems Analyst,22.5
Libra Resources Inc.,"Memphis, TN",1,,4413,Data Analyst,22.5
"Lichten & Liss-Riordan, P.C.","Boston, MA",1,69607,541110,Data Analyst,22.5
"LIEBEL-FLARSHEIM COMPANY, LLC","Cincinnati, OH",1,106582,334517,"Data Integrity, Quality Compliance Officer",26.3
"Life Extension Institute, Inc.","New York, NY",1,140000,621491,Data Engineer,33.9
Life Insurance Company of North America d/b/a NY Life Group Benefit Solutions,"New York, NY",1,34403,524113,Gbs Data & Analytics Associate,22.5
"LifeMD, Inc","New York, NY",1,140000,62111,Operational Analytics Manager,33.9
"LifeSci Capital, LLC","New York, MA",1,104025,5239,Research Equity Associate,25.7
Lifescience Dynamics USA LLC,"Boca Raton, FL",1,131706,541611,Senior Business Analyst,32.0
"Lifted Logic Farms, LLC","Overland Park, KS",1,60000,541511,Web Analytics Consultant,22.5
"Lightera, LLC","Norcross, GA",1,185000,335921,Enterprise Data Architect,44.1
"Lightwave Dental Management, LLC","Woodbridge, VA",1,102419,621210,Director Of Analytics,25.3
Likeaboss Limited,"New York, NY",1,64563,541613,Data Analyst,22.5
LIMRA Solutions LLC,"Overland Park, KS",1,80000,541519,Jr. Cybersecurity Analyst,22.5
Lincare Procurement Inc.,"Clearwater, FL",1,128848,561110,"Sr. Manager, Supply Chain Analyst",31.3
LINCOLN FINANCIAL GROUP,"Radnor, PA",1,70949,523930,"Data Science Specialist, Advanced Analytics",22.5
Lincoln Industrial Corporation,"St. Louis, MO",1,134000,33399,Data Architect,32.5
Lincoln Infrastructure LLC,"Watertown, NY",1,61277,2362,Strategic Supply Analyst,22.5
LINDEN PHARMA INC.,"Brooklyn, NY",1,,446110,Database Administrator,22.5
Lindsayca Inc.,"Houston, TX",1,67000,333132,Marketing Analyst,22.5
"LINEAR SIGNS, INC.","Lindenhurst, NY",1,120000,541490,Market Research Analyst,29.3
Lingua Prime INC,"Ridgewood, NJ",1,,611630,Operations Research Analysts,22.5
Linguistic Inc.,"Boston, MA",1,141960,513210,Machine Learning Engineer,34.3
"Link Right Media, Inc.","Pantego, TX",1,70000,541810,Digital Analyst - Seo,22.5
"LINK-IN BENEFITS, LLC","Sunrise, FL",1,130410,525120,"Lead, Business Intelligence And Data Analytics",31.7
Linkpro Technologies Inc,"Irving, TX",1,75837,541511,Programmer Analyst 4,22.5
"Links Snacks, Inc.","Minneapolis, MN",1,135200,311612,Bi Technical Architect,32.8
Linus Biotechnology Inc.,"North Brunswick Township, NJ",1,,541714,Co-Director Of Data Science,22.5
"Linvest21, Inc.","Tuxedo Park, NY",1,95999,522320,Engineer For Ai Foundation Platform,23.9
"Lionbridge Technologies, LLC","Waltham, MA",1,103272,541930,Data Lead,25.5
"Lionstone Partners, LLC","Minneapolis, MN",1,110000,523930,Associate Data Scientist,27.0
"LiquidX, Inc.","New York City, NY",1,100000,522320,Product Associate / Product Analyst,24.8
Lithe Solutions Inc.,"Aldie, VA",1,69000,541511,Data Analyst,22.5
Little Rock Water Reclamation Authority,"Little Rock, AR",1,64875,221310,Geographic Information Systems (Gis) Analyst,22.5
"Liu and Associates, P.C.","Roswell, GA",1,42266,541110,Market Research Analyst,22.5
Live Learning Technologies Shared Resources LLC,"St. Louis, MO",1,142500,611691,Senior Data Analyst Ii,34.4
Livent USA Corp,"Philadelphia, PA",1,74651,32799,Inventory Control Analyst,22.5
"LIVEX LIGHTING, INC.","Somerset, NJ",1,57999,423610,Market Research Analyst,22.5
"Livingston Falls, Inc.","Naperville, IL",1,106558,541512,Business Analyst,26.3
Livingstone College,"Salisbury, NC",1,52520,611310,Education Data Analyst,22.5
Lixi Hospitality Tarrytown LLC,"Tarrytown, NY",1,72000,721110,Market Research Analyst,22.5
Liyijia Tao Inc,"Boston, MA",1,,456120,Market Research Analyst,22.5
LNJ Capital Inc,"Carrollton, TX",1,,493110,Business Intelligence Analyst,22.5
"LNS Global, Inc.","Cambridge, MA",1,130000,5419,Research Analyst,31.6
"Local Backhaul Networks, LLC","St. Louis, MO",1,115085,541512,Business And Data Intelligence Director,28.2
"Local Motion, LLC","Golden Valley, MN",1,72000,48421,Operations Research Analyst,22.5
"Lockton Dunning Series  of Lockton Companies, LLC","Dallas, TX",1,96100,524210,Data Scientist Ii,23.9
Lockton Reinsurance,"New York, NY",1,88000,524210,Data Scientist (Catastrophe Modeler),22.5
LOGAN INSTRUMENTS CORP,"Somerset, NJ",1,61000,334516,Marketing Analyst,22.5
"LOGIC PURSUITS, LLC","Naperville, IL",1,160000,5416,Data Engineering Manager,38.4
"Logical Images, Inc.","Rochester, NY",1,92700,541512,Machine Learning Engineer I,23.1
Logicalis INC.,"Troy, MI",1,140000,541512,Solution Architect “ Data Center,33.9
Logicexcell LLC,"Frisco, TX",1,91520,541513,Business Data Analyst,22.8
"Logicgate Technologies, Inc.","Princeton, NJ",1,98301,541519,Etl Informatica Developer,24.4
LogicProg INC,"Cumming, GA",1,102880,541511,Data Engineer,25.4
"Logile, Inc","Southlake, TX",1,103000,513210,Data Science Engineer,25.5
"Logisolve, LLC","Oakdale, MN",1,93000,541511,Clinical It Data And Reporting Ba,23.2
Logistic Solution Inc.,"Piscataway, NJ",1,,541511,Consultant - Data Science Analyst,22.5
Lohmann Animal Health International Inc.,"Greenfield, IN",1,80725,541714,Supply Chain Senior Analyst,22.5
Lone Star College System,"The Woodlands, TX",1,107182,611210,Database Developer Administrator Ii,26.4
Lone Wolf Technologies,"Dallas, TX",1,108659,541512,Sr. Database Administrator,26.7
"Long 80, LLC","Princeton, NJ",1,72613,541519,Data Analyst Ii,22.5
"Longbridge Financial,  LLC","Paramus, NJ",1,122690,522310,Senior Business Analyst,29.9
Longwood Medical Group PA,"Longwood, FL",1,65000,621111,Business Analyst,22.5
Lonni Technology Inc,"Houston, TX",1,,541511,Operations Research Analyst,22.5
Lonza Biologics Inc.,"Portsmouth, NH",1,135192,32541,Msat Data Scientist,32.8
LONZA USA Inc.,"Morristown, NJ",1,149256,32541,Senior Data Application Services & Support Analyst,36.0
"LONZA WALKERSVILLE, INC.","Walkersville, MD",1,110377,32541,Supply Chain Analyst/Project Lead,27.1
LOOK EYE CARE LLC,"Wexford, PA",1,40000,621320,Market Research Analyst,22.5
"Loomis, Sayles & Company, LP","Boston, MA",1,129771,523940,Senior Quantitative Analyst,31.5
"Loopback, LLC","Dallas, TX",1,165000,541990,Senior Data Engineer,39.5
"LoopMe, Inc.","New York, NY",1,171000,54181,Data Engineer,40.9
"Lot Ocean Transport, Inc.","Miami, FL",1,92000,48832,Operations Research Analyst,23.0
Lotus Automotive Inc.,"Bensenville, IL",1,61000,8111,Sr. Procurement Analyst,22.5
Louisiana Christian University,"Pineville, LA",1,49650,611310,Director Of Institutional Research,22.5
Louisiana State University at Alexandria,"Alexandria, LA",1,63200,611310,System Analyst And Developer,22.5
LOUISIANA STATE UNIVERSITY HEALTH SCIENCES CENTER NEW ORLEANS,"New Orleans, LA",1,52866,611310,Data Manager,22.5
"Lovelytics, LLC","Arlington, VA",1,190000,541611,"Principal Consultant, Data & Ai",45.2
Lowen Corporation,"Hutchinson, KS",1,87131,339950,Director Of Business Analytics,22.5
"Lower, LLC","Columbia, MD",1,95000,522310,Associate Data Engineer,23.6
Loxia Technologies Inc.,"Miramar, FL",1,83450,541519,Data Analyst Engineer,22.5
Loyalty Methods Corp.,"Irving, TX",1,139131,541511,Data Warehousing Developer,33.7
"LRB Transportation, LLC","Houston, TX",1,75067,484110,Operations Research Analyst,22.5
LRN Corporation,"New York, NY",1,90000,611710,Environmental Compliance Operations Analyst,22.5
LS DIRECT MARKETING CO. INC.,"Suffern, NY",1,195000,5418,Analyst (Statistician),46.4
"LSCU Service Corporation, Inc.","Tallahassee, FL",1,85238,813910,Manager Of Data Analytics,22.5
LSM Trading LTD,"Jericho, NY",1,76877,522299,Market Research Analyst,22.5
"LSP Products Group, Inc.","Irving, TX",1,83817,332913,Supply Chain Analyst,22.5
LSU Health Sciences Center - Shreveport,"Shreveport, LA",1,69360,611310,It Analyst 3,22.5
Luan-Yu Trade Inc,"Edison, NJ",1,,722511,Market Research Analyst,22.5
Lucas County Auditor,"Toledo, OH",1,52499,9211,Business Systems Analyst,22.5
Lucem Health Inc,"Davidson, NC",1,140000,5132,Data Scientist,33.9
Luckey's Management,"Fort Lauderdale, FL",1,100000,721110,Management Analyst,24.8
"Luckie & Company, LLC","Birmingham, AL",1,90000,541613,Lead Analyst,22.5
Ludi Inc.,"Nashville, TN",1,85000,541618,Senior Operations Analyst,22.5
LUFTHANSA TECHNIK COMPONENT SERVICES LLC,"Tulsa, OK",1,87577,336413,Business Analyst,22.5
LUMBERTON PARTNERS LLC,"Lumberton, TX",1,56500,459991,Database Administrator,22.5
LUMEN IT SERVICES LLC,"Grand Rapids, MI",1,85384,541511,Data Engineer,22.5
Lumi Minds Inc,"Naperville, IL",1,102000,541511,Computer Systems Analyst,25.2
Luminant Energy Company LLC,"Irving, TX",1,100000,22111,Poc Associate Data Scientist,24.8
Luminant Generation Company LLC,"Irving, TX",1,68600,22111,Supply Chain Diversity Analyst,22.5
"Luminare Health Benefits, Inc","Lake Forest, IL",1,131498,524292,Data Engineer Iv,31.9
Luminary LLC,"Alexandria, VA",1,120000,513210,Research Scientist,29.3
Luna Care Inc.,"Nashville, TN",1,95120,621999,Business Analyst,23.7
Lupiani Insights & Strategies Co.,"Wilmington, DE",1,,541910,Market Research Analyst Ii,22.5
Lurie Children's Medical Group LLC,"Chicago, IL",1,56160,622110,Data Analyst,22.5
LussoTech LLC,"Sterling, VA",1,125000,541511,Talend Etl Developer,30.5
Lutheran Immigration and Refugee Service,"Baltimore, MD",1,97587,624230,Lead Business Systems Analyst,24.2
LVMH Watch & Jewelry USA Inc.,"Springfield, NJ",1,80000,423940,Business Analyst,22.5
"LX Hausys America, Inc.","Alpharetta, GA",1,65000,32619,Marketing Business Analyst,22.5
Ly Financial Services Inc,"Chicago, IL",1,,5412,Business Intelligence Analyst,22.5
Lydonia Technologies LLC,"Westwood, MA",1,96000,541512,Business Analyst,23.9
LYF Innovation Ltd.,"Philadelphia, PA",1,68286,333112,Data Analyst,22.5
"Lynn Community Health, Inc","Lynn, MA",1,71282,621498,Business Intelligence Analyst,22.5
Lynn Urgent Care LLC,"Lynn, MA",1,79914,621493,Health Informatics Specialist / Analyst,22.5
LYONDELL CHEMICAL COMPANY,"Houston, TX",1,183618,325110,Data & Analytics Technical Principal,43.8
LYRA CLIENT SOLUTIONS US LLC,"New York, NY",1,120000,525990,Analyst,29.3
"LZL Engineering, LLC","Owatonna, MN",1,59488,5417,Operations Research Analyst,22.5
"M & C Uniforms, Inc.","Sunrise, FL",1,66560,541910,Market Research Analyst,22.5
"M & K TECHNOVATIONS, INC.","Harrisburg, PA",1,120000,541511,Sap Techno-Functional Analyst,29.3
M & L Ventures Inc,"Branson, MO",1,,541611,Data Analyst,22.5
M M J Transportation Inc.,"Lemont, IL",1,46051,48412,Marketing Analyst,22.5
M Work LLC,"Columbus, OH",1,,81112,Finance Data Analyst,22.5
"M&D Capital Premier Billing, LLC","Richmond Hill, NY",1,80850,541219,Data Analyst,22.5
M. A. Mortenson Company,"Minneapolis, MN",1,,236220,Data Scientist,22.5
"M.C. INT'L TRANSPORTATION, INC","Miami, FL",1,46900,484121,Financial & Logistics Analyst,22.5
M3 GLOBAL INC,"Plano, TX",1,74901,541511,Computer Systems Analyst,22.5
MA TECHNOLOGIES LLC,"Irving, TX",1,65000,541511,Business Analyst,22.5
MAADHU GLOBAL BUSINESS SOLUTIONS LLC.,"Sugar Land, TX",1,111800,541511,Data Engineer,27.5
Mabbly LLC,"Chicago, IL",1,61693,541613,Digital Marketing Analyst,22.5
Machinery Marketing International,"Chicago, IL",1,98000,423830,Business Intelligence Analyst,24.3
MachroTech LLC,"Bridgeport, CT",1,77418,541511,Database Administrator,22.5
"Mackin Consultancy, LLC","Spindale, NC",1,125186,541990,Data Analyst,30.5
"MaconIT, Inc.","Richmond, VA",1,,54151,Data Analytics Specialist,22.5
"MadHive, Inc.","New York, NY",1,112000,541511,Data Analyst,27.5
Madison Gas and Electric Company,"Madison, WI",1,139296,221118,Wam Technical Database Architect,33.7
Madison Logic Inc.,"New York, NY",1,95705,541810,Data Solutions Analyst,23.8
"MaestroQA, Inc.","New York, NY",1,155958,541512,Computer Design Analyst,37.5
Maganti Group LLC,"Waterbury, CT",1,,541511,Hadoop Engineer/Big Data Engineer,22.5
Magestic Technologies LLC,"River Vale, NJ",1,81000,541511,Business Intelligence Analyst,22.5
Magma Capital Management LLC,"Chicago, IL",1,100000,523150,Data Engineer,24.8
"Magna Infotech, Ltd.","Overland Park, KS",1,99965,541511,Sr. Business Systems Analyst,24.8
"Magna Seating of America, Inc.","Novi, MI",1,157500,3363,Group Digitalization Manager - Iot & Ai Smart Manufacturing,37.8
Magnera Corporation,"Charlotte, NC",1,146016,322121,"Senior Applications Analyst, Sap",35.2
"Magnetar Capital, LLC","Evanston, IL",1,220000,523150,Machine Learning Engineer,47.5
Magnify Services Inc.,"Lansing, MI",1,,623110,Data Engineer,22.5
Magnusminds IT Solution LLC,"Nutley, NJ",1,65333,541690,Ai R&D Associate,22.5
Mahajan Law LLC,"Bethesda, MD",1,79500,541110,Management Analyst,22.5
MAHANTAM RX INC,"Brooklyn, NY",1,85000,456110,Computer System Analyst,22.5
"MahiGaming, LLC.","Boca Raton, FL",1,85000,541511,Game Data Science And Analytics Engineer,22.5
"Mahoney Environmental Solutions, LLC","Woodridge, IL",1,69000,42393,M & A Analyst,22.5
Mailgun Technologies Inc.,"San Antonio, TX",1,119949,541511,Data Scientist Ii,29.3
"Main Line Health, Inc.","Radnor, PA",1,,6221,Population Health Data Science Supervisor,22.5
Mainavenue LLC,"New York, NY",1,,611691,Business Analyst,22.5
MaineHealth,"Portland, ME",1,87859,62211,Business Intelligence Developer,22.5
"Mainfreight, Inc.","Franklin Park, IL",1,140000,488510,Edi Support Analyst,33.9
Maini LLC,"Alpharetta, GA",1,64000,541511,Management Analyst,22.5
"Mainspring Management, LLC","Overland Park, KS",1,120000,561110,Sr. Data Analyst,29.3
Maitland Property Management,"Dallas, TX",1,72000,53131,Business Analyst,22.5
"Majestic Developers, LLC","Sugar Land, TX",1,82000,236220,Data Analyst,22.5
MAJOR BI CONSULTING CORP,"Coral Gables, FL",1,61963,541690,Business Intelligence Analysts,22.5
"Major League Soccer, L.L.C.","New York, NY",1,215000,711211,"Senior Director, Machine Learning & Ai",47.5
"Majority USA, LLC","Miami, FL",1,93808,522320,Data Scientist “ Risk Analytics,23.4
"Make It Moo Media, Inc.","Brooklyn, NY",1,,54161,Strategy And Management Analyst,22.5
"Making Patients Heard Research Foundation, Inc.","Rochester, NY",1,81536,54171,"Data Scientist, Speech And Language",22.5
Makino Inc.,"Mason, OH",1,86214,42383,Industrial Data Engineer,22.5
"MAKS Engineers, PC","Hamilton Township, NJ",1,,541330,Market Analyst,22.5
Mala Parlor LLC,"Champaign, IL",1,,722511,Business Analyst,22.5
MALABAR GOLD & DIAMONDS AU LLC.,"Leander, TX",1,67974,458310,Market Research Analyst,22.5
MALABAR GOLD & DIAMONDS IL LLC.,"Chicago, IL",1,61693,458310,Market Research Analyst,22.5
MALABAR GOLD & DIAMONDS TX LLC,"Frisco, TX",1,65000,458310,Market Research Analyst,22.5
"MALIBU BOATS, LLC","Loudon, TN",1,96242,336612,Etl Developer,23.9
Malvi Systems LLC,"East Windsor, NJ",1,88192,541511,Senior Systems Analyst,22.5
"Mammoth Brands Inc. (fka Harry's, Inc.)","New York, NY",1,173250,424210,Lead Analyst - Analytics,41.4
Mamon11 LLC,"Miami, FL",1,,541613,Data Scientist,22.5
Manach LLC,"Yonkers, NY",1,81099,621610,Healthcare Data Analyst,22.5
"Managed Health Care Associates, Inc.","Parsippany, NJ",1,100000,54199,Quality Assurance Analyst,24.8
"Management & Technology Consulting Group, Inc.","Piscataway, NJ",1,98000,541511,Sr. Elearning & Lms Programmer Analyst,24.3
"Management Health Systems, LLC","Sunrise, FL",1,95000,5613,Business Intelligence Analyst,23.6
ManageMy Inc.,"Charlotte, NC",1,85000,524298,Implementation Analyst,22.5
Managing Internal Activities Inc.,"Coraopolis, PA",1,66310,541614,Logistics Business Analyst,22.5
Mandarin House LLC,"Saugus, MA",1,,7225,Market Research Analyst,22.5
"Mane Concept, Inc.","Wood-Ridge, NJ",1,,42499,International Business Analyst,22.5
Manet Community Health Center,"North Quincy, MA",1,81500,621498,Clinical Data Coordinator,22.5
"Maney Gordon Zeller, P.A.","Tampa, FL",1,42500,541110,Market Research Analyst,22.5
Mango Analytics LLC,"Branford, CT",1,,541512,Healthcare / Management Analyst,22.5
"mangoes.ai, Corporation","New York, NY",1,130250,541715,Software Engineer -Machine Learning Engineer,31.6
Manhattan Portage Labels Inc.,"New York, NY",1,67850,541490,Operations Analyst,22.5
"Manhattan Telecommunications Corporation of NJ, Inc.","Holmdel, NJ",1,89300,517911,Business Intelligence Analyst,22.5
Manifest AI Co.,"Albany, NY",1,125000,541512,Ai Software Engineer,30.5
"MANN HUMMEL USA, INC","Portage, MI",1,92500,423120,Data Analyst,23.1
MANNA BASKET GLOBAL CORPORATION,"Englewood, NJ",1,,722320,Market Research Analyst,22.5
"ManpowerGroup US, Inc.","Milwaukee, WI",1,98030,561320,Sap Technical Analyst,24.3
"Mansfield Oil Company of Gainesville, Inc.","Gainesville, GA",1,70000,45431,Business Data Analyst,22.5
"Manufacturing Resources International, Inc.","Alpharetta, GA",1,115000,334513,Business Systems Analyst,28.2
"Manulife Investment Management Forest Management, Inc.","Boston, MA",1,67074,5239,Resource Analyst,22.5
Mapa 2020 LLC,"Miami, FL",1,70970,441120,Management Analyst,22.5
"MAQUET Cardiovascular, LLC","Wayne, NJ",1,138715,334510,Applications Analyst,33.6
"MARA Holdings, Inc.","Fort Lauderdale, FL",1,125000,5182,"Sr. Manager, Supply Chain Systems And Data Center Support",30.5
"Marathon Ginseng International, Inc.","Brokaw, WI",1,61776,445298,Market Research Analyst,22.5
"Marc Jacobs International, LLC","New York, NY",1,125000,448150,Senior Architect “ Business Intelligence,30.5
"Marco Technologies, LLC","St. Cloud, MN",1,130000,423420,Senior Manager Of Business Intelligence And Data Analytics,31.6
Mare Logistics LLC,"Clitfon, NJ",1,83782,488510,Logistics Analyst,22.5
"Mariner Finance, LLC","Baltimore, MD",1,120000,522291,"Quality Assurance Analyst Team Lead, Automation",29.3
"Mario Badescu Skin Care, Inc.","New York, NY",1,78000,456120,International Sales Analyst,22.5
Marist College,"Poughkeepsie, NY",1,75000,611310,Data Analytics Specialist,22.5
MARITIME DRILLING CONSULTANCY,"Houston, TX",1,80900,541611,Mergers And Acquisitions Analyst,22.5
"Mark Andrews & Company, Inc.","Rockwall, TX",1,105056,54121,Data Analyst,25.9
Markerr Inc.,"Hoboken, NJ",1,136000,518210,Senior Data Engineer,33.0
Market Logic Software Inc,"Chicago, IL",1,75000,51821,Service Delivery And Analytics Consultant,22.5
Market Strategy Group,"Downers Grove, IL",1,90500,541611,Data Scientist,22.6
Marketfair Commerce Inc,"Aberdeen, NJ",1,,425120,Business Analyst,22.5
Marketing Eye USA Inc,"Ridgewood, NY",1,56784,423990,Market Research Analyst I,22.5
"Marketing.com, LLC","Eureka, MO",1,59000,541613,Marketing Analyst,22.5
"MarketSource, Inc.","Alpharetta, GA",1,,541613,Gis Analyst,22.5
MARKHAM FRISCO LLC,"Carrollton, TX",1,,45831,Business Analyst,22.5
MARKITES INC.,"Wilmington, DE",1,,513210,Ai-Powered Product & Business Analytics Manager,22.5
"MARKT-PILOT, Inc.","Chicago, IL",1,65042,51321,Business Operations Analyst,22.5
MARKZ HOSPITALITY INC.,"New York, NY",1,80000,722511,Market Research Analyst Ii,22.5
Marmon/Keystone LLC,"Butler, PA",1,60000,423510,Business Intelligence - Data Analyst,22.5
"Marque of Brands Americas, LLC","Alexandria, TN",1,72360,446120,Supply Chain Data Analyst,22.5
Marquee Brands Intermediate Holdings II LLC,"New York, NY",1,122400,551112,Data Engineer,29.9
"MARRIOTT OWNERSHIP RESORTS, INC.","Orlando, FL",1,170000,813990,Associate Director Data Science,40.7
Marsden Holdings LLC,"Austin, TX",1,48339,561110,Marketing Research Analyst,22.5
"Martinrea International US, Inc.","Auburn Hills, MI",1,140000,336111,Senior Systems Analyst,33.9
"Martins Famous Pastry Shoppe, Inc.","Chambersburg, PA",1,,311812,Data / Vision Engineer I,22.5
"Marucco, Stoddard, Ferenbach & Walsh, Inc.","Springfield, IL",1,95000,541512,Data Analyst,23.6
Marvel Tech Groups Inc,"Durham, NC",1,84094,541511,Etl Developer,22.5
"Marvin Lumber and Cedar Company, LLC","Warroad, MN",1,135829,321911,Data Scientist,32.9
"Marx Atanga Consultancy services, LLC (W21487897)","Laurel, MD",1,87526,541511,Database Administrator,22.5
Maryland Cannabis Administration,"Linthicum, MD",1,108655,923120,It Programmer Analyst Manager,26.7
Mas Global Consulting LLC,"Tampa, FL",1,103000,541840,Advanced Data Engineer,25.5
MAS HOSPITALITY LLC,"Tampa, FL",1,78333,721110,Business Analyst,22.5
"MAS TEK IT, LLC","Matthews, NC",1,,541511,Health Informatics Specialist,22.5
MASC Inc,"Richardson, TX",1,68400,523940,Data Analyst,22.5
MASH ASSOCIATES LLC,"Dallas, TX",1,88000,541511,Database Engineer,22.5
Masonite Corporation,"Tampa, FL",1,135000,321911,Senior Data Engineer,32.7
Mass Bay Credit Union,"Boston, MA",1,,52213,Marketing Analyst,22.5
Mass General Brigham Incorporated,"Somerville, MA",1,133224,622110,Database Manager,32.3
"Massachusettes Pirates, LLC","Lowell, MA",1,,711211,Data Analyst,22.5
MASSACHUSETTS BUSINESS ASSOCIATION LLC,"Braintree, MA",1,82763,524210,Data Analyst 9437064,22.5
MASSACHUSETTS SCHOOL BUILDING AUTHORITY,"Boston, MA",1,81562,923110,Project Manager 1 - Data,22.5
"Massar Capital Management, LP","Stamford, CT",1,200000,523999,Senior Data Engineer,47.5
"Massey Services, Inc.","Orlando, FL",1,66000,561710,Business Analyst,22.5
"Mast-Jaegermeister US, Inc.","White Plains, NY",1,108306,424820,Cloud Analytics Specialist,26.7
Mastech Digital Consulting Inc.,"Moon Township, PA",1,106579,541511,Senior Business Analyst,26.3
"Masterex Technologies, Inc.","Cranbury, NJ",1,78478,541511,Senior It Analyst,22.5
"MAT Holdings, Inc.","Long Grove, IL",1,90000,3363,Senior Forecast Analyst,22.5
"MATA MANAGEMENT, INC.","Rochester, NY",1,,721110,Management Analyst,22.5
"Material in Motion, LLC","Fairburn, GA",1,83657,541614,Data Analyst,22.5
"MATHREAD, INC.","Wixom, MI",1,97000,3332,Operations Research Analyst,24.1
MATRIS  HOLDING  LLC,"Fort Lee, NJ",1,67995,5313,Database Administrator,22.5
Matrix Analytics Corporation,"New York, NY",1,87000,518210,Data Engineer,22.5
Matthew F Wakefield,"Burnt Hills, NY",1,,425120,Market Research Analyst,22.5
"Mattress Firm, Inc.","Houston, TX",1,163641,337910,Senior Data Architect,39.2
Mauricio Mosquera DDS LLC,"Orlando, FL",1,64000,621210,Market Research Analyst/Communications Specialist,22.5
MAVEN TEK INC.,"Latham, NY",1,133120,541512,Senior Database Administrator,32.3
"Mavi Jeans, Inc.","Westwood, NJ",1,75000,424330,Database Administrator,22.5
Maxam Tire North  America Inc,"Danvers, MA",1,80000,423930,Operations Research Analysts,22.5
MAXFLOW TECHNOLOGY INC.,"Champaign, IL",1,100000,541511,Software Data Engineer,24.8
"Maxil Technology Solutions, Inc.","Oak Brook, IL",1,90000,54151,Database Software Engineer,22.5
"Maxima Consulting, Inc.","Bedford, MA",1,98000,541511,Data Scientist,24.3
"MaxMara USA, Inc.","New York, NY",1,60174,448120,Omni-Channel Crm Analyst,22.5
"MaxMark, Inc.","Chicago, IL",1,68848,423940,Operations Data Strategist,22.5
Maxon Corporation,"Charlotte, NC",1,92900,541330,Sr Materials Mgmt Analyst,23.2
MAXPRO INC,"Farmington Hills, MI",1,86000,54151,Data Scientist,22.5
MAXSOFT IT LLC,"Mckinney, TX",1,85467,541511,Data Engineer,22.5
Maxview Solutions Inc.,"Westborough, MA",1,92123,541511,Data Administrator,23.0
Mayde Beauty Inc,"Hackensack, NJ",1,80180,424310,Market Research Analyst,22.5
Mayflower Insurance Group Incorporated,"Rockland, MA",1,,541213,Market Research Analyst,22.5
MaYH Inc.,"Houston, TX",1,130000,541511,Data Scientist,31.6
MAYNIT CORPORATION,"Plainsboro, NJ",1,83949,541611,Lead Digital Marketing Analyst,22.5
Maypro Industries LLC,"Purchase, NY",1,75733,424210,Contract Analyst,22.5
Maze Masters LLC,"Miami, FL",1,186375,5231,Quantitative Analyst,44.4
MB2 Dental,"Carrollton, TX",1,75000,5511,Procurement Analyst (21750.7),22.5
MC Nutraceuticals PLLC,"Flower Mound, TX",1,74000,325998,Data Analyst,22.5
Mc Suared AI LLC,"Chicago, IL",1,,51821,Data Engineer,22.5
MCCART STAR LLC,"Fort Worth, TX",1,68500,44921,Business Analyst,22.5
"McCarthy Building Companies, Inc.","Des Peres, MO",1,110000,23621,Payroll Business Analyst,27.0
"McChrystal Group, LLC","Alexandria, VA",1,81600,54161,Implementation Analyst,22.5
"McClave and Associates, LLC","Gainesville, FL",1,80000,541690,Senior Analyst,22.5
McDermottPlusConsulting LLC,"Miami, FL",1,150000,541110,"Senior Manager, Data Analytics",36.1
"McGuire Sponsel, LLC","Indianapolis, IN",1,100000,541618,Senior Operations Research Analyst,24.8
MCIP Industrial Enterprises Corporation,"Pearland, TX",1,67000,332812,Business Analyst,22.5
"McKibbon Hotel Management, Inc.","Tampa, FL",1,85000,561110,Sr. Hotel Business Analyst,22.5
"McKinley Companies, LLC","Ann Arbor, MI",1,114000,53131,Lead Data Engineer,28.0
McKinney Economic Development Corporation,"Mckinney, TX",1,77103,5416,Business Intelligence Analyst,22.5
"McKinney Ventures, LLC","Durham, NC",1,140000,541810,Data Scientist,33.9
"MCM Quality Systems, Inc.","Novi, MI",1,61776,541511,Business Analyst,22.5
MCME INVESTMENT INC,"Troy, MI",1,63300,445131,Management Analyst,22.5
MCMINDS IT SOLUTIONS INC.,"Piscataway, NJ",1,99549,541511,Qa Analyst,24.7
"MD.AI, Inc.","New York, NY",1,160000,541511,Machine Learning Scientist,38.4
"MDVIP, LLC","Boca Raton, FL",1,103390,541611,Business Systems Analyst Iii,25.5
"MealPal, Inc.","New York, NY",1,85000,722310,Jr. Data & Product Analyst,22.5
MEAT N BONE LLC,"Miami, FL",1,71000,445240,Business Analyst,22.5
Mechanic Store Inc,"Kenilworth, NJ",1,,45411,Software Developer And Analyst,22.5
"MED ART, INC.","Rutherford, NJ",1,,424990,Data Analyst,22.5
MedAdvisor Welam USA Inc.,"Woburn, MA",1,90877,541511,Statistical Analyst,22.7
MEDBOX PHARMACY LLC,"Belleville, NJ",1,100000,456110,Data Analyst,24.8
"MEDHOST, INC.","Franklin, TN",1,99590,541511,Senior Quality Assurance Analyst,24.7
"Mediastruction Holdings, LLC","Norwell, MA",1,,541830,Data Analyst,22.5
"Mediation Works, Incorporated","Boston, MA",1,100000,813990,Data And Analytics Specialist,24.8
Medical Care of Boston Management Corporation,"Needham, MA",1,144040,622110,Business Intelligence Manager,34.8
"Medical Components, Inc.","Harleysville, PA",1,103000,423450,Clinical Data Manager,25.5
"Medical Pharma Services, Inc.","Cambridge, MA",1,64126,5416,Project Analyst,22.5
Medical Research Analystics and Informatics Alliance,"Chicago, IL",1,,518210,Data Scientist,22.5
Medical Society of Virginia Foundation,"Richmond, VA",1,73000,813319,Data And Research Specialist,22.5
Medical University of South Carolina & Affiliates,"Charleston, SC",1,73500,611310,Senior Research Associate,22.5
Medisol Plus LLC,"Richardson, TX",1,,456110,Business Development Analyst,22.5
MEDMINE LLC,"Roosevelt Island, NY",1,156000,541714,Sr. Data Scientist,37.5
"Mednet, Inc.","New York, NY",1,180000,624190,Senior Data Engineer,43.0
MedPsych Inc. PC,"Elizabethton, TN",1,65000,621112,Clinical Data Manager,22.5
"MEDSCIENCE RESEARCH GROUP, INC.","Delray Beach, FL",1,129000,339112,Management Analyst,31.4
MedStar Medical Group Anesthesiology LLC,"Columbia, MD",1,148270,62211,Senior Analytics Manager,35.7
Medtelligent Inc.,"Chicago, IL",1,98000,541511,Machine Learning Engineer,24.3
"Meera, LLC","Wakefield, MA",1,64126,721110,Business Analyst,22.5
Mega Valley Capital Management LLC,"Flushing, NY",1,,523910,Data Analyst,22.5
"Mega-Power, Inc.","Newton, MA",1,67413,423690,International Business Analyst,22.5
Megalight Inc,"Hudson, OH",1,43680,3351,Marketing Research Analyst,22.5
Megalodon Management Inc,"Woburn, MA",1,60000,541613,Marketing And Sales Analyst,22.5
Megapro Corporation,"St. Louis, MO",1,71500,54151,Sr. Software (Data) Engineer,22.5
Meharry Medical College,"Nashville, TN",1,100000,611310,Data Warehouse Solution Architect,24.8
MEI YA ASIAN MARKET INC,"Acton, MA",1,,445110,Database Administrator,22.5
MeisterTech LLC,"Waxhaw, NC",1,80413,541511,Senior Data Developer,22.5
MEIWAREHOUSE TECHNOLOGY LOGISTICS INC,"Carteret, NJ",1,67850,493110,Operation Analyst,22.5
"Mellitas Health Foods, LLC","Roswell, GA",1,,325411,Business Analyst,22.5
Memphis-Shelby County Schools,"Memphis, TN",1,86700,611110,"Sr. Advisor, Analytics Performance Management",22.5
"mEMR, Inc.","New York, NY",1,185000,54151,Lead Data Engineer,44.1
Menasha Corporation,"Neenah, WI",1,100013,32221,It Infrastructure Analyst Senior,24.8
"MENASHA PACKAGING COMPANY, LLC","Neenah, WI",1,128589,32221,Erp Analyst Ii,31.3
MEP GREEN DESIGN & BUILD PLLC,"Houston, TX",1,,541330,Business Analyst,22.5
"Mercator XXI, LLC","Washington, DC",1,150000,54161,Senior Research Analyst,36.1
"Mercedes-Benz Financial Services USA, LLCA","Farmington Hills, MI",1,116316,522220,Senior Data Analytics Engineer,28.5
"Mercedes-Benz Vans, LLC","Ladson, SC",1,114409,336111,It Business Analyst 3,28.0
Merch Seekers LLC,"Lewes, DE",1,82680,425120,Data Analyst,22.5
Merck Research Laboratories Massachusetts LLC,"Rahway, NJ",1,137800,54171,"Sr. Specialist, Data Science",33.4
"Mercury and Earth, LLC","New York, NY",1,,54151,Database Administrator,22.5
MERCURY HEALTHCARE INC.,"Newark, NJ",1,110448,513120,Data Engineer,27.1
Mercury Healthcare Inc. d/b/a WebMD Ignite,"Newark, NJ",1,76607,513120,Data Engineer,22.5
Mercy Without Limits,"Overland Park, KS",1,65000,813319,Data Scientist,22.5
Meridian Inventory Services Inc,"Kennesaw, GA",1,,541614,Financial Data Analyst,22.5
"Meridian Staffing Services, LLC","Jacksonville, FL",1,92040,561311,Technical Business Systems Analyst 3,23.0
MERIDIANSOFT.COM,"Lewis Center, OH",1,95035,541511,Database Administrator,23.6
Merit Global IT Solutions LLC,"Middletown, DE",1,92000,541690,Data Scientist,23.0
Merit InfoTech,"Prosper, TX",1,101192,541511,Business Intelligence Developer,25.0
"Meritor, Inc.","Troy, MI",1,114691,4231,Hr Information Systems Analyst - Senior,28.1
MERKAY LLC,"Little Falls, NJ",1,,4931,Logistics Analyst,22.5
Merkur LLC,"Boston, MA",1,75500,45999,Management Analyst,22.5
Merkury Innovations LLC,"New York, NY",1,,455219,Management Analyst,22.5
"Merritt Hospitality, LLC","Norwalk, CT",1,61800,721110,Financial Compliance Analyst,22.5
"Merrow Sewing Machine Company, Inc.","Fall River, MA",1,56326,423830,Data Analyst,22.5
"MESA ASSOCIATES, INC.","Madison, AL",1,58406,541330,Cyber Security Analyst,22.5
"meShare, Inc.","Champaign, IL",1,74000,541511,Quality Design Analyst,22.5
Mesirow Financial,"Chicago, IL",1,85000,523920,Quantitative Research Associate,22.5
"Messina Group, Inc.","Chicago, IL",1,130000,5416,"Senior Consultant, Analytics Practice",31.6
MetaCell LLC,"Cambridge, MA",1,,325414,Data Scientist - Calcium Imaging Analysis,22.5
Metahorizon Inc.,"Irving, TX",1,78686,541511,Business Systems Analyst,22.5
Metal Green Recycling Industries Inc,"Swedesboro, NJ",1,46634,423930,Market Research Analyst,22.5
"Metallurg, Inc.","Wayne, PA",1,115000,33111,Data Scientist,28.2
METALTRADE LLC,"Doral, FL",1,46862,42399,International Logistics Analyst,22.5
Metapicks LLC,"Little Elm, TX",1,91570,541511,Systems Analyst,22.9
Meten Service USA Corp.,"Shrewsbury, MA",1,45000,541618,Market Research Analyst,22.5
"Methods Machine Tools, Inc.","Sudbury, MA",1,83000,3332,Erp Analyst Ii,22.5
Methods Mastery LLC,"St. Louis, NY",1,85500,541820,Business Intelligence Analyst,22.5
Metric Engineering Inc.,"Miami, FL",1,58240,541330,Gis Specialist And Ems Data Manager,22.5
Metro Insurance Services Inc,"Haverford, PA",1,,524210,Marketing Analyst,22.5
Metro National Corporation,"Houston, TX",1,96899,531390,Application Developer - Data Engineer,24.1
Metropolitan Commercial Bank,"New York, NY",1,150000,52211,Senior Database Architect,36.1
Metrum Research Group Inc.,"Tarriffville, CT",1,84000,54171,Business Analyst Ii,22.5
MF CYBER LLC,"Charlotte, NC",1,84094,541690,Iam Analyst,22.5
MFK MOBILELINK AUSTIN LLC,"Sugar Land, TX",1,72445,517112,Supply Chain Analyst,22.5
"MhakTech, Inc.","Southfield, MI",1,89253,541511,Data Analyst,22.5
"Miami Children's Health System, Inc.","Miami, FL",1,190008,622110,Director Bi / Data Analytics,45.2
"Miami Dolar Shop, LLC","Miami, FL",1,,722511,Market Research Analyst,22.5
"MIAMI PETROLEUM MANAGEMENT, INC","Margate, FL",1,105000,457110,Data Processing Manager,25.9
"MIAMI SUNNY, INC.","N Miami Beach, FL",1,47174,561510,Marketing Research Analyst,22.5
"Micelle Laboratories, Inc.","Farmers Branch, TX",1,,325620,Business Analyst,22.5
"Michael Brooks Jimenez, PC","Oklahoma City, OK",1,36899,54111,International Market Research Analyst,22.5
Michelman Inc.,"Cincinnati, OH",1,165274,325199,Manager - Business Intelligence And Reporting Systems,39.6
Michigan Health Information Network Shared Services,"Grand Rapids, MI",1,81448,518210,Reporting & Data Analyst “ Intermediate,22.5
"Micro Tech Training Center Inc.,","Jersey City, NJ",1,60000,611310,Accreditation Specialist And Business Analyst,22.5
"Micro-Tech Endoscopy USA, Inc.","Ann Arbor, MI",1,98800,42345,Assoc. Product & Market Analyst-Medtech Advanced Gi Products,24.5
MICROINTECH LLC,"Hillsborough, NJ",1,105000,541511,Software Quality Assurance Analyst And Tester,25.9
"Microvast Power Solutions, Inc","Lake Mary, FL",1,155000,335910,Ai/Ml Engineer - Embedded Systems And Anomaly,37.3
"MID Industrial Tools, Inc","Pasadena, TX",1,,423830,Database Administrator,22.5
Midas Management & Research,"Dallas, TX",1,130915,541511,Sap Business Intelligence Consultant,31.8
"MidCarolina Pediatrics, P.A.","Charlotte, NC",1,,6211,Business Analyst,22.5
"Midcontinent Independent System Operator, Inc.","Carmel, IN",1,133000,221121,Senior Engineer Data Governance,32.3
"Middle Child Management, Inc.","Pensacola, FL",1,52520,445230,Senior Business Analyst,22.5
Middleborough Hospitality LLC,"Middleboro, MA",1,,721110,Business Analyst,22.5
Middlesex District Attorney's Office,"Woburn, MA",1,92622,922130,Data Analyst,23.1
MIDDLETOWN PHARMACY INC,"Middletown, CT",1,88982,456110,System Management Analyst- Ecommerce Pharmaceuticals,22.5
Midh Technologies Inc,"Brookshire, TX",1,70886,541511,Data Scientist,22.5
MIDL Technology Inc,"Tuckahoe, NY",1,56659,513210,Ai/Ml Engineer,22.5
"Midtown Home Improvements, Inc.","Wentzville, MO",1,,236118,Data Engineer,22.5
Midwest Evaluation and Research LLC,"Emporia, KS",1,68000,541720,Data Analyst,22.5
Midwest Health Initiative,"St. Louis, MO",1,55000,813319,Data Analyst,22.5
"Midwest Mechanical Supply, Inc.","Minneapolis, MN",1,82720,541330,Business Data Analyst & System Specialist,22.5
"Midwest Trading Group, LLC","Downers Grove, IL",1,70000,423620,Chain Supply Analyst,22.5
Milacron Marketing Company LLC,"Batavia, OH",1,148379,333248,Jde Senior Functional Analyst,35.8
"Milan Hotels, LLC","Peoria, IL",1,66000,721110,Market Research Analyst,22.5
Mile Marker LLC,"Danbury, CT",1,79789,541613,"Sr. Analyst, Analytics",22.5
"Milestone Financial Solutions, LLC","Chesterfield, VA",1,58500,523940,Market Research Analyst,22.5
Milin Group LLC,"Apex, NC",1,104999,541511,Software Engineer - Data Engineer Ii,25.9
"Millennium Info Tech, Inc.","Plainsboro, NJ",1,130000,541511,Database Architect,31.6
Miller's Ale House,"Orlando, FL",1,130000,722511,Data Science Manager,31.6
"Miller3 Consulting, Inc.","Atlanta, GA",1,72000,541611,Senior Data Scientist And Analyst,22.5
Milwaukee Board of School Directors,"Milwaukee, WI",1,63648,611110,Sr. Programmer Analyst I,22.5
Mindful Tech Solutions Inc.,"Knoxville, TN",1,102690,541512,Etl Thoughtspot Developer,25.4
"Mindhop, Inc.","White Plains, NY",1,84000,541512,Business Analyst,22.5
Mindlease Inc,"Plymouth, MN",1,74000,541511,Data Migration Engineer,22.5
"MINDPARCS, INC.","West Chester, PA",1,86736,541219,Data Analyst,22.5
"Mindray DS USA, Inc.","Mahwah, NJ",1,82139,3391,Associate Data Analyst,22.5
Minds & Assembly LLC,"New York, NY",1,85000,54181,Analyst,22.5
Mindshire Consulting LLC,"Blue Ash, OH",1,64813,541511,Junior Data Analyst,22.5
MINDSPACE INC,"Piscataway, NJ",1,125029,541511,Data Engineer,30.5
Mindworld LLC,"Elkridge, MD",1,101213,541511,Software Quality Assurance Analyst,25.0
MINEIRAO STEAKHOUSE,"Malden, MA",1,55000,722511,Market Research Analyst,22.5
"Minerva BI, Inc.","Brooklyn, NY",1,175000,513210,Data Scientist,41.8
Minerva Meats USA Inc.,"Fort Lauderdale, FL",1,55900,424420,Data And Sales Analyst,22.5
Minfy Technologies Inc,"Wilmington, DE",1,108326,541519,Business Analyst,26.7
"Minnesota State University, Mankato","Mankato, MN",1,56271,611310,Data And Systems Specialst,22.5
"Minnesota Timberwolves Basketball, LP","Minneapolis, MN",1,95000,711211,"Analyst Ii, Business Intelligence",23.6
Minori Skincare Inc.,"New York, NY",1,,81211,Business Data Analyst,22.5
Minuscule Technologies LLC,"Katy, TX",1,110000,541511,Technical Business Analyst,27.0
Mioro Gold LLC,"New York, NY",1,90000,423940,Business Analyst,22.5
"Mirasco, Inc.","Atlanta, GA",1,63500,424420,Market Research Analyst,22.5
"Misfits Market, Inc.","Hanover, MD",1,190962,492210,"Associate Director, Data Science",45.4
Miso Shark LLC,"Auburn, AL",1,60000,49311,Business Analyst,22.5
"Mission Servicing Residential, Inc.","Irving, TX",1,100000,522390,Data Scientist,24.8
Mississippi Community College Board,"Jackson, MS",1,70000,611210,Data Analyst,22.5
MISSISSIPPI STATE DEPARTMENT OF HEALTH,"Jackson, MS",1,54995,923120,Research Data Analyst Ii,22.5
MITO HIBACHI INC,"Yonkers, NY",1,76000,722511,Management Analyst,22.5
"Mitsubishi Electric Research Laboratories, Inc.","Cambridge, MA",1,135000,54171,Research Scientist,32.7
Mitsubishi Heavy Industries Compressor International Corporation,"Houston, TX",1,124195,333611,Sap Business Analyst,30.3
Mitsui Sumitomo Marine Management (USA),"Warren, NJ",1,160000,5241,Senior Data Engineer,38.4
"MJ WELLS & ASSOCIATES, INC.","Tysons, VA",1,108781,541611,Geospatial Data Scientist,26.8
"MKS Instruments, Inc.","Andover, MA",1,97136,334413,Senior Global Materials Analyst,24.1
ML TECHNOLOGIES LLC.,"Chantilly, VA",1,98467,541511,Systems Analyst-Sql Server/Azure Database Administrator,24.4
MLV GROUP LLC,"Ellicott City, MD",1,86736,541512,Data Scientist,22.5
MMA Engineering Solutions LLC,"Algonquin, IL",1,90000,541511,Hvac Fault Detection Analyst,22.5
MMB GLOBAL TECH LLC,"Tampa, FL",1,90000,541511,Software Analyst,22.5
MMM CONSUMER BRANDS INC.,"New York, NY",1,80000,624210,Pmo & Systems Development Analyst,22.5
"MMS Analytics, Inc.","Portsmouth, NH",1,95000,518210,Senior Data Analyst,23.6
MNM Innovations LLC,"Houston, TX",1,80000,541512,Data Analyst,22.5
"MOA Open Access, Inc.","Horsham, PA",1,150000,551114,"Director, Business And Data Analytics",36.1
"Mobi Media Soft, LLC","Mason, OH",1,68300,541511,Sap Functional Analyst,22.5
Mobile Infrastructure Corporation,"Cincinnati, OH",1,75000,812930,"Analyst, Asset Management",22.5
Mobility Special Home Care Services LLC,"Freehold, NJ",1,,621610,Business Operations Analyst,22.5
Mobiloans LLC,"Marksville, LA",1,57803,522291,Data Analyst,22.5
"MOBIS Parts Miami, LLC","Miami, FL",1,66300,423120,Parts Supply Data Analyst,22.5
Mochi Ring Donut LLC,"Edison, NJ",1,,3118,Business Strategy Analyst,22.5
Mochinut Chinatown LLC,"Chicago, IL",1,,722511,Market Research Analyst,22.5
MOD WORLDWIDE LLC.,"Philadelphia, PA",1,70242,541613,Data Scientist- Consumer Neuroscience,22.5
Modaxo Traffic Management USA Inc.,"Cedar Rapids, IA",1,83450,541512,Business Analyst,22.5
"MODE Transportation, LLC","Dallas, TX",1,77800,488510,Tms Configuration Analyst,22.5
"Modern Clinics, Inc.","Miami, FL",1,325000,621999,Chief Ai Scientist,47.5
Modern Market Master Inc,"Winder, GA",1,51200,48412,Logistics Analyst,22.5
"Modernform Cabinets & Closet, Inc.","Carrollton, TX",1,80000,423210,Business Analyst,22.5
"Modernform Cabinets and Closets, Inc.","Carrollton, TX",1,48000,423210,Marketing Analyst,22.5
"Modex Therapeutics, Inc.","Weston, MA",1,95000,32541,"Data Scientist, Computational Biology & Machine Learning",23.6
Modine Manufacturing Company,"Racine, WI",1,140000,3334,Senior Sap Business Analyst – Order To Cash,33.9
Mofazzal Suraiya LLC,"Duluth, GA",1,,624120,Business Analyst,22.5
mokSa.ai,"Troy, MI",1,116626,334290,Data Scientist,28.6
"Molecule Software, Inc.","Houston, TX",1,125000,5132,Operations Research Analyst (Product),30.5
"MOMA Therapeutics, Inc","Cambridge, MA",1,160000,541714,"Senior Manager, Research Informatics",38.4
Momentea Group Inc,"New York, NY",1,75000,722511,Management Analyst,22.5
"Momentive Software, Inc.","St. Petersburg, FL",1,170000,541511,Principal Data Scientist,40.7
Momento USA LLC,"Bellmawr, NJ",1,90000,541511,It Specialist Cloud Analytics,22.5
Momentum Research Inc.,"Durham, NC",1,78380,541715,Clinical Data Manager,22.5
Momentum The Growth Consultancy Inc,"Boston, MA",1,58850,54161,Junior Research Analyst,22.5
"Monad Health, Inc.","Columbus, OH",1,60133,621610,Operation / Management Analyst,22.5
Monadnock Community Hospital,"Peterborough, NH",1,96000,622110,Clinical Quality Analyst,23.9
Monarch Air Group LLC,"Fort Lauderdale, FL",1,,481111,Data Scientist,22.5
Monarch Alternative Capital LP,"New York, NY",1,220000,525920,"Senior Vp, Business Intelligence & Data Management",47.5
"Monarch Housing Associates, Inc.","Cranford, NJ",1,82763,624229,Data Analyst,22.5
MONARCH INFOTECH SERVICES LLC,"Atlanta, GA",1,119995,541511,Sr. Programmer Analyst,29.3
Monda Industrials LLC,"Chicago, IL",1,49000,321911,Supply Chain Analyst,22.5
"Monex, Inc","Washington, DC",1,93000,522320,Business Data Analyst,23.2
MoneyLion Technologies Inc,"New York, NY",1,120000,522291,Senior Analyst - Marketing Analytics,29.3
Monotype Imaging Inc.,"Woburn, MA",1,95000,541430,Senior Business Analyst,23.6
Monroe Track Equipment Inc.,"Monroe, WI",1,125000,336211,Sap Business Analyst - Finance,30.5
"Montai Therapeutics, Inc.","Cambridge, MA",1,126000,54171,Senior Data Infrastructure Engineer,30.7
"Montgomery Coalition for Adult English Literacy, Inc.","Rockville, MD",1,71500,813990,Manager Of Data Analysis And Technology,22.5
"Montgomery's Furniture, Inc.","Sioux Falls, SD",1,60000,449110,Inventory Analyst,22.5
Monticello Consulting Group Inc,"Richmond, VA",1,128000,541611,Business Analyst,31.1
"MOON SHEPHERD BAKER INSURANCE AGENCY, INC.","Houston, TX",1,90000,52421,Insurance Analytics Manager,22.5
MOONITSOLUTIONS INC,"Plano, TX",1,65000,541511,Data Scientist,22.5
"Moore Nanotechnology Systems, LLC","Swanzey, NH",1,130021,333517,Business Intelligence Analyst,31.6
"Morehouse College, Inc.","Atlanta, GA",1,76000,611310,Research Scientist,22.5
MOREHOUSE SCHOOL OF MEDICINE,"Atlanta, GA",1,123138,611310,Etl Developer,30.0
MORIMATSU HOUSTON CORPORATION,"Houston, TX",1,90000,332313,Data Analyst,22.5
Morningstar Investment Management LLC,"Chicago, IL",1,157750,5239,Lead Data Engineer,37.9
Morph Management Inc,"Woburn, MA",1,55000,541613,Business Analyst,22.5
Mortgage Industry Advisory Corporation,"New York, NY",1,94000,541511,Data Analyst,23.4
"Mosaic Fertilizer, LLC","Lithia, FL",1,88000,21239,Data Scientist,22.5
MOSES CONSTRUCTION INC,"Philadelphia, PA",1,69500,238110,Systems Analyst,22.5
"Motel Investors, Inc.","Alexandria, VA",1,110739,72111,It Systems Analyst,27.2
Motherson Electroplating US LLC,"Northport, AL",1,70992,3363,Analyst- Business,22.5
"Motimatic, PBC","Norfolk, VA",1,125000,541613,Senior Data Analyst,30.5
"Motionworks AI, INC.","Atlanta, GA",1,135000,541511,Senior Data Engineer,32.7
Motionworks International LLC,"Atlanta, GA",1,90000,513210,Data Analyst,22.5
"Motis, LLC.","Germantown, WI",1,65000,441330,Operations Analyst,22.5
"Motive SCC, LLC","La Crosse, WI",1,126000,541512,Senior Business Analyst,30.7
MOTOBUYS LLC,"Garland, TX",1,62500,44122,Market Research Analyst,22.5
"Motor Trend Group, LLC","New York, NY",1,161201,515120,Senior Data Engineer,38.7
Motors Insurance Corporation,"Detroit, MI",1,130021,522110,Principal - Data Engineer,31.6
Motrex LLC,"Alpharetta, GA",1,64200,335910,Data Analyst,22.5
Mott Haven Prescription Inc.,"Bronx, NY",1,70000,446110,Database Administrator,22.5
"Mount Franklin Foods, LLC","El Paso, TX",1,67392,311911,Baan Erp System Analyst And Developer,22.5
"Mountaire Farms of Delaware, Inc","Millsboro, DE",1,121533,311615,Business Intelligence Architect Ii,29.7
MOUNTMASS LLC,"Framingham, MA",1,,455219,Business Analyst,22.5
"Moxie Partners, Inc.","Brooklyn, NY",1,158327,56143,"Product Manager, Ai",38.0
"Moxie Systems, Inc.","Exton, PA",1,115000,541511,Database Administrator,28.2
MP Healthy Living LLC,"Norwood, MA",1,49858,722511,Marketing Analyst,22.5
"MP&F, LLC","Nashville, TN",1,48000,541613,Marketing Data Analyst,22.5
MPC FINANCIAL CORPORATION,"Lincoln Park, MI",1,53229,5412,Market Research Analyst,22.5
"mPOD, Inc.","New York, NY",1,82763,541714,Clinical Data Manager,22.5
MPOWER LOGIC INC.,"Piscataway, NJ",1,91707,541511,Programmer Analyst,22.9
MPOWER PRACTICE MANAGEMENT LLC,"Addison, TX",1,140000,541714,"Sr Project Mgr, Business Analyst",33.9
MPWR IT Services LLC,"Overland Park, KS",1,84100,541690,Business Intelligence Engineer,22.5
"MRI Software, LLC.","Solon, OH",1,98673,5132,Senior Database Admin Iv,24.5
MRIMath LLC,"Birmingham, AL",1,70242,541715,Medical Computer Vision & Machine Learning Engineer,22.5
MRO Corporation,"Norristown, PA",1,145173,541511,Database Advisor,35.0
"MSA Professional Services, Inc.","Baraboo, WI",1,111966,541330,Business Intelligence Analyst,27.5
"MSDSOnline, Inc.","Chicago, IL",1,79474,541690,"Marketing Analyst, Data Analytics",22.5
"MSH INTERNATIONAL, LLC","Fort Lauderdale, FL",1,,561311,Lead Bi Engineer,22.5
MSN Pharmaceuticals Inc,"Piscataway, NJ",1,67018,32541,Warehouse Associate,22.5
MSQ Partners NA LLC,"New York, NY",1,67000,541910,Senior Data Strategist,22.5
MSYS INC,"Washington, DC",1,115000,541511,Qa Analyst,28.2
MT Global Freight Solutions LLC,"Grapevine, TX",1,52000,48851,Supply Chain Analyst,22.5
Mthree Corporate Consulting Limited,"New Castle, DE",1,90256,54161,Senior Business Systems Analyst,22.6
"MTL Holdings, LLC","Griffin, GA",1,48000,531210,Market Research Analyst,22.5
MTR IT SOLUTIONS INC,"Jacksonville, FL",1,76400,541511,Statistical Programmer,22.5
MU HealthIT INC.,"Somerset, NJ",1,57533,541512,Qa Analyst/Testing,22.5
MUBARAK BROTHERS LLC,"Wichita, KS",1,52000,45831,Business Operation Analyst,22.5
Mueller Co. LLC,"Atlanta, GA",1,108032,332911,Database Administrator – Operational Technology,26.6
MUFG Fund Services (USA) LLC,"New York, NY",1,150000,52315,Quantitative Analyst And Strategist,36.1
MULTI SERVICE TECHNOLOGY SOLUTIONS INC.,"Overland Park, KS",1,105000,522320,Credit & Risk Business Analyst,25.9
Multi X Inc,"Miami, FL",1,65000,42446,Revenue And Procurement Analyst,22.5
"Multiplan, Inc. (d/b/a Claritev)","Mclean, VA",1,113326,518210,Data Engineering Manager [00088401],27.8
Multipliciti Inc.,"New York, NY",1,,455219,Data Engineer,22.5
Multisweet LIC INC,"New York, NY",1,,445298,Market Research Analyst,22.5
MUMU BATH LLC,"New York, NY",1,,45999,Supply Chain Analyst,22.5
Municipal Employees' Retirement System of Michigan,"Lansing, MI",1,88607,525110,It Data Analyst,22.5
"Munnabhai Solutions, Inc.","Norcross, GA",1,45947,445131,Marketing Analyst,22.5
"MUNRO AND ASSOCIATES, LLC","Auburn Hills, MI",1,95000,541330,Operations Research Analyst,23.6
Munters Corporation,"Amesbury, MA",1,79914,333415,Sales Reporting Data Analyst,22.5
MURATA POWER SOLUTIONS,"Westborough, MA",1,150000,335999,Business Data Engineer,36.1
Murmuration Research Institute Inc.,"New York, NY",1,164440,541720,Senior Data Engineer,39.4
MUSTAFA RAHIM MD INC.,"Beckley, WV",1,71112,621111,Operations  Research Analyst,22.5
Mutatio Inc,"Mclean, VA",1,65125,541512,Data Analyst,22.5
MV Contract Transportation Inc.,"Dallas, TX",1,80454,485999,Hr Data Analyst,22.5
"MV Transportation, Inc.","Dallas, TX",1,92331,485111,It Data Analyst Ii,23.0
MVATION WORLDWIDE INC,"Glen Cove, NY",1,81370,541511,Computer Systems Analyst,22.5
MVP Health Care,"Schenectady, NY",1,128178,524114,"Professional, Lead Data Scientist - Population Health",31.2
"MVS, Inc.","Indianapolis, IN",1,80270,541511,Computer Systems Analyst,22.5
MWB Contractor Services LLC,"Woodbridge, VA",1,66000,236118,Data Analyst,22.5
MWI VETERINARY SUPPLY COMPANY,"Conshohocken, PA",1,117000,424210,Data Engineer Iii,28.6
"MY COI, LLC","Indianapolis, IN",1,95000,511210,Business Analyst,23.6
MyDigitalOffice.com LLC,"Bethesda, MD",1,123656,511210,Lead Data Engineer,30.1
"Myeloid Therapeutic, Inc.","Cambridge, MA",1,90000,541714,Corporate Strategy And Business Development Analyst,22.5
"Myers Industries, Inc.","Akron, OH",1,92768,326220,Sr. Hr Data Analyst & Systems Architect,23.1
MyMichigan Health,"Midland, MI",1,70200,62199,Business Development Analyst,22.5
Myra EB Systems LLC,"Boxborough, MA",1,74922,541511,Data Scientist,22.5
Myra Info Technologies LLC,"Newberry, FL",1,118165,541519,Sr. Data Engineer,28.9
Myrtle Beach Seafood II LLC,"North Myrtle Beach, SC",1,,722511,Market Research Analyst,22.5
Myst Used Car LLC,"Troy, MI",1,61000,441120,Database Administrator,22.5
"Mystacks, Inc.","Wilmington, DE",1,148700,511210,Senior Data Engineer,35.8
Mytheresa US Services Inc.,"New York, NY",1,80931,458110,Business Strategy Analyst-North America,22.5
Mythri Minds LLC,"Dallas, TX",1,92000,541511,Sap Data Migration Specialist,23.0
"MZBIO, Inc.","Cambridge, MA",1,,541714,Operations Research Analyst,22.5
N&F Global Corp,"Melville, NY",1,76000,455219,Business Development And Operations Analyst.,22.5
"N&H Hotels, LLC","Williamsburg, VA",1,60902,721110,Business Analyst,22.5
N-Algo Solutions LLC,"Sterling, VA",1,102274,541511,Business Intelligence Analyst,25.3
N-ERGY AI SOLUTIONS,"Cambridge, MA",1,129605,541715,Ceo - Research Scientist,31.5
"N2 Services, Inc.","Jacksonville, FL",1,86216,541511,Systems Analyst,22.5
"NABLA BIO, INC.","Cambridge, MA",1,137400,541714,Machine Learning Engineer,33.3
Nagaratna Reddy MD,"Donaldsonville, LA",1,61277,621111,Database Administrators,22.5
Naheed Health PLLC,"Frisco, TX",1,67995,621210,Clinical Analyst,22.5
"NailWay Beauty Technology, Inc.","Peachtree Corners, GA",1,50000,456120,Consumer Insights & Market Research Analyst,22.5
Nakamoto & Turing Labs Inc,"New York, NY",1,,541614,Management Analyst,22.5
Nalara Quality System LLC,"Livonia, MI",1,63294,541614,Management Analyst,22.5
"Nando's Restaurant Group, Inc.","Washington, DC",1,78374,722511,It Systems Analyst,22.5
Nanite Inc.,"Boston, MA",1,123600,541715,Machine Learning Scientist,30.1
Nano Analytics LLC,"Paoli, PA",1,80080,541511,Data Engineer,22.5
"Nanobiosym Diagnostics, Inc.","Cambridge, MA",1,76378,541713,Data Systems Analyst,22.5
NanoPV Solar Inc,"Americus, GA",1,72000,334413,Computer And Information Research Scientist,22.5
"NaphCare, Inc.","Vestavia Hills, AL",1,95400,621999,Bi Data Reporting Analyst,23.7
Nasdaq PHLX LLC,"New York, NY",1,105000,52232,Product Analyst Specialist,25.9
NASFAR SYSTEMS SOLUTIONS INC,"Bolinbrook, IL",1,59405,54151,Database Administrator,22.5
NasterQuest Inc,"Irving, TX",1,,54151,Cto & Ai Research Scientist,22.5
Naten LLC,"Plano, TX",1,91562,541511,System Analyst,22.9
"National Air Cargo Group, Inc.","Orlando, FL",1,47736,488510,Crew Scheduling Analyst,22.5
"National Association of Children's Hospitals and Related Institutions, Inc.","Lenexa, KS",1,109000,8139,Biostatistician,26.8
NATIONAL BASKETBALL PLAYERS ASSOCIATION,"New York, NY",1,70000,711211,International Research And Development Analyst,22.5
National Board of Medical Examiners,"Philadelphia, PA",1,102440,611710,It Data Engineer Ii,25.3
National Cable Communications LLC,"New York, NY",1,199500,541810,Principal Data Engineer,47.4
"National Collegiate Scouting Association, LLC","Bradenton, FL",1,168912,711410,Lead Data Scientist,40.4
National Distributors LLC,"Richmond Hill, NY",1,,425120,Management Analyst,22.5
National Education Association of the United States,"Washington, DC",1,153571,813930,Sr. Program & Policy Analyst,36.9
National Export USA LLC,"Fort Lauderdale, FL",1,52000,442210,Business Analyst,22.5
National Food Trading Corp,"Montvale, NJ",1,82482,7223,Supply Chain Analyst,22.5
National Football League Enterprises LLC,"New York, NY",1,207000,7112,Director – Fan Engagement Data Science,47.5
National Football League Players Association,"Washington, DC",1,110508,813930,Database Administrator,27.2
National Foundation for the Centers for Disease Control and Prevention,"Atlanta, GA",1,93794,813212,Statistician,23.4
National General Insurance Corp,"Winston-Salem, NC",1,135000,524210,Bi Developer,32.7
"National Healthcare Solutions, Inc.","Dallas, TX",1,89190,524292,Sr. Data Analyst,22.5
National Information Solutions Cooperative,"Mandan, ND",1,75007,541512,Etl Associate,22.5
National Investment Center for Seniors Housing & Care,"Annapolis, MD",1,80000,518210,Data Analyst,22.5
National Minority Quality Forum Inc.,"Washington, DC",1,173763,541715,Data Engineer,41.5
NATIONAL RUBBER CORPORATION,"Canonsburg, PA",1,52728,325212,Market Research Analyst,22.5
National Safety Apparel LLC,"Cleveland, OH",1,65016,315990,Inventory Analyst,22.5
Nationwide Life and Annuity Insurance Company,"Columbus, OH",1,110000,524113,"Specialist, Analytic Scientist",27.0
Nationwide Property & Appraisal Services LLC,"Voorhees, NJ",1,46051,531320,Business Analyst,22.5
"Native Pet, Inc.","St. Louis, MO",1,97335,459910,Data Engineer,24.2
"NativState, LLC","Conway, AR",1,55000,5629,Geographic Information Systems Analyst,22.5
"Natural Fiber Welding, Inc.","Peoria, IL",1,75000,314999,Quality Data Analyst,22.5
NATURAL GLOBAL INC,"Boston, MA",1,,4249,Business Intelligence Analyst,22.5
NATURAL POLYMER INTERNATIONAL CORPORATION,"Plano, TX",1,80850,311111,Data Scientist,22.5
Natural Power Consultants LLC,"Saratoga Springs, NY",1,86000,541690,Renewable Energy Analyst,22.5
Natural Stone LLC,"Pompano Beach, FL",1,58000,423810,Operations Management Analyst,22.5
Natural Vitamins Laboratory Corp.,"Opa Locka, FL",1,87500,32541,Data Scientist,22.5
NATURE MAJOR INC,"Mineola, NY",1,,423450,Business Intelligence Analyst,22.5
Nature's Fynd LLC,"Chicago, IL",1,145000,3119,"Manager, Data Science",35.0
NatWest Markets Securities Inc.,"Stamford, CT",1,81350,523110,Production Management Analyst,22.5
"NAUTILUS HYOSUNG AMERICA, INC.","Irving, TX",1,65000,334118,Quality Data Analyst,22.5
Navada Imports LLC,"Marlborough, MA",1,330000,424690,Marker Research Analyst,47.5
NAVADISHA LLC,"Bridgewater, NJ",1,95493,541511,It Data Analyst,23.7
Navasal Inc,"Carrollton, TX",1,101192,541511,Data Scientist,25.0
NAVATIO PHARMA USA LLC.,"Graniteville, SC",1,68806,5419,Data Scientist,22.5
"Navient Solutions, LLC","Herndon, VA",1,112466,522291,Senior Systems Analyst,27.6
"Navigate Marketing, LLC","Chicago, IL",1,61963,541618,"Senior Analyst, Consulting",22.5
Navinta III Inc.,"Boca Raton, FL",1,84000,32541,Product Analyst,22.5
"Navistar, Inc.","Lisle, IL",1,113244,33612,Business Intelligence Consultant,27.8
"NaviStone, Inc.","Cincinnati, OH",1,75619,541511,Senior Marketing Campaign Analyst,22.5
Navivan Corporation,"Kenner, LA",1,38646,488510,Market Research Analyst,22.5
NavoInfo Inc.,"Addison, TX",1,94500,541511,Computer Systems Analyst,23.5
Navsan LLC,"Helotes, TX",1,92040,541511,Business Analyst,23.0
Nayax LLC,"Hunt Valley, MD",1,105000,423430,Technical Support Analyst,25.9
"NBA Properties, Inc.","New Jersey, NJ",1,250000,711211,Machine Learning Engineer - Automated Officiating,47.5
NBS Consult Inc,"Piscataway, NJ",1,77900,541511,Software Qa Analyst,22.5
NC Electric Membership Corporation,"Raleigh, NC",1,98972,2211,Data Analyst,24.5
Nclipse Solutions LLC,"Herndon, VA",1,83242,541511,Business Analyst,22.5
NCompas Business Solutions Inc,"Highland Heights, OH",1,82784,541511,Operation Research Analyst,22.5
"nDimensions Technologies, Inc.","Livonia, MI",1,89710,541511,Computer Systems Analyst,22.5
NDUS System Information Technology Services,"Bismarck, ND",1,79000,611310,Senior Programmer Analyst,22.5
"Ndustrial.io, Inc.","Raleigh, NC",1,79955,5415,Sr. Business Analyst,22.5
ndVOR Solutions LLC,"Lawrenceville, NJ",1,110000,541511,E-Commerce Business Analyst,27.0
"Neal F. Vallins, DDS PC.","New York, NY",1,79789,621210,Market Research Analyst,22.5
"Neapco Holdings, LLC","Farmington Hills, MI",1,90000,33639,Business Systems Data And Development Advisor,22.5
"Nebo Agency, LLC","Atlanta, GA",1,105000,541613,Performance Marketing Analyst,25.9
NeboSys INC,"Frisco, TX",1,85467,541511,Data Engineer,22.5
Nebraska Organ Recovery System,"Omaha, NE",1,72259,621991,Business Intelligence Specialist,22.5
Nebraskaland Inc.,"Bronx, NY",1,82763,424490,Data Analyst,22.5
NEBULA TECHNOLOGIES LLC,"Alpharetta, GA",1,,541511,Business Intelligence Engineer,22.5
NebuLogic Technologies (Holdings) Inc.,"Plano, TX",1,71510,541511,Data Product Manager,22.5
"NEDIA ENTERPRISES, INC.","Ashburn, VA",1,64480,423390,Supply Chain Analyst,22.5
Nedl Labs Inc.,"Mckinney, TX",1,75000,54133,Ai Systems Engineer,22.5
Neev Data Corp.,"Chesterbrook, PA",1,84781,541511,Data Archiving Consultant Level 1,22.5
Negotiatus Corp,"New York, NY",1,215000,424110,Data Scientist,47.5
"Nehmedia, Inc.","Austin, TX",1,89000,541613,Business Data Analyst,22.5
NeighborHealth Corporation (f.k.a. East Boston Neighborhood Health Center),"Revere, MA",1,129147,621498,Senior Business Intelligence Developer,31.4
Neighborhood Sun Benefit Corp.,"North Bethesda, MD",1,79401,221114,Operations Research Analyst,22.5
"Nelo, Inc.","New York, NY",1,230000,522291,Vice President Of Data Science,47.5
"Nenicel, Inc.","Durham, NC",1,105000,5415,Data Engineer,25.9
Neoarchi Inc.,"Rolling Meadows, IL",1,75000,541512,Sap Logistics Analyst,22.5
NeoDJC LLC,"Charlotte, NC",1,62587,54121,Data Scientist,22.5
NEOFINITE LLC,"Troy, MI",1,95000,541519,Sql Database Analyst,23.6
Neogen Corporation,"Lansing, MI",1,88910,325412,Sales Data Engineer,22.5
"NeoGenomics Laboratories, Inc.","Fort Myers, FL",1,162772,621511,"Manager, Data Services",39.0
Neoitek Systems Inc.,"Totowa, NJ",1,86600,541511,Data/Cloud Engineer,22.5
"Neon Tech Systems, Inc.","Marlborough, MA",1,96845,541511,Quality Assurance Analyst,24.1
NEOSIS IT SOLUTIONS LLC,"Hanover Park, IL",1,93974,541511,Data Scientist,23.4
Nepa Wholesale Inc.,"West Palm Beach, FL",1,83429,42494,Data Analyst,22.5
Nephron Pharmaceuticals Corporation,"West Columbia, SC",1,97000,325412,Senior Data Analyst,24.1
Neptune Flood Incorporated,"Saint Petersburg, FL",1,125000,524210,Data Scientist,30.5
NEPTUNE IMPORTS,"Houston, TX",1,60500,424410,Business Analyst,22.5
"Net at Work, LLC","New York, NY",1,83000,54151,Search Engine Optimization Analyst,22.5
"netamorphosis, LLC","New York, NY",1,93566,541613,"Statistician, Consumer Analytics",23.3
"NetBox Labs, Inc.","New York, NY",1,207000,541511,Ai Founding Engineer,47.5
NetForecast Inc.,"Charlottesville, VA",1,,513210,Senior Data Analyst,22.5
NetGain Technologies LLC,"Lexington, KY",1,61000,541512,Cybersecurity Analyst,22.5
"Netra Technologies, Inc.","Naperville, IL",1,88442,541511,Programmer Analyst,22.5
NETSTYLE CORP.,"Manassas, VA",1,82700,32311,Data Scientist,22.5
Network Coverage LLC,"Danvers, MA",1,145000,541512,"Senior Industrial Engineer, Data Science",35.0
"NETWORK OBJECTS, INC.","Plano, TX",1,106558,541511,Sap Abap Analyst,26.3
Network Services Company,"Schaumburg, IL",1,136531,54161,Manager - Reporting & Data Analytics,33.1
Network Specialty Group Inc.,"Gaithersburg, MD",1,78374,541511,Computer Systems Analyst,22.5
"Neucore Technologies, LLC","Dallas, TX",1,75000,541511,Data Analyst,22.5
Neuera Geoservices LLC,"Houston, TX",1,55000,541360,Data Scientist,22.5
Neura Geoservices LLC,"Houston, TX",1,55000,541360,Data Scientist,22.5
Neuralix Inc,"Houston, TX",1,110000,541511,Data Scientist,27.0
NEUROLOGIC AI LLC,"Newark, DE",1,70000,541511,Software Qualaity Assurance Analyst,22.5
NEUTEK CONSULTING LLC.,"Frisco, TX",1,92040,541511,Machine Learning Engineer,23.0
NeuTigers Inc,"Princeton, NJ",1,86050,541715,Data Scientist,22.5
Neutrolis Inc.,"Cambridge, MA",1,79950,541714,Data Scientist,22.5
"NEW AEROFARMS, INC.","Ringgold, VA",1,140000,111219,Senior Erp Business Analyst,33.9
New Braunfels Utilities,"New Braunfels, TX",1,85000,551112,Energy Analyst,22.5
New Cibo Vita LLC,"Totowa, NJ",1,100000,424490,Forecast Analyst,24.8
"New Day Financial, LLC","Fulton, MD",1,80000,522310,It Business Analyst,22.5
NEW DOVER TECH LLC,"Edison, NJ",1,100714,541512,Business Analyst,24.9
New Edge Technology Pvt. Ltd.,"St. Petersburg, FL",1,122117,541511,Data Architect,29.8
New Energy Education Center Inc.,"Syosset, NY",1,72936,611710,Market Research Analyst,22.5
New England IT Associates Inc,"Burlington, MA",1,122699,541511,Business Systems Analyst,29.9
"New England Mutual Trading, Inc.","Waltham, MA",1,49858,4244,Market Research Analyst,22.5
"New England Schools and Scholars Association, Inc.","Cambridge, MA",1,,611710,Marketing Data Analyst,22.5
New Era Life Insurance Company,"Houston, TX",1,100400,524113,Senior Applications Analyst,24.9
New Erie Scientific LLC,"Portsmouth, NH",1,150098,54171,Senior Systems Analyst,36.2
NEW GEN NETWORK INC,"Flushing, NY",1,60174,81341,Market Research Analyst,22.5
New Gen Sports Group LLC,"Boca Raton, FL",1,49629,459110,Management Analyst,22.5
"New Gen Telecom, LLC.","Houston, TX",1,60000,51712,Business Analyst,22.5
New Golden Age Realty Inc.,"New York, NY",1,,531390,Management Analyst For Real Estate Development & Management,22.5
NEW GROWN DIAMOND INC.,"New York, NY",1,,423940,Data Analyst,22.5
New Haven Pharmacy Inc.,"New Haven, CT",1,58885,446110,Pharmacy Data Analyst,22.5
"New Jersey Manufacturing Extension Program, Inc.","Cedar Knolls, NJ",1,67018,541611,Data And Supply Chain Specialist,22.5
NEW JERSEY REHAB EXPERTS LLC,"Jersey City, NJ",1,,621340,Healthcare Business Operations Analyst,22.5
New London County Mutual Insurance Company,"Norwich, CT",1,79500,524126,Reporting Analyst,22.5
New Massey Hill Pharmacy LLC,"Fayetteville, NC",1,63960,456110,Systems Analyst,22.5
NEW ORIENTAL FOOD TRADING INC.,"Bayonne, NJ",1,,4244,Business Intelligence Analyst,22.5
"NEW PATH MEDIA GROUP, INC.","High Point, NC",1,88650,541810,Senior Analytics Project Developer,22.5
New Vision Institute of Technology Inc,"Frisco, TX",1,67995,541512,Business Analyst,22.5
New York Air Brake LLC,"Watertown, NY",1,71070,336510,Supply Chain Analyst,22.5
New York Auto Depot Inc.,"Highland Park, NJ",1,,4231,Business Analyst,22.5
"New York City Criminal Justice Agency, Inc.","New York, NY",1,86561,81341,Lead Data/Business Analyst,22.5
New York City Department of Correction,"East Elmhurst, NY",1,126000,922140,Senior Operations Research Analyst,30.7
New York City Department of Education,"Brooklyn, NY",1,70087,611110,"Data Specialist, Osyd",22.5
New York City Moves Real Estate LLC,"New York, NY",1,60174,531210,Real Estate Market Research Analyst,22.5
"New York General Consulting, Inc.","New York, NY",1,,92311,Marketing Analyst,22.5
New York Medical College,"Valhalla, NY",1,60250,611310,Data Analyst,22.5
NEW YORK MEDICAL SUPPORT CAREER TRAINING CENTER INC,"Flushing, NY",1,73590,61143,Business Analyst,22.5
"New York Mutual Trading, Inc.","Secaucus, NJ",1,,4244,Management Analyst,22.5
New York Wealth Planning Group Inc.,"Flushing, NY",1,150000,541611,Management Analyst,36.1
Newagez Technologies LLC,"Harrisonville, MO",1,120000,541511,Data Engineer,29.3
"Neway Flow Control, Inc.","Stafford, TX",1,64834,4238,Supply Chain Analyst,22.5
Newcortex LLC,"Brooklyn, NY",1,105000,51321,Machine Learning Engineer,25.9
Newdream Data Systems LLC,"Carrollton, TX",1,96000,541511,Business Analyst,23.9
NEWGEN IT SOLUTIONS LLC,"Famington Hills, MI",1,76000,541511,Business Analyst,22.5
"NewGlobe Education, Inc.","Cambridge, MA",1,90000,611710,"Senior Data Analyst, Measurement & Evaluation",22.5
"News Corporate Services, Inc.","New York, NY",1,270000,519110,"Director, Ai",47.5
Newsmax Broadcasting LLC,"Boca Raton, FL",1,75733,516210,Management Analyst,22.5
NewVance Inc.,"Skillman, NJ",1,86400,325199,Operations Research Analyst,22.5
NewVision Software LLC.,"Peachtree Corners, GA",1,135533,541512,Gen Ai Architect,32.8
"NEXT LEVEL BUSINESS SERVICES, INC.","Alpharetta, GA",1,150000,541511,Manager-Data Engineering & Bi,36.1
Next Step Acquisitions Inc,"Shelton, CT",1,62000,541613,Market Analyst,22.5
"NEXT TECHNOLOGY SOLUTIONS, LLC","Frisco, TX",1,,541990,Clinical Data Manager,22.5
NextDecade LNG LLC,"Houston, TX",1,170000,32419,"Lead, Data Analytics",40.7
Nexteer Automotive Corporation,"Saginaw, MI",1,108665,3363,Senior Quality Control Analyst,26.7
"Nextenture, Inc.","East Walpole, MA",1,105000,541511,Senior Business Intelligence Analyst,25.9
"NextGen Global Resources, LLC","Chicago, IL",1,105000,541618,Quality Assurance Analyst Ii,25.9
"Nextgen Innovation Labs,LLC","Frisco, TX",1,95000,423430,Manager-Data Engineering,23.6
"NextQuarter, Inc.","Reston, VA",1,83000,541512,Data Science Engineer,22.5
NEXTT AFFILIATED INC,"Dallas, TX",1,105000,3141,Senior Product And Business Analyst,25.9
Nexus Veterinary Bone & Joint Center LLC,"Stafford, TX",1,42099,54194,Market Research Analyst And Marketing Specialist,22.5
NEXUSPOINT CONSULTING LLC,"Brooklyn, NY",1,,541611,Management Analyst,22.5
Nexxverse LLC,"Dallas, TX",1,,541511,Business Analyst,22.5
NFE MANAGEMENT LLC,"New York, NY",1,91270,221210,Analyst,22.8
NFN KING OF PRUSSIA LLC,"King Of Prussia, PA",1,70000,524210,Research Analyst,22.5
NFORCE ONE LLC,"Plano, TX",1,80000,541511,Ai Quality Assurance Associate,22.5
NGDATA US INC,"New York, NY",1,100000,518210,Big Data Engineer,24.8
"NHL ENTERPRISES, L.P.","New York, NY",1,149400,711211,Sr. Data Engineer,36.0
"NHS US, LLC.","Hoboken, NJ",1,166358,311991,"Sr. Mgr, Commercial Data Management",39.9
Ni2 Health Inc.,"Austin, TX",1,76500,541511,Healthcare Data Specialist,22.5
"NICE Systems, Inc.","Hoboken, NJ",1,110500,511210,Sr. Data Analyst,27.2
"Nichefire, Inc.","Covington, KY",1,120000,518210,Data Scientist,29.3
Nick H. Johnson PC,"Houston, TX",1,81245,541110,Data Analyst,22.5
Nicklaus Children's Health System,"Miami, FL",1,129812,622110,Peoplesoft Analyst Ii,31.5
"Nift Networks, Inc.","Boston, MA",1,180000,541613,Data Analytics Manager,43.0
Nightsea Inc.,"Bridgewater, NJ",1,70000,42399,Business And Social Media Data Analyst,22.5
"Niha Technologies, Inc","Herndon, VA",1,87526,541519,Technical Database Consultant,22.5
NIKOTECH SYSTEM LLC,"Syosset, NY",1,90100,541511,Network Security Engineer/Analyst,22.5
Nile dynamics llc,"New York, NY",1,84000,541614,Logistics/Supply Chain/International Trade Analyst Manager,22.5
NIM-os LLC,"Boston, MA",1,108181,5239,Data Engineer,26.6
Nine Boards LLC,"Warrenville, IL",1,110000,541511,Bi Aanlyst,27.0
NineDot Holdings Inc.,"Brooklyn, NY",1,111966,237130,Analytics Engineer,27.5
"NinjaOne, LLC","Oldsmar, FL",1,120000,511210,Senior Marketing Data Analyst,29.3
"Nishu Hotel, LLC","Waynesboro, VA",1,,721110,Business Analyst,22.5
NiSource Corporate Services Company,"Merrillville, IN",1,113500,561110,Lead Testing Analyst,27.8
Nitor Partners LLC,"Westlake, OH",1,140000,541611,Management Analyst - Implementation,33.9
"Nitro Logistics, Inc.","San Antonio, TX",1,65000,4842,Systems Analyst/Business Technology Analyst,22.5
"NITTO, INC.","Teaneck, NJ",1,85000,3399,Business Analyst / Project Manager,22.5
NITYOSOFT INCORPORATED,"Charlotte, NC",1,101192,541511,Programmer (App Dev – Etl Salesforce),25.0
NIWO PARTNERS INC,"Carteret, NJ",1,,4931,Business Operations Research Analyst,22.5
NKB Corporate Venture INC,"Houston, TX",1,60486,449210,Business Operations Analyst,22.5
NOAH WIRELESS,"Houston, TX",1,65000,517122,Database Administrator,22.5
"Nobilis Group, Inc.","Irving, TX",1,90000,811121,Data Engineer,22.5
Noble Capital Management Group Inc.,"New York, NY",1,84000,5239,Director Of Business Intelligence,22.5
Noble IT Consulting LLC,"Iowa City, IA",1,112000,541512,Data Analyst,27.5
Noble Services Company LLC,"Sugar Land, TX",1,114608,213111,Performance Data Specialist,28.1
Noetica Inc.,"New York, NY",1,150000,541511,Senior Machine Learning Engineer,36.1
"Noke, Inc.","Temple, GA",1,105464,513210,Database Tech Lead,26.0
Nomad Data Inc.,"New York, NY",1,105000,513210,Research Analyst,25.9
"NOMIS ENTERPRISES, INC","Skokie, IL",1,68850,56172,Business Analyst,22.5
"Nomura Research Institute IT Solutions America, Inc.","Frisco, TX",1,100000,541512,"Systems/Data Analyst, Business Development",24.8
"Nonprofit Partners, Inc.","Johnstown, PA",1,64000,813211,Sustainable Manufacturing Research Analyst,22.5
Noodle Partners PBC,"New York, NY",1,93190,611710,"Manager, Web Analytics",23.2
NOOR PUNJANI & SONS INC,"Atlanta, GA",1,64438,42394,Business Analyst,22.5
Noor Wholesale of Farmville Inc.,"Richmond, VA",1,100000,424940,Business Analyst,24.8
"Nordic Group, LLC","Boca Raton, FL",1,43514,33711,Management Analyst,22.5
"NORSTAN COMMUNICATIONS, INC","Lawrence, PA",1,74550,517810,Management Analyst,22.5
Norstar International LLC,"Montgomery, OH",1,56638,33261,Financial And Data Analyst Associate,22.5
"Nortek Air Solutions, LLC","Okarche, OK",1,62608,333415,Data Engineer,22.5
"North American Cargo, Inc","Elk Grove Village, IL",1,,541614,Analyst,22.5
North American Properties LLC,"Cincinnati, OH",1,57595,531390,"Junior Analyst, Business Intelligence",22.5
North American University,"Stafford, TX",1,,611310,Database Coordinator And Gls Assistant Registrar,22.5
NORTH ATLANTIC DISTRIBUTION INC,"North Kingston, RI",1,125000,423110,Lead Consultant Systems Analyst,30.5
"NORTH CAROLINA GOOD TASTE NOODLE, INC.","Kernersville, NC",1,,541618,Management Analyst,22.5
North Central Michigan College,"Petoskey, MI",1,65000,611210,Institutional Research Data Analyst,22.5
North Central Texas Trauma Regional Advisory Council,"Arlington, TX",1,63066,921190,Business Analyst,22.5
North Chicago Community Unit School District 187,"North Chicago, IL",1,94260,611110,Data Strategist,23.5
North Country Healthcare,"Whitefield, NH",1,61651,622110,Data Analyst,22.5
North Gravity LLC,"Darien, IL",1,67000,541511,Database Administrator,22.5
"NORTH IT GO, INC","Farmers Branch, TX",1,84000,541519,Data Engineer,22.5
North Shore Hotel Management LLC,"Glen Cove, NY",1,82763,721110,Business Analyst,22.5
"North, Inc.","Saint Louis, MO",1,,5416,Market Analyst,22.5
"NorthBay Solutions, LLC","Andover, MA",1,112986,541512,Big Data Engineer,27.7
Northbrook School District 27,"Northbrook, IL",1,,611110,Data Management And Aquisitions Specialist,22.5
Northeast Behavioral Health Corporation d/b/a Beth Israel Lahey Health Behavioral Services,"Danvers, MA",1,71282,621399,Data Analyst Behavioral Health,22.5
"Northeast Foundation For Children, Inc.","Turners Falls, MA",1,73424,611710,Crm Data Administrtor,22.5
"Northeast Georgia Health Systems, Inc.","Gainesville, GA",1,151818,62111,Etl Architect,36.5
NorthEast Provider Solutions,"Hawthorne, NY",1,113000,62111,Analytics Engineer,27.7
"Northeast Treatment Centers, Inc.","Philadelphia, PA",1,70242,624190,System And Data Analyst,22.5
Northern Michigan University,"Marquette, MI",1,64464,611310,Educational Analytics Specialist,22.5
"Northstar Energy Management, LLC DBA NovaSource Power Services","Austin, TX",1,133366,221114,System Analyst,32.4
Northwest Grains International LLC,"Minneapolis, MN",1,,4842,Business Intelligence Analyst,22.5
Northwind Management LLC,"New York, NY",1,65000,541613,Analyst,22.5
Northwood University,"Midland, MI",1,55000,541513,International Marketing Business Analyst,22.5
"Norwalk Community Health Center, Inc.","Norwalk, CT",1,86965,621498,Business Intelligence Analyst,22.5
Norway Health Center  LLC,"Saint Paul, MN",1,,621420,Market Research Analyst,22.5
"Nostrum Energy, LLC","Ann Arbor, MI",1,94000,54171,Enterprise Data Engineer And Operations Team Leader,23.4
"Nousot, Inc.","Austin, TX",1,215000,541511,"Director, Data Architecture",47.5
"Nova Enterprises, Inc.","Chicago, IL",1,,611692,Market Research Analyst,22.5
Novaland LLC,"Marlborough, MA",1,,722515,Data Scientist,22.5
Novasoft USA Inc,"New Brunswick, NJ",1,75000,541519,Management Analyst,22.5
Novcecks Rx LLC,"North Bergen, NJ",1,104000,45611,Management Analyst,25.7
"Novelis Alr Rolled Products, Inc.","Atlanta, GA",1,96500,331313,Operations Excellence Analyst,24.0
Noveltek Systems Inc,"Piscataway, NJ",1,66955,541511,Data Engineer,22.5
Noviland Technologies Inc.,"Duluth, GA",1,58000,425120,Operations Research Analyst,22.5
Novos Solutions LLC,"Zionsville, IN",1,70000,541519,Business Analyst,22.5
"NRG Entergy, Inc.","Houston, TX",1,155000,926130,Senior Data Warehouse Analyst,37.3
NRG Kiosk LLC,"Chicago, IL",1,85000,54151,Junior Data Scientist,22.5
NRI GEMS INC.,"New York, NY",1,,423940,Business Analyst,22.5
"NRMLC, LLC","Lakewood, NJ",1,75733,561611,Business Analyst,22.5
"NSK Americas, Inc.","Ann Arbor, MI",1,74790,33599,It Analyst Ii,22.5
"NStarX, Inc.","Manchester, MO",1,96500,541511,Data Scientist,24.0
NT BUILDER LLC,"Norwood, MA",1,,23611,Market Research Analyst,22.5
"NTT Ltd Group Services America, Inc.","Richmond, VA",1,171000,541512,Principal Business Analyst Gmnc,40.9
"Nu North America, Inc.","Durham, NC",1,375000,541511,Machine Learning Engineer Principal,47.5
"Nuco Health, LLC","Farmington Hills, MI",1,62000,541618,Market Research Analyst,22.5
"Nucor Tubular Products, Inc.","Chicago, IL",1,74371,33331,Marketing Analyst,22.5
Nucural Inc,"Dallas, TX",1,,541511,"Software Engineer, Data Science And Healthcare",22.5
"Nuevosoft, LLC.","Helotes, TX",1,97100,5416,Data Engineer,24.1
NUMANTRA TECHNOLOGIES LLC,"Shaker Heights, OH",1,120000,54151,Senior Cloud Specialist And Data Engineer,29.3
NUMERO SOLUTIONS INC.,"Mckinney, TX",1,96034,541511,Data Engineer,23.9
"Numerof & Associates, Inc.","St. Louis, MO",1,107000,541611,Strategy Consulting Analyst – Life Science Practice,26.4
NUMINFORMATICS INC,"Centreville, VA",1,58500,541511,Ai / Ml Developer,22.5
Nuna Network LLC,"New York, NY",1,90000,541511,Data Analyst,22.5
"NUSO, LLC","University City, MO",1,77118,51781,Operations Research Analyst,22.5
"Nutrifresh Holdings, LLC","Edison, NJ",1,85000,488510,Pricing Analyst,22.5
"NUVENTO, INC.","Cranbury, NJ",1,110000,541511,Data Engineer,27.0
"Nuvera, LLC","Cedar Knolls, NJ",1,108306,541611,Data Consultant,26.7
"NuVizz Consultancy Services, Inc.","Sandy Springs, GA",1,89710,541511,It Consultant (Systems Analyst),22.5
Nuvomed Inc,"Downers Grove, IL",1,68515,423450,Inventory Management Analyst,22.5
NV ALEXANDRIA LLC,"Falls Church, VA",1,79200,236118,Management Analyst,22.5
NX1 Capital LP,"White Plains, NY",1,200000,523940,Data Scientist,47.5
NX3 Corporation,"Jersey City, NJ",1,156000,541512,Lead It Business Analyst,37.5
"NxStage Medical Inc., a Fresenius Medical Care N.A. compan","Lexington, MA",1,84662,334510,Logistics Analyst Iii,22.5
NY FACULTY OF POLIECON INC.,"New York, NY",1,,541611,Market Research Analyst,22.5
NY New York Trading Inc.,"New York, NY",1,,424210,Data Analyst,22.5
NY Partners in Health MSO LLC,"New York, NY",1,,621111,Market Research Analyst,22.5
NY TJ Max Inc,"Maspeth, NY",1,82763,45521,Business Analyst,22.5
NYC DEPARTMENT OF INFORMATIONTECHNOLOGY & TELECOMMUNICATION,"Brooklyn, NY",1,84342,92119,Cyber Audit Analyst,22.5
NYC Steel Detailing Inc,"Hicksville, NY",1,100000,238120,It Support Analyst,24.8
NYC Taxi and Limousine Commission,"New York, NY",1,135000,921120,It Data Engineer,32.7
NYCTEKK LLC,"Washington, NJ",1,,541511,Automation Qa Analyst,22.5
"NYSHEX, LLC","New York, NY",1,114490,481212,Sr. Supply Chain Product Analyst,28.1
"O&M Halyard, Inc.","Mechanicsville, VA",1,136475,423450,It Reporting Lead – Data Architect,33.1
"O&P Digital Technologies, LLC","Gainesville, FL",1,95472,541519,Data Architect,23.7
O&S Associates Engineers & Architects,"New York, NY",1,61000,541310,Marketing Analyst,22.5
"O'Neal Steel, LLC","Birmingham, AL",1,89200,331110,Computer Systems Analyst,22.5
"Oak Forest Management, LLC","Bryan, TX",1,,236210,Management Analyst,22.5
Oak Forest Realty,"Boston, MA",1,,531210,Data Scientists,22.5
"Oak Point Partners, LLC","Skokie, IL",1,61443,523940,Database Analyst,22.5
Oakland University,"Rochester, MI",1,63856,611310,Research Assistant,22.5
Oakploy LLC,"Duluth, GA",1,180000,455219,Sr. Market Research Analyst,43.0
OAKSTON TECHNOLOGIES LLC,"Malvern, PA",1,100000,541511,Sr System Analyst,24.8
"OBJECT DATA, INC","Iselin, NJ",1,120000,541511,Data Scientist,29.3
"Objective Medical Systems, LLC","Houma, LA",1,105000,541511,Data Scientist,25.9
"ObjectVideo Labs, LLC","Mclean, VA",1,145950,5415,Research Scientist,35.2
Occams Group LLC,"Columbia, MD",1,69000,541511,Database Administrator,22.5
Oceanview Life and Annuity Company,"Coral Gables, FL",1,90000,52429,Business Analyst / Quality Assurance Analyst,22.5
Ocher Technology Group,"Alpharetta, GA",1,,541511,Sr. Big Data Engineer,22.5
OCM New Jersey Inc,"Linden, NJ",1,,4244,Digital Marketing Analyst,22.5
"OCS Industries, Inc.","Poughkeepsie, NY",1,68000,236210,Operations Research Analyst,22.5
OCTATEK INC,"Chester Springs, PA",1,225000,541690,Principal Product Manager - Ai,47.5
OCTAURA LL TRADINGCO LLC,"New York, NY",1,120000,5231,Data Scientist,29.3
Octo Consulting Group LLC,"Reston, VA",1,140884,541512,Senior Storage And Data Protection Administrator/Engineer,34.1
Octohub Technology LLC,"Austin, TX",1,92000,541511,Data Analyst,23.0
Oculii Corp,"Beavercreek, OH",1,91250,541512,Machine Learning Engineer,22.8
OddsJam Inc.,"Great Falls, VA",1,143811,54151,Vice President Of Product - Sports Betting Data Company,34.7
Oden Technologies Inc.,"New York, NY",1,152000,513210,Senior Machine Learning Engineer,36.6
"ODH, Inc.","Princeton, NJ",1,148013,32541,Senior Data Engineer,35.7
"Odin Pharmaceuticals, LLC","Somerset, NJ",1,90000,424210,Business Analyst,22.5
"Odity New York, Inc.","New York, NY",1,60174,561422,Market Research Analyst,22.5
ODU Research Foundation,"Norfolk, VA",1,80000,5417,Research Scientist,22.5
ODW Express Inc.,"Itasca, IL",1,42182,484121,Supply Chain Analyst,22.5
"OFG Telecom USA, LLC","Dallas, TX",1,62608,541990,Logistics Management Analyst,22.5
"OFS Brands Holdings, Inc.","Huntingburg, IN",1,110000,33721,Crm Business Analyst,27.0
OGI Shared Service Center - Advertising LLC,"Jersey City, NJ",1,100000,541810,"Manager, Business Analytics",24.8
"Ognomy, Inc.","Buffalo, NY",1,42000,541511,Digital Marketing Analyst,22.5
Ohio Heat Holdings LLC,"Fairfield, OH",1,67000,332410,Database Administrator,22.5
"OHLA USA, Inc.","East Elmhurst, NY",1,80000,237990,Erp Analyst,22.5
OHO Corporation,"Boston, MA",1,90300,541613,Digital Marketing Sr. Analyst,22.6
"Oil Technologies Services, Inc.","West Deptford, NJ",1,66000,541990,Management Analyst,22.5
Oklahoma Baptist University,"Shawnee, OK",1,,541690,Energy Data Scientist,22.5
Oklahoma State University Alumni Association,"Stillwater, OK",1,,813410,Market Research Analyst,22.5
OL Studio Inc,"Philadelphia, PA",1,,812112,Business Intelligence Analyst,22.5
OL WAREHOUSE LLC,"Keasbey, NJ",1,,48412,Logistics Analyst,22.5
Ola MD LLC,"New Port Richey, FL",1,60528,561110,Data Analyst Coordinator,22.5
Old Dominion University Research Foundation,"Norfolk, VA",1,80000,54171,Senior Project Scientist,22.5
"Ole Mexican Foods, Inc.","Norcross, GA",1,69992,311830,Computer Systems Analyst,22.5
OLIGHTSTORE USA INC,"Lorton, VA",1,90000,423610,Business Analyst,22.5
"Olo, Inc.","New York, NY",1,128544,541511,Business Intelligence Lead,31.3
Olympic Public Affairs LLC,"Long Island City, NY",1,,518210,Operations Research Analyst (Growth & Finance Strategy),22.5
"OM Group, Inc.","Piscataway, NJ",1,82680,541519,Data Scientist,22.5
Om Narayan LLC,"Hereford, TX",1,76000,721110,Hospitality Management Analyst,22.5
"Omega Benefit Strategies, Inc.","Leominster, MA",1,75000,524292,Marketing And Data Analyst,22.5
Omegasoft International Inc,"Tampa, FL",1,85238,541511,Data Scientist,22.5
Omen Analytics Inc,"Dover, DE",1,160000,513210,Sensing Ml Engineer,38.4
"OMH-HealthEdge Holding, Inc.","Boca Raton, FL",1,110000,541611,Senior Business Analyst,27.0
OmicsCraft LLC,"Washington, DC",1,78603,5419,Data Scientist,22.5
"Omni Junction, Inc.","Dripping Springs, TX",1,120000,541511,Digital Transformation Systems Analyst,29.3
OMNI STRATEGY LLC,"Baltimore, MD",1,,541519,Data Analyst,22.5
Omnia Nail Spa Granite Run Corporation,"Media, PA",1,,812112,Business Operations Analyst,22.5
"OmniCable, LLC","West Chester, PA",1,125000,423610,It Business Analyst,30.5
OMNICOM PRECISION MARKETING GROUP LLC,"New York, NY",1,75000,54181,People Operations Analyst,22.5
OMNILATTICE LLC,"Tampa, FL",1,68890,541511,Business Analyst,22.5
"Omniscience, Inc.","Houston, TX",1,150000,541715,Principal Data Scientist,36.1
"OmniSpeech, LLC","College Park, MD",1,132500,513210,Senior Research Engineer,32.2
OMS National Insurance Company,"Schaumburg, IL",1,110000,524210,Senior Business Intelligence Developer,27.0
Omtech LLC,"Bloomington, MN",1,110000,541511,Data Architect,27.0
"Onbe, Inc.","Conshohocken, PA",1,103000,522320,Data Senior Analyst,25.5
Oncology Analytics Inc. d/b/a OncoHealth,"Atlanta, GA",1,94935,541990,Data Quality Engineer,23.6
ONCOR ELECTRIC DELIVERY COMPANY LLC,"Dallas, TX",1,145000,221122,Corporate Strategy Analyst Iii,35.0
One Door,"Boston, MA",1,83450,541511,Technical Support Analyst,22.5
"One GI, LLC","Brentwood, TN",1,76981,621399,Business Analyst,22.5
One Green Filter LLC,"Clearwater, FL",1,71000,238220,Software/Data Support Engineer,22.5
"ONE NETWORK ENTERPRISES, INC.","Dallas, TX",1,74576,541511,Data Engineer,22.5
One Power Company,"Findlay, OH",1,76138,221115,Field Engineer “ Industrial Data,22.5
"One Sky Flight, LLC","Richmond Heights, OH",1,90000,481211,Operations Analyst,22.5
"One Vector Technologies, LLC","Cambridge, MA",1,135000,541690,Sr. Quality Validation Analyst & Delivery Manager,32.7
"ONE WILLIAM STREET CAPITAL MANAGEMENT, L.P.","New York, NY",1,200000,523210,"Associate, Risk/Analytics",47.5
ONEASYBUY LLC,"Jericho, NY",1,,455219,Data Analyst,22.5
ONEDATA SOFTWARE SOLUTIONS LLC,"Fort Mill, SC",1,84032,541511,Data Analyst,22.5
Onedor Inc.,"Franklin Square, NY",1,,456110,E-Commerce Marketing Analyst,22.5
"OneGoat, Inc.","New York, NY",1,114670,541511,Product Analyst,28.1
"OneOncology, LLC","Nashville, TN",1,71000,622310,"Analyst, Analytics & Data Products",22.5
"OnGuard Fence Systems, Ltd.","Moorestown, NJ",1,61000,332323,Inventory Control Analyst,22.5
"Online Marketing Group, Inc.","New York, NY",1,62000,541613,Digital Communications Analyst (Marketing),22.5
"OnPoint Digital Solutions, LLC","Wichita, KS",1,130000,541511,Senior Data Scientist- Kbgfjg134022-1,31.6
"OnPoint Surgical, Inc.","Concord, MA",1,175000,3391,R&D Engineer “ Machine Learning,41.8
"Ontario Systems, LLC","Muncie, IN",1,78750,541511,Sales Operations Analyst,22.5
"Onur Ulgen, Inc.","Dearborn, MI",1,,541330,Senior Data Engineer And Scientist,22.5
"Onward Robotics (f/k/a IAM ROBOTICS, INC.)","Pittsburgh, PA",1,100000,54171,Senior Solutions Analyst,24.8
Onyx Medical LLC,"Memphis, TN",1,62733,423450,Business Analyst Project Manager,22.5
OnyxMP GrowthCo Inc.,"Austin, TX",1,125000,455219,Lead Data Analyst,30.5
OP CONSULTING GROUP LLC,"Okemos, MI",1,63190,54151,Business Systems Analyst,22.5
Opal Financial Group,"New York, NY",1,79789,541611,Market Research Analyst,22.5
"OPAL STONES INDUSTRIES, INC.","Houston, TX",1,82056,423320,Business Analyst,22.5
"Open Box, LLC","New York, NY",1,126840,541511,Technical Analyst,30.9
"OPEN DEALER EXCHANGE, LLC","Farmington Hills, MI",1,128219,54151,Sql Database Administrator,31.2
Open IT Labs LLC,"Parlin, NJ",1,108000,541511,Business Systems Analyst,26.6
OpenCloud IT Solutions Inc,"Frisco, TX",1,110531,541511,Sr. Database Administrator,27.2
Opensoft System Inc,"Alpharetta, GA",1,89877,541511,Business Intelligent Analyst,22.5
"OPENWAVE COMPUTING, LLC.","New York, NY",1,89898,541511,Database Administrator,22.5
Opera Invest LLC,"Miami, FL",1,67000,53131,Real Estate Marketing Data Analyst,22.5
Opes Solutions LLC,"Jacksonville, FL",1,,541511,Senior Data Engineer,22.5
OPEXR INC,"Lewis Center, OH",1,92040,541511,Sr. Business Analyst,23.0
Opinion Dynamics Corporation,"Waltham, MA",1,110000,541990,Sr. Data Analyst,27.0
Optamo LLC,"Bethlehem, PA",1,72000,541519,Business Analyst,22.5
"OpTech, LLC","Troy, MI",1,,541512,Business Analyst 1,22.5
"Optilogic, Inc.","Ann Arbor, MI",1,175000,541614,Principal Data Scientist,41.8
Optim IT Solutions,"Charlotte, NC",1,110000,541512,Level 2 Ai/Ml Software Developer,27.0
"Optimal Blue, LLC","Plano, TX",1,136500,541511,Software Test Analyst Iv,33.1
"OPTIMINE SOFTWARE, INC.","Minneapolis, MN",1,111000,423430,Etl Engineer,27.3
Optiv Security Inc.,"Leawood, KS",1,132912,54151,Senior Data Engineer,32.3
"OptML, Inc.","Atlanta, GA",1,175000,541512,Data Engineer,41.8
"Optomi, LLC","Atlanta, GA",1,,5415,Machine Learning Operations (Mlops) Engineer,22.5
"Optonomy, Inc.","Ann Arbor, MI",1,115000,541614,Data Scientist,28.2
OPULENT DENTAL PLLC,"Christiansburg, VA",1,76003,621210,Health Informatics Specialist,22.5
Opus Plastics LLC,"Branchburg, NJ",1,75733,326160,Business Analyst,22.5
"Ora, Inc.","Andover, MA",1,85218,813920,Associate Biostatistician,22.5
Oraanj Inc,"Mckinney, TX",1,82056,541512,Data Engineer,22.5
Oral Roberts University,"Tulsa, OK",1,55000,611310,Geovision Artificial Intelligence (Ai) Analyst,22.5
"Oran, Inc.","Herndon, VA",1,80900,541512,Business Analyst,22.5
ORANGE COUNTY PUBLIC SCHOOLS,"Orlando, FL",1,77627,611110,Senior Administrator - Research,22.5
Orangepath Financial Inc.,"Duluth, GA",1,50232,522310,Operations Research Analyst,22.5
"Orayaah Consulting, LLC","Houston, TX",1,117000,541990,Data Conversion Analyst Sr.,28.6
"Orbbec 3D Technology International, Inc.","Troy, MI",1,80000,54171,Senior Marketing Analyst,22.5
ORBIT FINANCING INC,"Stafford, TX",1,66000,522291,Business Analyst,22.5
"Orbitpeople, LLC","Austin, TX",1,105000,541511,Gcp Data Engineer,25.9
"Orca DB, Inc.","Arlington, MA",1,150000,541715,Machine Learning Engineer,36.1
Orchid Exchange Inc.,"Wilmington, DE",1,61838,518210,Spatial Data Analyst,22.5
Orchid Gene LLC,"Morrisville, NC",1,,1114,Business Analyst,22.5
"Orchid Orthopedic Solutions, LLC","Holt, MI",1,180000,33911,Data Architect,43.0
Organic Robotics Corporation,"Charlestown, MA",1,150000,541715,"Senior Research Scientist, Wearable Systems",36.1
ORGANIMED LLC,"Miramar, FL",1,,3259,Business Analyst,22.5
Organon LLC,"Jersey City, NJ",1,140795,325412,"Associate Director, Statistical Programming",34.0
Oriental Hotel Inc.,"East Point, GA",1,46000,721110,Market Research Analyst,22.5
"ORIGIN BRANDS, INC.","New York, NY",1,,424490,Market Research Analyst,22.5
Origin Digital LLC,"Northbrook, IL",1,145000,541511,Principal Data Scientist,35.0
OriginLab Corporation,"Northampton, MA",1,74880,541511,Statistician,22.5
"ORIX USA, LP","Dallas, TX",1,92000,5239,Business Data Analyst,23.0
ORIZON IT SOLUTIONS LLC,"Fortworth, TX",1,82056,541511,Data Engineer,22.5
"ORLANDO ADVANCED AESTHETIC DENTISTRY, PLLC","Lake Mary, FL",1,,621210,Management Analyst,22.5
Orlando Health Inc.,"Orlando, FL",1,135200,622110,Data/Bi Architect,32.8
Orlando Magic,"Orlando, FL",1,85000,711211,Player Development Analyst,22.5
Orlando Utilities Commission,"Orlando, FL",1,157163,541310,Database Architect,37.8
Orly Shoe Corporation,"New York, NY",1,115000,424340,"Management Analyst, Merchandising",28.2
"Oscar Gruss & Son, Incorporated","New York, NY",1,,5231,Project Manager / Corporate Development Analyst,22.5
"Oseberg, Inc.","Oklahoma City, OK",1,115000,541511,Data Systems Architect,28.2
"Oshi Health, Inc.","New York, NY",1,140000,621999,Senior Manager Growth & Analytics,33.9
Osiris Ratings Inc.,"Brooklyn, NY",1,200000,541511,Senior Data Engineer,47.5
"Osmose Utilities Services, Inc.","Atlanta, GA",1,61800,237130,Data Analyst,22.5
OSS Global Inc.,"Austin, TX",1,100000,541990,Quantitative Researcher,24.8
Ostium Labs Co.,"Brooklyn, NY",1,112000,523999,Lead Data Scientist,27.5
"OTC Direct, Inc.","Omaha, NE",1,91800,459420,Advanced Analytics Analyst,22.9
OTC Enterprises DBA Absolute Electric Supply,"Houston, TX",1,58677,423690,Otc Enterprises Business Analyst,22.5
OTG NEW YORK INC,"Northvale, NJ",1,,4244,Business Analyst,22.5
Ottawa Area Intermediate School District,"Holland, MI",1,73500,611710,Quality Assurance Analyst,22.5
Otter Tail Power Company,"Fergus Falls, MN",1,84036,2211,Senior Gis Analyst,22.5
OtterMon AI Inc.,"Raynham, MA",1,,518210,Founding Data Scientist,22.5
Oudi Wellness International Inc,"Frisco, TX",1,58386,812199,Market Research Analyst,22.5
"Outcome Referrals, Inc.","Framingham, MA",1,90000,5419,Statistician,22.5
"Outcomes Operating, Inc.","Orlando, FL",1,140000,541512,Sr. Data Engineer,33.9
OUTLAY GLOBAL LLC,"Irving, TX",1,105997,541511,Business Analyst / Information Technology Specialist,26.1
Outpace LLC,"Irving, TX",1,70000,541511,Data Scientist,22.5
Outrigger Group LLC,"St. Louis, MO",1,,5419,Senior Ai Software Engineer,22.5
"OutSystems, Inc.","Boston, MA",1,400000,513210,Consultant Ai Engineer,47.5
OVEARSEAS FOOD TRADING LTD,"Fort Lee, NJ",1,83000,4244,Data Analyst,22.5
Overdrive Marketing Communications LLC,"Allston, MA",1,77910,541810,Seo Analyst,22.5
"OVERHAUL GROUP, INC.","Austin, TX",1,83720,423860,Data Analyst,22.5
OverIT International Inc.,"Miami, FL",1,100000,541511,Sr Business Analyst,24.8
Overseas Students Services Corp.,"East Boston, MA",1,79789,611710,Market Research Analyst,22.5
Overture LLC,"Fairfax, VA",1,,517122,Operations Research Analyst,22.5
OVME MSO LLC,"Atlanta, GA",1,155000,62139,Business Intelligence Development Manager,37.3
Ovogene Inc.,"Long Grove, IL",1,95306,621991,Management Analyst,23.7
"Owl Autonomous Imaging, Inc.","Fairport, NY",1,103210,334513,Senior Machine Learning Engineer,25.5
"Ownwell, Inc.","Austin, TX",1,180000,522320,"Applied Scientist, Machine Learning",43.0
"Oxbridge Health, Inc.","Norwalk, CT",1,120000,524114,Business Intelligence & Data Engineer,29.3
"Oxford Communications, Inc.","Lambertville, NJ",1,85000,517810,Media And Information Systems Analyst,22.5
Oxford Strategic Legal Advisors,"Leesburg, VA",1,,541720,Senior Data Scientist,22.5
"Oxipital AI, Inc.","Bedford, MA",1,110000,541715,Senior Marketing Analyst,27.0
Oxygy Consulting Inc.,"Mattituck, NY",1,80000,541611,Digital Transformation Management Analyst,22.5
OZ Digital LLC,"Ft. Lauderdale, FL",1,108306,541511,Data Scientist,26.7
"Ozaki Marketing Consulting Co., Ltd.","New York, NY",1,60174,541613,Market Research Analyst,22.5
P C Insurance Agency LLC,"New York, NY",1,91270,524210,Operations Research Analyst,22.8
P STABLES LLC,"Loxahatchee, FL",1,88000,115210,Product Technology Analyst,22.5
"P&R Dental Strategies, LLC","Nashua, NH",1,,541511,Data Engineer,22.5
"P9 Cloud Solutions, Inc.","Herndon, VA",1,114026,54151,Azure Data Architect,28.0
"Pace, the Suburban Bus Division of the Regional Transportation Authority","Arlington Heights, IL",1,134268,485113,Senior Business Systems Analyst,32.6
Pacific Asiana LLC,"Chicago, IL",1,68848,493110,Management Analyst,22.5
"Pacific Century Securities, LLC","Woodside, NY",1,82763,523150,Investment Banking Analyst,22.5
"Pacific Plus International, Inc.","Farmers Branch, TX",1,85000,42441,Pricing And Operations Data Analyst,22.5
"Package Solutions, Inc.","Peachtree Corners, GA",1,131000,518210,Autonomy Machine Learning Engineer,31.8
Packaging Corporation of America,"Lake Forest, IL",1,93974,32221,Analyst - Data Scientist,23.4
PADDLE.COM INCORPORATED,"Astoria, NY",1,100000,541512,Senior Pricing Analyst,24.8
PAH Management,"Dallas, TX",1,65000,721110,Compliance Analyst & Hotel Administrator,22.5
"Paiseh, Inc.","New York, NY",1,120000,54151,Director Of Accounts – Analytics,29.3
Palisade Research Inc.,"Dover, DE",1,200000,541715,Research Engineer,47.5
"Palmco Administration, LLC","Brooklyn, NY",1,90000,22111,Database Administrator - Pricing (Director),22.5
Palmyra Pharmacy LLC,"Palmyra, NJ",1,66500,446110,Market Research Analyst,22.5
"Pan Asia Enterprise, LLC","Manchester, MO",1,65000,445110,Database Administrator,22.5
Pan86 LLC,"Parsippany, NJ",1,,541519,Data Analyst,22.5
Panasonic Corporation of North America,"Newark, NJ",1,,423690,Software Engineer -- Data Science,22.5
"Pandata Group, LLC","Madison, WI",1,80000,541511,Data Analyst,22.5
PangTong Wellhead USA Inc.,"Houston, TX",1,70000,423840,Global Supply Chain Analyst,22.5
"Panoplia Laboratories, Inc.","Cambridge, MA",1,,541714,Data Scientist,22.5
Panyu Corp,"Miami, FL",1,52500,337121,Business Analyst,22.5
Papa Inc.,"Miami, FL",1,155000,624120,Analytics Lead,37.3
"PAPE-DAWSON CONSULTING ENGINEERS, LLC.","San Antonio, TX",1,70699,541330,Gis Analyst Ii,22.5
Paper Cut Clothing LLC,"New York, NY",1,,424330,Jr. Production Management Analyst,22.5
Paper Street Media,"Miami, FL",1,70000,541613,Operations Research Analyst,22.5
PAR EXCELLENCE LLC,"New York, NY",1,93000,5414,Business Growth Strategy Analyst,23.2
Para Group LLC,"Somerset, NJ",1,111970,541511,Data Scientist,27.5
Parabole Inc.,"Monmouth Junction, NJ",1,108306,541511,Data Scientist,26.7
Parade Enterprises LLC,"Old Bridge, NJ",1,100000,722513,Management Analyst,24.8
Paragon Global Markets LLC,"New York, NY",1,73590,523160,Commodities Sales And Business Analyst,22.5
"Paramount Business Solutions, Inc","Chicago, IL",1,88000,541511,Database Engineer,22.5
PARAMOUNT JEWELERS LLC,"Mckinney, TX",1,67500,458310,Business Analyst,22.5
Paramount Technologies LLC,"Irving, TX",1,80122,541519,Senior Quality Analyst/Sme - Payments Testing,22.5
Paraxel International LLC,"Newton, MA",1,125000,541714,Data Management Lead Ii,30.5
"Parcel Perform Americas, LLC","Wilmington, DE",1,70000,54151,Data Consultant,22.5
"Paris Baguette Bon Doux, Inc.","Moonachie, NJ",1,65000,722515,Analyst,22.5
"Paris Presents, Inc.","Libertyville, IL",1,81200,8121,Supply Chain Analyst,22.5
Parkland Health,"Dallas, TX",1,,622110,Bi Developer Iii,22.5
Parkmobile LLC,"Atlanta, GA",1,129688,488999,Data Engineer Iii,31.5
"Parkview Hospital, Inc.","Fort Wayne, IN",1,80252,622110,User Experience Research Specialist I,22.5
PARKWAY PHARMACY LLC,"Lubbock, TX",1,61672,456110,Database Administrator,22.5
"Parliament Data Solutions, Inc.","Chicago, IL",1,98880,541512,Analyst,24.5
Parsec Institute,"Austin, TX",1,108618,9271,President Of Technical Research And Programs,26.7
Parsoft LLC,"Louisville, KY",1,69077,541511,Quality Assurance Analyst,22.5
PartnerLinQ,"Cranbury, NJ",1,81099,541511,Business Analyst,22.5
"PARTNERS SOFT, INC.","Middletown, CT",1,95000,541511,Database Administrator/Developer,23.6
Parts Authority LLC,"New Hyde Park, NY",1,144199,423120,It Etl Developer,34.8
"Passport Labs, Inc.","Charlotte, NC",1,139050,541511,Senior Data Engineer,33.6
Pathfinder Software LLC,"Chicago, IL",1,100800,541511,Software Quality Analyst Lead,25.0
"Pathlock, Inc.","Dallas, TX",1,148000,541511,Computer Systems Analyst,35.7
"Pathos AI, Inc.","Chicago, IL",1,400000,54171,Staff Research Engineer,47.5
Pathway Vet Alliance LLC,"Austin, TX",1,129000,541940,Analytics Engineer,31.4
PathwaysGI Inc,"Ann Arbor, MI",1,115000,541714,Software & Data Engineer,28.2
PATIENT ACCESS NETWORK FOUNDATION,"Washington, DC",1,92205,813212,Senior Data Analyst & Reporting Specialist,23.0
"Patient Discovery Solutions, Inc.","Newton, MA",1,112000,511210,Business Analyst,27.5
"PatientPay, Inc.","Durham, NC",1,150000,541511,Senior Data Architect,36.1
"Patterson-UTI Drilling Company, LLC","Houston, TX",1,110400,213111,Scientist Technology Pdc,27.1
"Pattonair USA, Inc.","Fort Worth, TX",1,325000,423860,Executive Vice President Global Warehouse Operations,47.5
Paul Anthony,"South Bend, IN",1,54000,541219,Sales And Client Service Analyst,22.5
Pawsome World LLC,"Austin, TX",1,,455110,Data Scientist,22.5
PayLow Pro LLC,"Naperville, IL",1,128398,541511,Data Analyst,31.2
"Payroc WorldAccess, LLC","Tinley Park, IL",1,58000,522320,"Senior Analyst, Merchant Market Research",22.5
"Paytronix Systems, Inc.","Newton, MA",1,96743,511210,Operations Data Analyst,24.0
PB on Junction LLC,"Corona, NY",1,,722513,Computer Systems Analyst,22.5
"PBACO Holding, LLC","Palm Springs, FL",1,63000,561110,It Data Analyst I,22.5
"PBITS, INC.","Oak Park, IL",1,88000,541511,Business Analyst,22.5
"PCE Paragon Solutions USA, Inc.","Houston, TX",1,70000,334111,Data Scientist,22.5
PCI Energy Solutions a.k.a. Power Costs Inc.,"Norman, OK",1,170000,513210,Operations Research Analyst,40.7
PCI Energy Solutions f.k.a. Power Costs Inc.,"Norman, OK",1,103800,511210,Operations Research Analyst,25.6
PCI Gaming Authority d/b/a Windcreek Hospitality,"Atmore, AL",1,82930,721120,Hris Analyst I,22.5
PCS Wireless LLC,"Florham Park, NJ",1,,517121,Business Analyst,22.5
Peabody Office Furniture Corporation,"Boston, MA",1,120000,442110,Market Research Analyst,29.3
Pearlsoft Solutions Inc,"Little Rock, AR",1,115000,541512,Data Engineer,28.2
"Pebblebrook, Inc.","Naples, FL",1,,456110,Pharmaceutical Operations Analyst,22.5
"Peckham Industries, Inc","Brewster, NY",1,119579,32412,Data Engineer,29.2
"Peerless Network, Inc.","Chicago, IL",1,118446,517810,Senior Software Applications Engineer (Bi),29.0
"Peninsula Pacific Entertainment Development, LLC","Northfield, NJ",1,67995,713210,Business Intelligence Analyst,22.5
Penn State Health Corporation,"Hershey, PA",1,,622110,Programmer Analyst,22.5
Penrose Family Dentistry PC,"Elkins Park, PA",1,65000,621210,Healthcare Analyst,22.5
"Penske Automotive Group, Inc.","Bloomfield Hills, MI",1,155000,4411,Senior Data Architect,37.3
Penske Vehicle Services,"Troy, MI",1,105000,48849,Senior It Business Analyst,25.9
"Pentax of America, Inc.","Montvale, NJ",1,108306,33331,Business Analyst,26.7
People Integra LLC,"Bethesda, MD",1,97850,541512,Team Lead/Quality Assurance Analyst,24.3
People Look Inc,"Carlstadt, NJ",1,,4243,Business Analyst,22.5
"People Media, Inc.","Dallas, TX",1,140109,541613,Senior Data Analyst (Analytics),33.9
"PeopleFun, Inc.","Richardson, TX",1,86000,334614,Data Engineer I,22.5
"PeopleNTech Institute of Information Technology, Inc.","Alexandria, VA",1,,61142,Data Scientist,22.5
Peoples Natural Gas Company LLC,"Pittsburgh, PA",1,118000,221210,Systems Analyst Ii,28.9
"PeopleSERVE, Inc.","Boston, MA",1,,541511,Business Analyst,22.5
"PEPSI-COLA SALES & DISTRIBUTION, INC.","Purchase, NY",1,83782,312111,Sc Sr Analyst,22.5
"PEPSICO SALES, INC.","Purchase, NY",1,113000,312111,Data And Decision Sr. Analyst,27.7
PERDIS AI LLC,"Charlotte, NC",1,,541511,Data Engineer,22.5
Perdue Foods LLC,"Salisbury, MD",1,100000,11299,Supply Chain Analyst,24.8
"Peregrine Software Solutions, Inc.","Frisco, TX",1,67309,541519,Quality Assurance Analyst,22.5
PERFECT AIRE LLC,"Countryside, IL",1,93974,221330,Senior Business Analyst,23.4
Perfect Bound Technologies Corp.,"New York, NY",1,80000,513210,Marketing/Global Rights Specialist (Market Analyst),22.5
Perfect V Waist Trimmer,"Birmingham, AL",1,,455219,Business Analyst,22.5
Perfection Hy-Test Company,"Charleston, SC",1,76586,336390,It Systems Analyst,22.5
Perficientcorp Inc,"Charlotte, NC",1,65000,541511,Data Engineer,22.5
PERFORMANCE SOFTTECH SOLUTIONS INC.,"Topeka, KS",1,100000,541512,Business Analyst,24.8
"PERFUME WORLDWIDE, INC","Ronkonkoma, NY",1,85000,424210,Business Analyst,22.5
"Perkins & Will, Inc.","Chicago, IL",1,51709,541310,Technical Support Analyst,22.5
"Permian Labs, Inc.","New York, NY",1,104000,541511,Market Research Analyst,25.7
"Permiso Security, Inc.","Mclean, VA",1,100000,541519,Associate Data Scientist,24.8
"Permobil, Inc","Lebanon, TN",1,75000,339113,Inventory Analyst,22.5
Persado Inc.,"New York, NY",1,118500,541511,"Senior Data Scientist, Analytics",29.0
Persian Area Rugs LLC,"Westampton, NJ",1,85000,454110,"Manager, Data Analytics",22.5
PERSIS CONSULTING CO,"Bloomfield Hills, MI",1,101920,541512,After Sales Bi Analyst,25.2
Personio Corp.,"New York, NY",1,148000,513210,Senior Machine Learning Engineer,35.7
Perspecta LLC,"Langhorne, PA",1,130000,51821,Data Engineer,31.6
Perspective Manufacturing Inc.,"Peachtree Corners, GA",1,61710,32619,Marketing Analyst,22.5
Perspectum Inc,"Cambridge, MA",1,60000,621511,Clinical Image Analyst Ii,22.5
"Persuit, Inc.","New York, NY",1,100000,5415,Data Analyst,24.8
"Petram Analytics, LLC","Detroit, MI",1,80000,541613,Data Engineer,22.5
PETROLEUM DISTRIBUTION LLC,"San Antonio, TX",1,,4247,Senior Business Analyst,22.5
"PETROZONE, LLC","Atlanta, GA",1,98100,457110,Business Intelligence Analyst,24.3
PGH Group LLC,"Irving, TX",1,101192,541511,Senior Data Analyst,25.0
"PGIM Investments, LLC","Newark, NJ",1,150000,524210,Data Engineer - Kbgfjg333381-1,36.1
PHA4 LLC,"Jersey City, NJ",1,100000,456110,Database Administrator,24.8
Pharma Buddies Corp.,"Orlando, FL",1,60000,456110,Pharmaceutical Business Analyst,22.5
"Pharma Data Associates, LLC (PDA)","Psicataway, NJ",1,80000,3254,Biostatistician,22.5
Pharmacy Corporation of America,"Louisville, KY",1,93465,446110,Database Administrator,23.3
"Pharmacy Data Management, Inc.","Poland, OH",1,130000,518210,Senior Business Analyst,31.6
"Pharmacy Software Solutions, LLC","Westport, CT",1,116500,518210,Senior Director – Business Intelligence,28.5
PharmaLex US Corporation,"Frederick, MD",1,102419,33911,"Manager, Statistics And Data Science",25.3
"Pharmfood Group of Companies, Inc.","Tampa, FL",1,75000,561110,Pharmaceutical Operations  Analyst,22.5
"PHASOR HEALTH, LLC","Houston, TX",1,60000,33911,Business Intelligence Analyst,22.5
"Phastar, Inc","Boston, MA",1,145000,54199,Senior Statistician Ii,35.0
PHH Mortgage Corporation,"Mount Laurel, NJ",1,206000,522292,"Director, Data Architecture, Data Management",47.5
Phibro Americas LLC,"Stamford, CT",1,74402,523160,Business Analyst,22.5
Philebus Arts Inc.,"Albany, NY",1,,611710,It Systems Analyst,22.5
"Phillip Townsend Associates, Inc.","Houston, TX",1,68256,541611,Program Analyst,22.5
PHL Shanti LLC,"Essington, PA",1,83660,72111,Business Operations Analyst,22.5
"Phoebe Putney Memorial Hospital, Inc.","Albany, GA",1,,622110,Programmer/Analyst Ii,22.5
"Phoenix Infrastructure, LLC","Fort Worth, TX",1,86010,518210,Data Integrity Lead,22.5
Phoenix Jiu Bond USA LLC,"Winter Park, FL",1,,541910,Business Statistician/Advisor,22.5
"Phoenix Oversight Group, LLC","Arlington, VA",1,106912,541511,Business Analyst,26.3
Phoenix Technical Solutions Inc.,"Meadville, PA",1,64000,541330,Lead Project Data Analyst,22.5
PHONETIC CONSULTING SERVICES INC.,"Austin, TX",1,108826,541511,Data Engineer,26.8
Photonwares Incorporated,"Woburn, MA",1,64126,333310,Operations Research Analyst,22.5
"Physical Therapy of the City, PC","Brooklyn, NY",1,67850,621340,Operations Research Analyst,22.5
"Physicians Health Plan of Northern Indiana, Inc.","Fort Wayne, IN",1,65000,524114,Database Administrator,22.5
"PhysicsX, Inc.","New York, NY",1,200000,541511,Data Scientist,47.5
Pi Cloud Consulting LLC,"Tomball, TX",1,67995,541511,Data Scientist,22.5
"Piano Software, Inc.","Philadelphia, PA",1,80000,54151,Senior Analyst,22.5
"Picsart, Inc","Hallandale Beach, FL",1,220000,513210,Senior Research Scientist,47.5
"PII, Inc.","St. Charles, MO",1,85000,3152,Power Business Intelligence Data Analyst,22.5
Pilot Air Freight LLC,"Glen Mills, PA",1,150000,4885,Senior Data Engineer,36.1
"Pilot Catastrophe Services, Inc.","Mobile, AL",1,103000,54199,Senior Platform Analyst,25.5
"Pine Gate Renewables, LLC","Asheville, NC",1,95517,221114,Capital Markets Analyst,23.8
Pinellas Pharmacy LLC,"Pinellas Park, FL",1,,45611,Pharmaceutical Operations Analyst,22.5
Pinetail Capital LLC,"Scarsdale, NY",1,83000,541611,Analytics Engineer,22.5
"PingWind, Inc.","Annandale, VA",1,108826,541512,Electronic Data Interchange (Edi) Business Analyst,26.8
PINNACLE HEALTH AND ALLIED SERVICES,"Landover, MD",1,,623110,Statistics  Data Analyst,22.5
PINNACLE STRATEGY INC.,"New York, NY",1,,611710,Business Intelligence Analyst,22.5
Pinnacle Treatment Centers Inc.,"Mount Laurel, NJ",1,100000,621420,Business Intelligence Analyst,24.8
PinnacleAIS Engineering LLC,"Pasadena, TX",1,68786,541330,Reliability Data Analyst,22.5
Pioneer Software solutions LLC,"Edison, NJ",1,90000,541511,Business Intelligence Analysts,22.5
Pipes & Shaw LLC,"New York, NY",1,79800,458110,Digital Marketing Analyst,22.5
"PipeSense, LLC","Houston, TX",1,155000,213112,Data Scientist,37.3
"PIPING TECHNOLOGY & PRODUCTS, INC","Houston, TX",1,,326122,Data Analyst,22.5
Pirelli Tire LLC,"Rome, GA",1,115000,423130,Sustainability Data Analyst,28.2
"PISC (Procurement & Integrated Services Company) International, Inc","Houston, TX",1,65000,423830,Business Analytics And International Relations,22.5
Piston Technologies Inc,"Fulshear, TX",1,70000,522320,Business Operations Analyst (Fintech),22.5
PISTOS IT SERVICES LLC,"Cumming, GA",1,89877,541511,Data Scientist,22.5
Pitney Bowes Global Financial  Services LLC,"Shelton, CT",1,149230,541611,Senior Analyst,36.0
Pittsburgh Community Reinvestment Group,"Pittsburgh, PA",1,55000,541720,Research Analyst,22.5
Pittsburgh Public Schools,"Pittsburgh, PA",1,81000,611110,"Database Administrator, Technical Support Team Lead",22.5
Pivot Apparel LLC,"New York, NY",1,62500,424310,Market Research Analyst I,22.5
"Pivotal Finance, LLC","Auburn, AL",1,61776,541211,Systems Analyst,22.5
"Pivotal Solutions, Inc.","Great Neck, NY",1,,541511,Sr. Sap Bw Analyst/Consultant,22.5
"Pixability, Inc.","Boston, MA",1,88275,541618,Sales Operations Analyst,22.5
PIXELITCENTER CORPORATION,"Fuquay-Varina, NC",1,,541511,Software Quality Analyst.,22.5
PK IMPEX USA INC.,"New York, NY",1,,423940,Data Analyst,22.5
"Placements, Inc.","New York, NY",1,,541511,Machine Learning Consultant,22.5
"Plain Sight Properties Capital Management, LLC.","Miami, FL",1,70000,53131,Client Support Analyst,22.5
Planet Partnerships LLC,"Washington, DC",1,69000,541611,Research Associate,22.5
"Planet Pharma Group, LLC","Raleigh, NC",1,,541690,Clinical Data Analyst,22.5
Plank Road Ventures,"Hoboken, NJ",1,58469,541513,Sales Analyst & Customer Project Manager,22.5
Planogram LLC,"Austin, TX",1,125000,541613,Sr. Data Analyst,30.5
Plaskolite LLC,"Columbus, OH",1,102750,326113,Applications Support Analyst,25.4
"Plasma Computing Group, Inc.","Irving, TX",1,141999,541519,Senior Database Administrator,34.3
Platinum Hospitality LLC,"Oklahoma City, OK",1,,55111,Business Intelligence Analyst,22.5
"Playfly, LLC","Berwyn, PA",1,65000,71141,"Manager, Analytics",22.5
"Playtex Manufacturing, Inc.","Shelton, CT",1,123188,8121,Senior Sap Mii Analyst,30.0
Pleasant Lake Medical Center LLC,"Harwich, MA",1,,621111,Health Informatics Specialist,22.5
PLEASANT LAKE PARTNERS LLC,"Princeton, NJ",1,90000,523940,Data Scientist I,22.5
Plexus Corp.,"Neenah, WI",1,118020,33599,Technical Analyst Senior,28.9
"PLG Operations, LLC","Wilmington, DE",1,220000,51821,Data Governance,47.5
"PLS Financial Services, Inc.","Chicago, IL",1,62000,522390,Information Security Soc Analyst,22.5
Plum Alley Inc.,"New York, NY",1,75733,52399,Business Analyst,22.5
Plum Alley Ventures Company LLC,"New York, NY",1,75733,52399,Business Analyst,22.5
"Plum Tree Group, Inc.","Chicago, IL",1,80000,541810,Machine Learning Associate,22.5
PM Radio LLC,"Mckinney, TX",1,63100,516110,Business Data Analyst,22.5
"PMA Financial Network, LLC","Naperville, IL",1,113623,523991,Database Administrator,27.9
PMG GLOBAL CORPORATION,"Herndon, VA",1,,541511,Data Engineer,22.5
"PMG Services, Inc.","Sunrise, FL",1,120802,621111,Data Warehouse Analyst,29.5
PMI Kyoto Packaging Systems Inc.,"Elk Grove Village, IL",1,63357,333993,Data Management And Project Management Specialist,22.5
PMK Enterprise Inc,"Frankenmuth, MI",1,61256,721110,Computer Systems Analyst,22.5
PNC Inc.,"Nutley, NJ",1,70720,334418,Database Administrator,22.5
PNCOTECH LLC.,"Vienna, VA",1,82098,541511,It Analyst,22.5
"PNG Companies, LLC","Pittsburgh, PA",1,125112,221210,"Systems Analyst, Applications",30.5
PNP Hotels LLC,"Madison, WI",1,61000,721110,Revenue Analyst,22.5
PNSMGN Incorporated,"Bensenville, IL",1,,55111,Management Analyst,22.5
PNV SOLUTIONS INC,"Johns Creek, GA",1,125000,541511,Oracle Database Administrator,30.5
PODVISORY LLC,"Suwanee, GA",1,73299,541519,Data Scientist,22.5
"Pogo Technologies, Inc.","Brooklyn, NY",1,170000,541511,Data Scientist,40.7
"Polar Air Cargo Worldwide, Inc.","White Plains, NY",1,78478,481212,Manager Business Intelligence,22.5
Polaris7 Investments LLC,"Chicago, IL",1,100000,523910,Quantitative Researcher,24.8
Polus Solutions Inc.,"Quincy, MA",1,99100,541519,Systems Analyst,24.6
Poly Trading Group Inc,"Flushing, NY",1,82800,456199,Business Intelligence Analyst,22.5
"Polyglass USA, Inc. a Division of MAPEI Corporation","Deerfield Beach, FL",1,79220,325520,Financial Bi Analyst,22.5
Polygon IT Solutions LLC,"Farmington Hills, MI",1,89190,541511,Business Operations Analyst,22.5
"Pontoon Solutions, Inc.","Auburn Hills, MI",1,128000,541612,Databricks Data Engineer,31.1
Poplar Avenue Clinic PLLC,"Memphis, TN",1,80000,6219,Business Intelligence Analyst,22.5
"Populous Group, LLC","Kansas City, MO",1,58011,541310,Data Analyst,22.5
"Populus Financial Group, Inc. (f/k/a ACE Cash Express, Inc.)","Irving, TX",1,90000,522291,Business Intelligence Analyst,22.5
"Porsche Financial Services, Inc.","Atlanta, GA",1,89877,522220,"Analyst, Data Intelligence And Advanced Analytics",22.5
"Portage Hospital, LLC","Hancock, MI",1,56077,622110,Data And Interface Analyst,22.5
"Portersville PRD, LLC","New Castle, PA",1,70044,811310,Data Analyst,22.5
Porton USA LLC,"Cranbury, NJ",1,73008,325412,Data Analyst,22.5
"POSCO AAPC, LLC","Mccalla, AL",1,52000,3312,Global Market Research Analyst,22.5
POSCO INTERNATIONAL AMERICA CORP.,"Teaneck, NJ",1,50000,42399,Logistics Analyst,22.5
POSITIVE IMPACT HEALTH CENTERS INC.,"Atlanta, GA",1,87382,621498,Health Informatics Manager,22.5
"Positively Partners, LLC","Boston, MA",1,85000,541612,Senior Hr And Compensation Analyst,22.5
POSIX TECHNOLOGIES INC.,"King Of Prussia, PA",1,115000,541511,Systems Analyst Ii,28.2
"Possmei Texas, Inc.","Addison, TX",1,,445298,Operations Research Analyst,22.5
"Post Acute Analytics, Inc.","Irving, TX",1,120000,541511,Data Scientist,29.3
"Potomac Electric Power Company, An Exelon Company","Kennett Square, PA",1,72134,2211,Business Analyst,22.5
"POULOMI TECHNOLOGIES, INC.","East Brunswick, NJ",1,115918,541511,Software Developer (It Risk Analyst),28.4
Power Central LLC,"Richardson, TX",1,75000,541511,Database Administrator,22.5
"PowerBuild Construction, LLC","Dunwoody, GA",1,72000,236116,Market Research Analyst,22.5
POZENT CORPORATION,"Piscataway, NJ",1,130000,541511,Data Architect,31.6
PPF Rochester Inc,"Rochester, NY",1,61277,45821,Management Analyst,22.5
"PPG Architectural Finishes, Inc.","Cranberry Township, PA",1,68013,325510,Channel Analyst,22.5
"PPG Health, P.A.","Fort Worth, TX",1,64896,621111,Database Administrator,22.5
Prache Consulting Inc,"Frisco, TX",1,91000,541511,Database Administrator,22.7
"PRAGMA EDGE, INC.","Jacksonville, FL",1,121275,541511,Technical Data Analyst,29.6
Pragmatrix Technology LLC,"Naperville, IL",1,89690,541512,Technical Business Intelligence Analyst,22.5
Prairie Band Potawatomi Entertainment Corporation,"Mayetta, KS",1,65047,72112,Data Scientist,22.5
Pramukh Rx Inc.,"New York, NY",1,70000,456110,Database Administrator,22.5
Prance IT LLC,"Suwanee, GA",1,,541511,Software Quality Assurance Analyst,22.5
PRAXIS CONSULTANTS INC.,"Iselin, NJ",1,105100,541511,Computer Systems Analyst,25.9
precess medical derivatives,"Short Hills, NJ",1,90000,541519,Software Analyst,22.5
Precious Colors Inc.,"New York, NY",1,79900,423940,Business Development Analyst,22.5
PRECIOUS NATURE CURE LLC,"Newark, DE",1,67500,541511,Marketing Data Analyst,22.5
PRECIOUS REALTY & MORTGAGE,"Houston, TX",1,60000,531210,Real Estate Logistics Analyst,22.5
Precise Direction LLC,"Mclean, VA",1,70000,423210,Marketing And Project Analyst,22.5
"Precise, Inc.","Chantilly, VA",1,103000,54151,Senior Cobol Programmer Analyst,25.5
Precision Customs Service Inc.,"Lynbrook, NY",1,,488510,Supply Chain Analyst,22.5
Precision Neuroscience Corporation,"New York, NY",1,230000,541715,"Staff Software Engineer, Machine Learning Operations",47.5
"PrecisionX Group, LLC","Chicago, IL",1,109272,332119,Qad Business Systems Analyst,26.9
"Predictant, LLC","Raleigh, NC",1,107582,541330,Data Scientist 3,26.5
Prediction Health Inc.,"Nashville, TN",1,117000,513210,Data Scientist,28.6
"PREDICTIVE POP,  INC.","New York, NY",1,82000,541830,Programmatic Analyst,22.5
"Preferred Equine Marketing, Inc","Briarcliff Manor, NY",1,65333,424520,Database/Web Developer And Analyst,22.5
Pregis LLC,"Chicago, IL",1,150000,322219,Lead It Analyst - Operations & Supply Chain,36.1
PREMIER ELDORADO INC,"Frisco, TX",1,75000,722513,Data Engineer,22.5
Premier Engineering Solutions LLC,"Bloomfield Hills, MI",1,,541330,Business Intelligence Analyst,22.5
PREMIER HEALTH PARTNERS,"Dayton, OH",1,85010,622110,Business Analyst (Hr Analytics),22.5
Premier Health Services Inc,"Washington, DC",1,78603,621610,Healthcare Data Analyst,22.5
PREMIER LIFE SCIENCES,"South Plainfield, NJ",1,,541511,Quality Analyst,22.5
Premier Project Management LLC,"Dallas, TX",1,100054,236220,Sr. Business Intelligence Analyst,24.8
Premier Strategy Consulting LLC,"St Louis, MO",1,114130,5419,Data Scientist Manager,28.0
"Premium Consulting, LLC","Springfield, MO",1,85000,541511,Senior Delivery Analyst,22.5
PRESBYTERIAN HOMES AND SERVICES,"Roseville, MN",1,120000,623110,Data Scientist,29.3
Presbyterian Shadyside,"Pittsburgh, PA",1,,622110,Database Manager,22.5
"Prescient Devices, Inc.","Concord, MA",1,156000,511210,Machine Learning Lead,37.5
Prescient Logistics LLC,"Sanford, FL",1,170000,445132,Director Analytics,40.7
Presence Care Transformation Corporation,"Chicago, IL",1,140100,622110,System Manager (Post-Acute And Bh Analytics),33.9
Prestige Home Healthcare LLC,"Brooklyn Center, MN",1,53477,624190,Data Analyst,22.5
"Pretium Advisory Services, LLC","New York, NY",1,117250,525920,Real Estate Quant Strat - Data Analyst,28.7
"Preverity, Inc.","Nashville, TN",1,91666,513210,Data Integration Specialist,22.9
Prezzee Inc.,"New York, NY",1,160000,45942,Machine Learning Engineer,38.4
PRI Global Inc.,"Ellisville, MO",1,68598,561320,Ai Engineer,22.5
PRICE & COMPANY  INC,"Beaumont, TX",1,58261,424410,Business Data Analyst,22.5
PriceLabs Inc.,"Chicago, IL",1,141170,5191,Product Manager - Data Science,34.1
PRICETRACE LLC,"Richardson, TX",1,67500,518210,Business Data Analyst,22.5
Primary Excellence LLC,"Rahway, NJ",1,67018,424490,Logistics Analyst,22.5
"Primary Products Ingredients Americas, LLC","Schaumburg, IL",1,93974,3119,Isit Digital Data & Analytics Developer,23.4
Prime Analytica LLC,"Cambridge, MA",1,141000,541611,Management Analyst,34.1
Prime Placement Inc,"Port Jefferson Station, NY",1,81100,561311,Health Informatics Specialist,22.5
"PRIME SOLUTIONS, INC.","Chantilly, VA",1,79650,541511,Systems Analyst,22.5
"Prime Transport Florida, Inc.","Miami, FL",1,54000,488510,Operations Analyst,22.5
Primerica Life Insurance Company,"Duluth, GA",1,67399,524210,Business Analyst 2,22.5
Primus Software Corporation,"Duluth, GA",1,74000,541511,Data Science Analyst,22.5
Prince Royal Inc,"Farmers Branch, TX",1,84094,541511,Erp Functional Analyst,22.5
Princeton Tech Group (Khurram Riaz),"Lewisburg, PA",1,97000,541512,Data Analyst,24.1
PRINT MANAGEMENT PARTNERS INC.,"Des Plaines, IL",1,106558,54181,Senior Software Analyst,26.3
Priority Exterminating and Odor Control LLC,"Franklin Square, NY",1,82763,561710,Data Analyst,22.5
Priscillia Suntoso,"Forest Hills, NY",1,,541110,Operations Research Analyst,22.5
PRISIO TECHNOLOGIES LLC,"Malvern, PA",1,105997,541511,Business Analyst 3,26.1
"Prism Data Technologies, Inc.","New York, NY",1,130000,518210,Data Scientist,31.6
PRISM USA INC.,"New York, NY",1,,423940,Business Analyst,22.5
Pristine Dental Center PC,"Upper Darby, PA",1,86510,62121,Healthcare Business Analyst,22.5
Pristine Embed Technologies Inc.,"Charlotte, NC",1,84032,541511,Data Engineer,22.5
Pristine Resource LLC,"Rocky Hill, CT",1,68500,541519,Bi Developer,22.5
"Pritchett, LP","Dallas, TX",1,64000,54199,Database Administrator,22.5
PrivCo Media LLC,"New York, NY",1,118400,52399,Data Engineer,29.0
"Privilege IT, LLC","Livonia, MI",1,,541511,Market Research Analyst,22.5
PRN Software LLC,"Boston, MA",1,90000,541511,Quality Assurance Analyst,22.5
Pro Star AP Inc.,"Chicago, IL",1,49000,81149,Market Research Analyst,22.5
Probuildero Corp,"Brooklyn, NY",1,,238910,Business Analytics Associate,22.5
Process Control & Instrumentation LLC,"Detroit, MI",1,75000,334513,Data Analyst,22.5
"ProcessChamp, LLC","Columbus, OH",1,117000,541330,Applications Engineer “ Ai Vision,28.6
"PROCESSMINER, INC","Atlanta, GA",1,110000,541330,Senior Data Scientist,27.0
Prochant LLC,"Charlotte, NC",1,75000,56111,Database Developer,22.5
"Procorp Systems, Inc","Plano, TX",1,120000,541511,Data Engineer Iii,29.3
"ProCure Medical GmbH, Co.","Lexington, MA",1,113000,334510,Senior Procurement Analyst,27.7
Prodirect Dental Lab LLC,"Englewood Cliffs, NJ",1,60000,339116,Market Research Analyst,22.5
"Product Stewardship Institute, Inc.","Boston, MA",1,81224,541611,Business Operations Analyst,22.5
"PROFESSIONAL ALTERNATIVE, INC.","Rockland, MA",1,,541511,Senior Data Analyst,22.5
Professional Consulting Inc,"Edina, MN",1,93101,541511,System Analyst,23.2
"Professional Diversity Network, Inc.","Chicago, IL",1,,541612,Business Analyst,22.5
Professional Group Technologies LLC,"Jacksonville, FL",1,104125,541511,Business Systems Analyst,25.7
Professional Resource Management of Wiregrass LLC,"Dothan, AL",1,89960,62111,Project Management Operations Research Analyst,22.5
Professional Testing Corporation,"New York, NY",1,78894,5419,Psychometric Statistician,22.5
Profitero Inc.,"Boston, MA",1,87550,54151,Data Engineer,22.5
"Profoot, Inc.","Elizabeth, NJ",1,60000,4239,Data Analyst,22.5
Proformex LLC,"Cleveland, OH",1,152000,511210,Data Engineer,36.6
Profusion Foods Inc.,"Chicago, IL",1,69035,424420,Operations Research Analyst,22.5
"Profusion Systems, Inc.","North Brunswick, NJ",1,115900,541511,It System Analyst,28.4
"Progentec Diagnostics, Inc.","Oklahoma City, OK",1,104291,621511,Senior Business Analyst - Data & Analytics,25.7
Prognos Trading LLC,"Safety Harbor, FL",1,82389,5239,Computer Systems Analyst,22.5
"Prognosia, Inc.","St. Louis, MO",1,,541715,Senior Data Scientist,22.5
Prograde Aluminum Systems Corp,"Brooklyn, NY",1,75000,332321,Organizational Development And Management Analyst,22.5
Programmer Resources International,"Ellisville, MO",1,,54151,Programmer Analyst,22.5
"ProHealth Group, Inc.","Birmingham, AL",1,175000,621610,Director Of Business Intelligence,41.8
Proinfy Solutions LLC,"Cumming, GA",1,86000,541519,Business Analyst,22.5
"Prolog Tech, Inc.","Apex, NC",1,105000,541512,Senior Data Engineer,25.9
Prometheus Computing LLC,"Bethesda, MD",1,115000,54151,Information Systems Research Scientist,28.2
"Pronetx, Inc.","Columbia, MD",1,95000,541512,"Senior Analyst, Growth Marketing",23.6
Properly Rent Co.,"New York, NY",1,,541519,Market Research Analyst,22.5
PROPERTY LOSS ESTIMATORS LLC,"Plantation, FL",1,,524291,Property Loss Optimization Analyst,22.5
Property Management Workforce LLC,"Houston, TX",1,75000,56149,Data Scientist,22.5
"ProQuest, LLC","Ann Arbor, MI",1,95790,51929,Senior Sales Analyst,23.8
"Prosights Labs, Inc.","New York, NY",1,155000,541511,Founding Full-Stack Ai Engineer,37.3
Prosoft Software Inc.,"Chesterbrook, PA",1,127953,5417,"Sr. Manager, Statistical Programming",31.1
"Prospect Equities Real Estate, LLC","Chicago, IL",1,,531210,Data Scientist,22.5
Prospect IT Solutions Inc,"Chester Springs, PA",1,70075,541511,Business Analyst,22.5
ProTechnions LLC,"Camp Hill, PA",1,85821,541511,Data Engineer,22.5
Protective Life Corporation,"Birmingham, AL",1,89000,524113,"Associate Ii, People Analytics",22.5
"Protegrity USA, Inc.","Stamford, CT",1,154000,541511,Technical Systems Analyst,37.0
"Prove Identity, Inc.","New York, NY",1,93000,511210,Data Scientist,23.2
"PROVEN Group, Inc.","St. Petersburg, FL",1,175000,44612,Data Scientist,41.8
Provident Bank,"Iselin, NJ",1,142500,522110,Lead Data Engineer,34.4
"ProviderTrust, Inc.","Nashville, TN",1,95000,541511,Senior Qa Analyst,23.6
PROWESS INFOTECH LLC,"Mckinney, TX",1,90000,541511,Business Analyst,22.5
"PROWORQS, INC.","Princeton, NJ",1,103064,518210,Sr. Business Systems Analyst,25.5
"Proximo Consulting Services, Inc.","Orlando, FL",1,66269,518210,Business And Quality Analyst,22.5
"Prudence, Inc.","Chicago, IL",1,,5415,Data Scientist,22.5
"Prudential International Insurance Service Company, LLC","Newark, NJ",1,96000,524210,"Senior Analyst, Marketing Research - Kbgfjg166631-1",23.9
PrudentRx LLC,"Tampa, FL",1,175000,62419,Senior Executive Data Scientist,41.8
PS Energy Group Inc.,"Dunwoody, GA",1,140000,424720,Senior Database Manager,33.9
PSA EDU Corporation,"Putnam, CT",1,,611110,Education Analyst,22.5
PSCU,"St. Petersburg, FL",1,110240,541511,"Senior Analyst, Business Analytics",27.1
PSEG Services Corporation,"Newark, NJ",1,118000,221112,Senior Business Systems Analyst,28.9
"PSI Pharma Support America, Inc.","King Of Prussia, PA",1,114114,325412,Clinical Research Associate Ii,28.0
"PSL Operation Services America, Inc.","New York, NY",1,156750,541511,Lead Data Engineer,37.7
PSN Pharmacy Inc.,"West New York, NJ",1,80000,456110,Database Administrator,22.5
PTechCrew LLC,"Frisco, TX",1,85000,541512,Data Scientist,22.5
PTS Consulting LLC,"Lenexa, KS",1,59842,32541,Market Research Analyst,22.5
Public People LLC,"New York, NY",1,146916,523999,Lead Analytics Engineer,35.4
"Publicis Health, LLC","New York, NY",1,75000,541810,Data Science Associate,22.5
"Pulsar Labs, Inc.","New York, NY",1,,518210,Business Intelligence Analyst,22.5
"Pulseworks, LLC","Smyrna, GA",1,70000,71399,Computer Systems Analyst,22.5
"Pulte Home Company, LLC","Atlanta, GA",1,149760,236117,Business Intelligence Developer,36.1
"PUMA NORTH AMERICA, INC.","Somerville, MA",1,110392,339920,Developer Etl,27.1
Pumex Computing LLC,"Laurel, MD",1,101421,541511,Data Engineer,25.1
Pumpkin Car Share Inc.,"Quincy, MA",1,54766,532111,Business Development Analyst,22.5
Punchh Inc.,"Austin, TX",1,142730,511210,Machine Learning Engineer,34.5
Pundit Inc,"Cary, NC",1,110000,541511,Data Engineer,27.0
Punjani Insurance Agency Inc,"La Porte, TX",1,58677,524210,Business Intelligence Analyst,22.5
"PURE SOLUTIONS, LLC","Little Elm, TX",1,95000,541511,Senior Business Analyst,23.6
Pure Talent Consulting Inc.,"Troy, MI",1,96000,541511,Data Scientist,23.9
Pure Technologies U.S. Inc.,"Columbia, MD",1,116646,333996,Data Scientist,28.6
"Purilum, LLC.","Greenville, NC",1,52000,311930,International Market Research Analyst,22.5
Purple Wave Inc,"Manhattan, KS",1,138000,54199,Data Engineering Manager,33.4
Purpose Brand LLC,"Chicago, IL",1,75000,541910,Social Media Marketing Analyst,22.5
"PushPress, Inc.","Claymont, DE",1,235000,513210,Data Engineer,47.5
"PUTNAM INVESTMENT MANAGEMENT, LLC","Boston, MA",1,132000,523920,Quantitative Analyst,32.0
PUYU Management LLC,"New York, NY",1,70000,62111,Business Operational Analyst,22.5
PVR Consulting Inc,"Reston, VA",1,114026,541511,Systems Analyst,28.0
Py Research LLC,"New York, NY",1,120000,71329,Trading Database Architect,29.3
"Pyronis, Inc.","Richardson, TX",1,325000,541511,Founding Ai Systems Architect,47.5
Pythus Technologies Inc,"Orlando, FL",1,104146,541512,Computer Sytem Analyst,25.7
"Q-PAC Systems, Inc.","Elkton, FL",1,78042,3333,Data Analytics Engineer,22.5
"Q.A. Technologies, Inc.","Omaha, NE",1,110500,541512,Advanced Programmer Analyst,27.2
"Q3 Contracting, Inc.","Little Canada, MN",1,86445,2371,It Business Analyst,22.5
Q32 Bio Inc.,"Waltham, MA",1,155000,541714,"Senior Manager, Data Management",37.3
QBURST TECHNOLOGIES INC.,"Chantilly, VA",1,122000,541511,Computer Systems Analyst,29.8
"QIAGEN Beverly, LLC","Beverly, MA",1,98405,5417,Quality Control Scientist,24.4
"QIAGEN Sciences, LLC","Germantown, MD",1,95000,5417,Quality Control Scientist,23.6
Qingning Appliances 2 LLC,"Gretna, LA",1,,449210,Business Analyst,22.5
Qingning Appliances LLC,"Baton Rouge, LA",1,65000,449210,Business Analyst,22.5
Qlogic LLC,"Parsippany, NJ",1,74000,541511,Data Engineer/ Python Developer,22.5
"QMPM, LLC","Farmers Branch, TX",1,,522291,Database Administrator,22.5
"Qorvo Texas, LLC","Dallas, TX",1,125000,334413,Ai/Machine Learning Engineer,30.5
"QSE7, LLC","Center Valley, PA",1,94000,5416,Data Analyst,23.4
"QSEMBLE CAPITAL MANAGEMENT, LP","New York, NY",1,150000,523940,Quantitative Analyst,36.1
QSI SERVICES INC,"Glen Allen, VA",1,127712,541511,Sr. Database Administrator,31.1
QUAD K TECHNOLOGIES LLC,"Peoria, IL",1,110344,541511,Business Analyst,27.1
"Quadient, Inc.","Milford, CT",1,123593,531210,Oracle Database Administrator,30.1
Quadrant IQ Solutions LLC,"Alpharetta, GA",1,88500,541511,Business Analyst,22.5
Quadratic Systems Inc.,"Schaumburg, IL",1,106558,541511,Programmer Analyst,26.3
Quadtree Technologies Inc,"Iselin, NJ",1,80850,541511,Data Engineer,22.5
QuaEra Insights LLC,"New York, NY",1,115000,541611,Data Scientist Ii,28.2
Qualibar Inc,"Roswell, GA",1,89877,541511,Sr Data Scientist,22.5
Quality Bakeries LLC,"Schaumburg, IL",1,72500,3118,Advanced Analytics Associate,22.5
"Quality Care Rehab, Inc.","Homosassa, FL",1,76000,62134,Junior Data Engineer,22.5
Quality Craft Industries Inc.,"Romeoville, IL",1,69822,33999,Product Analyst,22.5
"Quality Gold, Inc.","Fairfield, OH",1,77587,42394,Accounting And Business Analyst,22.5
Quality Home Care Providers Inc.,"Leonia, NJ",1,78624,6216,Software Quality Assurance Analyst,22.5
"Quality Insights, Inc.","Charleston, WV",1,110500,541720,Senior Data Analyst,27.2
"QUALITY IT SOURCE, LLC","East Brunswick, NJ",1,95347,541512,Ai Data Scientist,23.7
"Qualus, LLC","Lake Mary, FL",1,82763,541330,Data Engineer Ii,22.5
"Quanta Infrastructure Solutions Group, LLC","Houston, TX",1,94764,22112,Bi Analyst,23.6
"Quanta Workforce Solutions, LLC","Houston, TX",1,,237130,Data Scientist For Reliability Programs,22.5
QUANTADIGIT LLC.,"Austin, TX",1,85000,541990,Software Quality Assurance Engineer/Analyst,22.5
Quantam Solutions LLC,"Southfield, MI",1,,519190,Business Analyst,22.5
Quanterix Corporation,"Billerica, MA",1,200000,54171,"Director, Commercial Analytics",47.5
Quanti LLC,"Philadelphia, PA",1,68286,541519,Data Scientist,22.5
"Quantitative  Risk Management, Inc","Chicago, IL",1,143000,54199,Statistical And Market Pricing Analyst,34.5
"Quantlab Financial, LLC","Houston, TX",1,68723,52399,Quantitative Research Scientist,22.5
"Quantum Lending Solutions, Inc.","Reston, VA",1,88777,5223,Portfolio Data Analyst,22.5
QUANTUM UNIVERSAL LLC,"Lewisville, TX",1,105997,541511,Business Analyst / Information Technology Specialist,26.1
"Quantum Vision, LLC","Gaithersburg, MD",1,101192,541512,Data Engineer,25.0
"Quartermaster AI, Inc","Alexandria, VA",1,150000,541330,Lead Ai And Robotics Engineer,36.1
QUBITZ TECH SYSTEMS LLC,"Irving, TX",1,67142,541511,Management Analyst,22.5
"Quench USA, Inc.","King Of Prussia, PA",1,94449,423740,Business Analyst,23.5
Quest Partners LLC,"New York, NY",1,170000,525920,Quantitative Date Engineer,40.7
Qugen Inc,"Plainsboro, NJ",1,88000,541990,Operations Analyst,22.5
"Quick Fitting Holding Company, LLC","East Providence, RI",1,95000,423720,Supply Chain Analyst,23.6
"QuickBase, Inc.","Boston, MA",1,155209,513210,Staff Data Engineer,37.3
QUICKMART PHARMACY AND CONVENIENCE LLC,"Milltown, NJ",1,108306,446110,Business Analyst,26.7
QUICKSILVER IT SOLUTIONS LLC,"Okemos, MI",1,70000,541511,Data Analyst,22.5
Quiet Consulting Inc,"Great Neck, NY",1,,525990,Management Analyst,22.5
Quilt AI LLC,"Brookline, MA",1,100000,541511,"Director, Ai Market Research",24.8
"QuisLex, Inc.","New York, NY",1,80000,541110,Cybersecurity Analyst,22.5
Quizzify LLC,"Needham, MA",1,64500,519290,Data Analyst,22.5
Qumpus Inc.,"Mishawaka, IN",1,90640,424920,Senior Business Analyst,22.6
"Quris8, Inc.","Ashburn, VA",1,100000,5419,Sr Data Analyst,24.8
"R & S UNITED SERVICES, INC.","Amityville, NY",1,110000,238220,Ai Engineer,27.0
R A Managements Inc.,"Manassas, VA",1,60000,445120,Business Market Analyst,22.5
R AND M DRUG CORP.,"Glen Oaks, NY",1,,456110,Database Administrator,22.5
R Tech Metals Inc,"Glendale, NY",1,,337126,Market Research Analyst,22.5
"R&JY, Inc.","Glen Burnie, MD",1,,424410,Business Operations Analyst,22.5
R. K. College Park LLC,"College Park, GA",1,69285,721110,Strategic Analyst,22.5
R2Net Inc.,"New York, NY",1,81723,458310,Supply And Demand Analyst,22.5
R4 TECHNOLOGIES INC.,"Ridgefield, CT",1,105000,541613,Quantitative Data Scientist,25.9
R4Soft Technologies LLC,"Farmers Branch, TX",1,84094,541511,Bi Developer,22.5
"RA Capital Management, LLC","Boston, MA",1,110000,523920,"Junior Associate, Quantitative Research And Strategy",27.0
RA GLOBAL LLC,"Euless, TX",1,67500,455219,Business Analyst-Ecommerce Retail,22.5
RA InfoSolutions LLC,"Mckinney, TX",1,,541511,Sr. Business Analyst,22.5
Raare Solutions LLC,"Paramus, NJ",1,91000,541613,Crm Data Analyst,22.7
Rabun Gap- Nacoochee School,"Rabun Gap, GA",1,43888,611110,Admissions Market Research Analyst And Residential Faculty,22.5
"Rachel Media, LLC","East Rockaway, NY",1,35797,541613,Market Research Analyst,22.5
RACUBE TECHNOLOGIES LLC,"Plano, TX",1,101192,541511,Data Engineer,25.0
"Radhika Dental Consulting, LLC","Houston, TX",1,,541611,Financial Business Analyst,22.5
Radian Generation,"Charlotte, NC",1,129709,22111,Data Scientist,31.5
Radiant Infotech Inc,"Dallas, TX",1,92040,541511,Data Engineer,23.0
RADIANT INVESTMENT GROUP LLC,"College Park, GA",1,63500,72111,Hospitality Management Analyst,22.5
"Radical AI, Inc.","New York, NY",1,240000,541715,Ai Research Scientist,47.5
"Radical Ventures, L.L.C.","Dallas, TX",1,92040,551114,Machine Learning Engineer,23.0
RadiFi Federal Credit Union,"Jacksonville, FL",1,114949,522130,Data Integration Analyst,28.2
Radius GMR LLC,"New York, NY",1,89000,541613,Research Analyst,22.5
"Radix Trading, LLC","Chicago, IL",1,94000,54169,Business Data & Compliance Analyst,23.4
RADON INFORMATION TECHNOLOGY SERVICES LLC.,"Edison, NJ",1,111966,541511,Data Analyst,27.5
"RAF 2.0, LLC","Bala Cynwyd, PA",1,120225,541611,Senior Digital Intelligence Analyst,29.4
"Rag & Bone Industries, LLC","New York, NY",1,150000,4481,Lead Data Engineer,36.1
"Raglan Food Co USA, PBC","Stamford, CT",1,67500,3115,Marketing Analyst,22.5
RAHMA LLC,"Biglerville, PA",1,85000,445131,Logistics Analyst,22.5
Railway Health Inc.,"New York, NY",1,175000,524114,Founding Data Science Engineer,41.8
RAINBOW GEMS NY LLC,"New York, NY",1,,423940,Data Analyst,22.5
Rainbow Hospitality LLC,"St. Louis, MO",1,75000,3119,Operations Research Analyst,22.5
"Rainbow Resource Center, Inc.","Toulon, IL",1,68000,424110,Marketing Data Analyst,22.5
"Rains Consulting, Inc.","New Providence, NJ",1,78478,541690,Business Analyst,22.5
RAIZ FEDERAL CREDIT UNION,"El Paso, TX",1,56701,522299,System Analyst Ii,22.5
"Raj Technologies, Inc.","Plainview, NY",1,145600,541511,Sr. Database Administrator,35.1
Rajant Corporation,"Malvern, PA",1,130000,334220,Machine Learning Scientist,31.6
"Rajbhog Foods NJ, Inc.","Jersey City, NJ",1,80600,31141,Market Research Analyst,22.5
RAK ITPRENEURS LLC,"Edison, NJ",1,100000,541511,Data Engineer,24.8
Ram Drugs Inc,"Brooklyn, NY",1,89586,456110,Database Administrator,22.5
"Rama Tika Management, LLC.","Mansfield, OH",1,60000,52399,Management Analyst,22.5
RamITStaffing Inc,"Irving, TX",1,108826,541511,Lead Data Engineer,26.8
RAMLAK INC,"Baton Rouge, LA",1,,541511,Database Administrator,22.5
Ramlila Hospitality LLC,"Hicksville, NY",1,75733,721110,Business Analyst,22.5
"RamParivar, LLC","Millington, TN",1,52021,721110,Database Administrator,22.5
Ramsoft Systems Inc,"Southfield, MI",1,79331,541511,Programmer Analyst,22.5
RANCS TECHNOLOGIES LLC,"Cedar Hill, TX",1,120000,541511,Business Intelligence Developer,29.3
RANDOLPH-MACON COLLEGE,"Ashland, VA",1,72000,611310,Education Research Analyst,22.5
"Range Finance, Inc.","Norfolk, VA",1,210000,523940,Marketing Analytics Lead,47.5
"Range Production Company, LLC -Sub of Range Resources Corp.","Fort Worth, TX",1,140286,211130,Data Scientist,33.9
"RangeLight Health, LLC","Wilmington, DE",1,100000,541715,Marketing Research Analyst,24.8
"Rank Crankers, LLC","Minneapolis, MN",1,51210,541613,Seo Analyst,22.5
"Rapid Global Business Solutions, Inc.","Troy, MI",1,,541330,Data Engineer,22.5
RAPP WORLDWIDE INC.,"New York, NY",1,109000,54181,Senior Data Scientist,26.8
"Rapyd US, Inc.","Coral Gables, FL",1,100000,522320,Operations Research Analyst,24.8
"Rarestep, Inc. dba Fleetio","Birmingham, AL",1,212514,518210,Vice President Of Product Strategy & Systems Analyst,47.5
RAS CPA LLC,"Vienna, VA",1,74464,541211,Management Analyst,22.5
"RASPBERRY AI, INC.","Brooklyn, NY",1,165000,5132,Founding Machine Learning Engineer,39.5
"RateGravity, Inc.","Boston, MA",1,92914,522310,Data Scientist Ii,23.2
RATNA LLC,"Herndon, VA",1,88442,541511,Program Analyst,22.5
RAVA Global Solutions LLC,"Rochester Hills, MI",1,112000,541511,Business Intelligence Analyst,27.5
Rave Distribution LLC,"Dallas, TX",1,60000,-4445,Supply Chain Analyst,22.5
"RayBiotech Life, Inc.","Peachtree Corners, GA",1,45000,54171,Marketing Analyst,22.5
"Rayni, Inc.","Chicago, IL",1,140000,51321,Founding Ai Engineer,33.9
Rays Technical Solutions Inc,"Collierville, TN",1,83450,54151,Computer Systems Analyst,22.5
"RBC Bank (Georgia), National Association","Raleigh, NC",1,136600,522110,Data Engineering Manager - Kbgfjg98595-7,33.1
RBC Global Asset Management US Inc.,"Minneapolis, MN",1,80000,522110,"Consultant Relations, Analyst - Kbgfjg267117-1",22.5
RBVHSUNPK LLC,"Mineola, NY",1,90000,722513,Marketing Analyst,22.5
"RCI, LLC (Travel and Leisure Co.)","Orlando, FL",1,79206,531390,"Sr. Analyst - Inventory, Revenue Management And Pricing",22.5
RCK PHARMACY LLC,"New York, NY",1,101234,446110,Database Administrator,25.1
"RCN Capital, LLC","South Windsor, CT",1,84947,522291,Data Scientist,22.5
"RCS Logistics, Inc.","Charlotte, NC",1,66040,488510,Business Intelligence Analyst,22.5
RCube IT LLC,"Chantilly, VA",1,108930,541511,Senior Business Analyst,26.8
RCX Sports LLC,"Sylvan Lake, MI",1,72000,459110,Inventory Data Analyst,22.5
RD International Services LLC,"Sterling, VA",1,,541613,Market Research Analyst,22.5
RDDC INVESTMENTS LLC,"Tampa, FL",1,58000,441120,Business Innovation Analyst,22.5
"RDG Planning & Design, Inc.","Des Moines, IA",1,102000,54131,Data Scientist,25.2
RDO Equipment Co,"Fargo, ND",1,,33311,Customer Data Specialist,22.5
Reach Marketing LLC,"Pearl River, NY",1,101566,541613,Senior Database Architect,25.1
"ReachMobi, Inc.","Overland Park, KS",1,75000,5419,Data Analyst,22.5
"React Digital, Inc.","Pittsburgh, PA",1,70000,541613,Senior Data Analyst,22.5
"Reactivate DevCo, LLC","Chicago, IL",1,88000,221115,Origination Analyst,22.5
"Readerlink Distribution Services, LLC","Oak Brook, IL",1,89690,45921,Data Scientist Ii,22.5
Reading Hospital,"Reading, PA",1,,622110,Senior Mss Business Systems Developer Analyst,22.5
Ready  Warehousing  &  Logistics LLC,"Secaucus , NJ",1,91000,541614,Database  Administrator,22.7
ReadyCap Commerical LLC,"New York, NY",1,95000,522390,Associate Database Systems Engineer,23.6
Real Gems Corporation,"Houston, TX",1,75733,423940,Management Analyst,22.5
REAL International Brokerage LLC,"Austin, TX",1,93000,531320,Business Intelligence Analyst,23.2
Real Value LLC,"Moore, OK",1,78000,449129,Data Analytics And Reporting Specialists,22.5
REALPHA TECH CORP.,"Jersey City, NJ",1,130000,531110,Applied Ai Engineer,31.6
Realtime Reservation LLC,"Huntington, NY",1,40900,561599,Application Support Analyst,22.5
"Rebel Athletic, Inc.","Carrollton, TX",1,,3159,Lead Data Scientist,22.5
"ReBiz, LLC","Cleveland, OH",1,70000,541611,Business Systems Analyst,22.5
"ReciMe, Inc.","New York, NY",1,60000,51321,Product Analyst,22.5
RECRUITERS PLACE LLC,"Grand Rapids, MI",1,75941,541511,Data Analyst,22.5
Recursion Co.,"New York, NY",1,,541511,Operations Research Analyst,22.5
"Red Comma Media, Inc.","Madison, WI",1,62500,5418,Market Research Analyst,22.5
"Red Door Experiences, LLC","Hurst, TX",1,81820,71399,Data Analyst,22.5
Red Mountain Solution Inc.,"Houston, TX",1,,423610,Operations Research Analyst,22.5
"RED SALSA TECHNOLOGIES, INC","Princeton, NJ",1,101046,541511,System Analyst,25.0
RED WILLOW ADVISORS LLC,"New Waverly, TX",1,96000,541611,Senior Systems Analyst,23.9
"Red Wing Shoe Company, Inc.","Red Wing, MN",1,107557,31621,Sr. Business Systems Analyst,26.5
"Redbox Automated Retail, LLC","Cos Cob, CT",1,123614,532282,Senior Business Intelligence Developer,30.1
Redesign Science Inc.,"New York, NY",1,350000,541715,Director Of Machine Learning,47.5
"Rediminds, Inc.","Southfield, MI",1,96034,54151,Data Engineer,23.9
"RedSail Technologies, LLC","Spartanburg, SC",1,162351,541512,Cloud Data Architect,38.9
RedShift Technologies LLC,"Irving, TX",1,81744,541511,Big Data Engineer,22.5
"Redstone Logistics, LLC","Olathe, KS",1,60000,488510,Supply Chain Analyst,22.5
"RedSwan PC, Inc","Houston, TX",1,62000,541511,Digital Marketing Analyst,22.5
"Reduct, Inc.","New York, NY",1,,512191,Machine Learning Research Scientist,22.5
REED SMITH LLP,"Pittsburgh, PA",1,100880,541110,Other Timekeeper / Statistician,25.0
Reflex Performance Resources Inc.,"New York, NY",1,78894,541490,Demand Planning And Inventory Analyst,22.5
Refyn Data LLC,"Herndon, VA",1,104000,541511,Business Data Engineer,25.7
Regal Credit Consulting Corp,"New York, NY",1,85000,54161,Internal Auditor And Fintech Operations Analyst,22.5
"Regal Plastic Supply Company, Inc.","Irving, TX",1,60000,424610,Market Research Analyst,22.5
"Regenexx, LLC","Des Moines, IA",1,130000,541714,Data Scientist,31.6
"Regional Transit Service, Inc.","Rochester, NY",1,133275,485113,Director Of Business & Data Insights,32.3
"Relano Ventures, LLC","Jacksonville, FL",1,56930,561320,Management Analyst,22.5
"RELATED HYBRID COMPANIES, LLC","New York, NY",1,78894,5313,Analyst,22.5
"Relay Therapeutics, Inc.","Cambridge, MA",1,215000,541714,"Associate Director, Biostatistics",47.5
RELIABLE PARTS US HOLDINGS INC,"Dallas, TX",1,113299,4249,Senior Business System Analyst,27.8
RELIANCE ELECTRONICS INC.,"Totowa, NJ",1,,4492,Business Analyst,22.5
Reliant Real Estate Management LLC,"Roswell, GA",1,85000,531190,Data Analyst,22.5
Relish Labs LLC,"Chicago, IL",1,123677,311991,Tempo Analytics Manager,30.2
"RelishIQ, Inc.","Newbury, OH",1,85000,51321,Product Marketing Analyst,22.5
Remedy Health Associates LLC,"Arlington, VA",1,131400,51781,Senior Manager Analytics,31.9
REMIS America LLC,"Fort Worth, TX",1,72973,332321,Business Intelligence Analyst,22.5
Remote Sensing Metrics LLC,"Stamford, CT",1,80000,513210,Marketing Analyst,22.5
Rennel Tech Inc.,"Gaithersburg, MD",1,79186,541512,Business Analyst,22.5
"RepRally, Inc.","New York, NY",1,225000,42512,Head Of Analytics & Strategy,47.5
Republic National Distributing Company,"Atlanta, GA",1,137000,424820,Data Engineer Senior,33.2
Republic Operations LLC,"New York, NY",1,90000,52399,Blockchain Solutions Analyst (Computer Systems Analyst),22.5
"Res-Care, Inc","Louisville, KY",1,90000,621999,Data Visualization Developer,22.5
"Res-Care, Inc DBA BrightSpring Health Services","Louisville, KY",1,95000,621999,Data Visualization Developer,23.6
"Research and Diagnostic Systems, Inc.","Minneapolis, MN",1,87508,541714,Data Scientist,22.5
Research Institute at Nationwide Children's Hospital,"Columbus, OH",1,129160,541714,Lead Genomic Clinical Variant Scientist,31.4
ResearchUSA LLC,"Omaha, NE",1,85342,518210,Data Analyst,22.5
RESILIENCE SOLUTIONS LLC,"Wilmington, DE",1,,541511,Business Analyst,22.5
"Resolve Marine Group, Inc.","Fort Lauderdale, FL",1,164800,488330,Business Analyst,39.5
RESONANCE IT SOLUTIONS LLC,"Medina, MN",1,99029,541511,Data Scientist,24.6
"Resonetics, LLC","Nashua, NH",1,143917,541519,It Business Analyst Lead,34.8
"RESOURCE MANAGEMENT SERVICE, LLC","Birmingham, AL",1,75000,11531,Business Intelligence Data Analyst,22.5
"Resource Personnel Consultants Company, LLC","Dallas, TX",1,,561311,Senior Data Scientist,22.5
"RESOURCE SEARCH COMPANY, INC.","Rockleigh, NJ",1,114400,561311,Database Analyst - Informatica,28.0
"Resourcis Information Services, Inc","Cumming, GA",1,109346,5613,Senior Management Analyst,26.9
Restaurant Brands International US Services LLC,"Miami, FL",1,96075,722513,"Sr. Analyst, Computer System Analyst",23.9
"Restaurant Technologies, Inc.","Mendota Heights, MN",1,160000,562998,Sr. Workday Technical Analyst,38.4
Resulticks Communication USA Group,"New York, NY",1,140000,541870,Business Intelligence Account Executive,33.9
"REsurety, Inc.","Boston, MA",1,74922,5239,Risk & Transaction Analyst,22.5
Resurgent Capital Services LP,"Greenville, SC",1,114979,522220,Data Scientist Iii,28.2
Retail Management Services Corp.,"Atlanta, GA",1,135000,541611,Data Integration Developer,32.7
"ReTech Advisors, LLC","Mclean, VA",1,90000,541611,Senior Data Analyst,22.5
Retensa LLC,"New York, NY",1,83000,541612,Machine Learning Engineer,22.5
"Returnalyze, Inc.","Burlington, MA",1,110000,541519,Lead Strategic Bi Analyst,27.0
"Reuters News & Media, Inc.","New York, NY",1,141750,5191,Lead Data Analyst,34.3
Reva Consulting Inc,"Farmington, MI",1,72000,541511,It Business Analyst,22.5
"Reveal Healthtech, Inc.","New York, NY",1,172800,541330,"Senior, Machine Learning Operations Engineer",41.3
"Revel Transit, Inc.","Brooklyn, NY",1,253575,532284,Director Of Data Science And Comp,47.5
"Revela, Inc.","Detroit, MI",1,65000,51321,"Client Success Specialist, Fraternal And Data",22.5
"REVENUE ANALYTICS, INC.","Atlanta, GA",1,93974,541511,Senior Scientist,23.4
Revenue Roll Inc,"Miami, FL",1,170000,513210,Head Of Data Science & Ai,40.7
Revlogical LLC,"Liberty, MO",1,60000,455219,Data Analyst,22.5
"Revo Health, LLC","Golden Valley, MN",1,96283,56149,Principal Hris Analyst,23.9
Revoint LLC,"Lawrenceville, GA",1,80000,5416,Senior Business Analyst,22.5
REWAVE NEXT LLC,"Englewood, NJ",1,,459510,Business Strategy Analyst,22.5
REXPAND CO,"Dallas, TX",1,50045,611710,Market Research Analyst,22.5
RF & SONS PROPERTIES LLC,"Dallas, TX",1,71000,533110,Data Analyst,22.5
RG2IT SOLUTIONS INC,"Delray Beach, FL",1,88000,541511,Data Engineer,22.5
RH2 Global LLC,"Apollo Beach, FL",1,72000,561611,Data Analyst Engineer (Software Developer),22.5
Rhode Island College,"Providence, RI",1,62500,611310,Research Analyst,22.5
RHODE ISLAND HOSPITAL,"Providence, RI",1,93558,622110,Data Scientist Pharmacy,23.3
Rhodes College,"Memphis, TN",1,62858,611310,Data Analyst,22.5
"Rhodium Group, LLC","New York, NY",1,117343,541720,Data Visualization Designer,28.7
Rhythm Pharmaceuticals Inc.,"Boston, MA",1,150000,54171,It Business Analyst,36.1
"RI-2, LLC","Groton, MA",1,137700,541511,"Database Administrator & Ops Engineer, Senior",33.3
Richard Bernstein Advisors LLC,"New York, NY",1,100000,525910,Portfolio Analyst,24.8
Richard-Allan Scientific,"Kalamazoo, MI",1,129646,54171,Sap Data Manager,31.5
Riddles Group Inc,"Rapid City, SD",1,60000,458310,Software Developer And Data Engineer,22.5
RIDGEVIEW INVESTMENT LLC,"Knoxville, TN",1,45000,541611,Market Research Analyst,22.5
Rigel Staffing,"Princeton, NJ",1,112000,561320,Clinical Data Manager,27.5
"Right Choice Distributors, Inc.","Woburn, MA",1,140130,424990,Web Administrator/Data Warehousing Specialist,33.9
Right Choice Investment Holdings LLC,"Waterloo, IA",1,,722513,Data System Engineer,22.5
Right Option Inc,"Sterling, VA",1,90000,541511,Business Intelligence Analyst,22.5
RightData Inc,"Atlanta, GA",1,77397,541511,Data Scientist,22.5
"Rillavoice, Inc.","Long Island City, NY",1,130000,541511,Ai Engineer,31.6
"Rimkus Consulting Group, Inc.","Houston, TX",1,100000,54169,Data Engineer,24.8
RISE Group Inc,"Cranston, RI",1,88629,541330,Database Analyst (00081852),22.5
"RiseMark Holdings, LLC","Omaha, NE",1,70000,621610,Business And Data Intelligence Analyst,22.5
Risepoint LLC,"Dallas, TX",1,150071,923110,Sr. Data Warehouse Engineer,36.2
RiseSmart Inc.,"Atlanta, GA",1,150000,611430,Senior Data Analyst,36.1
Rish Systems LLC,"Sterling, VA",1,98946,541511,Data Engineer With Aws,24.5
RISHIK VS TECHNOLOGIES INC,"Plano, TX",1,68390,541511,System Analyst,22.5
Rising Media Corporation,"Vienna, VA",1,79000,512110,Operations Research Analyst,22.5
"Risk Specialists Companies Insurance Agency, Inc.","Jersey City, NJ",1,75733,5241,Senior Business Analyst Lead - Multinational,22.5
"Risksmith Insurance Services, LLC","Clearwater, FL",1,165000,524298,Vice President - Cloud & Ai,39.5
RIT Solutions Inc.,"Arlington, VA",1,,541511,Data Engineer,22.5
RIVER GAINS LLC,"New York, NY",1,,541612,Management Analyst,22.5
River Magic Inc.,"Mesquite, TX",1,63066,453991,Market Intelligence Analyst,22.5
"Riverhead Resources, LLC","Pleasant Hill, IA",1,78623,5417,Agricultural And Food Systems Statistical Analyst,22.5
RIVERPARK RX LLC,"Bronx, NY",1,67995,446110,Database Administrator,22.5
"RiverSource Distributors, Inc.","Minneapolis, MN",1,139298,523150,Senior Data Scientist Manager,33.7
RiverSource Life Insurance Company,"Minneapolis, MN",1,139298,524210,Senior Data Scientist Manager,33.7
RiverStone Resources LLC,"Manchester, NH",1,114000,524130,"Specialist, Data Analytics",28.0
Rivet Industries,"Washington, DC",1,131000,541420,Machine Learning Research Engineer,31.8
Rivic Systems Inc.,"Alpharetta, GA",1,,541512,Business Analyst,22.5
Rizing Geospatial LLC,"Stamford, CT",1,81488,541512,Senior Gis Analyst,22.5
RK PHARMA INC,"Pearl River, NY",1,83000,325412,Computer System Analyst,22.5
RLI Insurance Company,"Peoria, IL",1,133457,524210,Lead Quality Assurance Analyst,32.4
"Rm Acquisition, LLC","Chicago, IL",1,122270,541370,"Scientist, Big Data Engineering",29.8
RM Info Solutions LLC,"Kendall Park, NJ",1,97802,541511,Data Analyst,24.3
"RMP Associates, Inc.","Brunswick, GA",1,50000,423220,Operations Research Analyst,22.5
RMS IT SOLUTIONS INC,"Manchester, CT",1,114088,541511,Business Analyst,28.0
RNA CORPORATION,"Blue Island, IL",1,59488,3256,Supply Chain Analyst,22.5
RNR IT Solutions Inc,"Plano, TX",1,100000,541511,Senior Data Engineer,24.8
"Road to Perfection, LLC","Cincinnati, OH",1,42250,236118,Market Research Analyst,22.5
"Rob Graham Enterprises, LLC","St. Petersberg, FL",1,72218,524210,Market Research Analyst,22.5
"Robert Charles Lesser & Co., LLC","Bethesda, MD",1,110000,541618,Business Intelligence Developer,27.0
Robert H Dewitt,"Vienna, VA",1,52500,621210,Market Research Analyst,22.5
Robertshaw Controls Company,"Itasca, IL",1,77327,335999,Sr. Commodity / Supply Chain Analyst - Mechanical Components,22.5
ROBINS KAPLAN LLP,"Minneapolis, MN",1,71272,541110,Research And Business Intelligence Analyst,22.5
ROBOT INSIGHT TECHNOLOGIES,"Rolling Meadows, IL",1,69618,541512,Business Analyst,22.5
"Robroy Industries, Inc.","Verona, PA",1,80350,339999,Corporate Systems Analyst,22.5
ROC KID CITY LLC,"Rochester, NY",1,,713990,Business Strategy And Operations Analyst,22.5
Rocade LLC,"Arlington, VA",1,140000,922130,Senior Data Science Analyst,33.9
Rochester City School District,"Rochester, NY",1,49878,611110,Senior Information Services Business Analyst,22.5
Rochester General Hospital,"Rochester, NY",1,87000,622110,Computer And Information Research Scientist Ii,22.5
Rock Central LLC,"Detroit, MI",1,115000,541611,Database Administrator,28.2
Rock Solid Partner Inc,"Rockville Centre, NY",1,,722511,Database Administrator,22.5
Rockefeller Capital Management L.P.,"New York, NY",1,70000,52399,Divisional Operations Analyst,22.5
"Rockerbox, Inc.","New York, NY",1,175000,513210,Senior Data Engineer Ii,41.8
"ROCKET TRAVEL, INC.","Chicago, IL",1,93974,56159,Business Operations Lead Data Analyst,23.4
ROCKHEAD CONSULTING LLC,"Annapolis, MD",1,86275,541611,Senior Business Analyst,22.5
"RockLoans Marketplace, LLC","Detoit, MI",1,100000,522291,Data Engineer Ii,24.8
"Rockstar New England, Inc.","Andover, MA",1,82000,511210,Associate Ai Systems Programmer,22.5
Rockville SNF Operator LLC,"Silver Spring, MD",1,105000,6231,Clinical Informatics Nurse,25.9
Rockystone Electronics LLC,"Hollis, NH",1,66000,454110,Business Analyst,22.5
RODMAN & RENSHAW LLC,"New York, NY",1,105000,523940,Management Analyst,25.9
"Rogers Enterprises, Inc.","Matteson, IL",1,123614,45999,Programmer Analyst,30.1
"Rohde & Schwarz USA, Inc.","Columbia, MD",1,100000,423830,"Sr Engineer Data Scientist, Hpsc",24.8
"Rohm and Haas Chemicals, LLC","Midland, MI",1,115586,54171,Senior Research Specialist,28.3
Root Cause Institute,"Cambridge, MA",1,64000,541720,Associate - Market Research Analyst,22.5
Rooteam Com Inc,"Brooklyn, NY",1,94682,541511,Business Analyst,23.6
Ropaar LLC,"Farmers Branch, TX",1,121275,541614,Senior Analyst Tech. - Customs & Trade Systems Integrations,29.6
Ropes & Gray LLP,"Boston, MA",1,144678,541110,Senior Business Intelligence Developer,34.9
"ROS Technology Services, Inc.","Parkville, MO",1,176634,541512,Data Services Manager,42.2
Roswell Park Cancer Institute,"Buffalo, NY",1,124614,622310,Computational Scientist,30.4
"ROSY BLUE JEWELRY, INC.","New York, NY",1,60000,423940,Market Research Analyst,22.5
Rotary Apothecary LLC,"Stratford, CT",1,57845,45611,Pharmaceutical Operations Analyst,22.5
ROTECH SOLUTIONS LLC.,"Leander, TX",1,147368,5416,Data Engineer,35.5
Roti LLC,"Madison, WI",1,93642,722511,Business Intelligence Analysts,23.3
"Roti Restaurants, LLC","Chicago, IL",1,80000,722511,Data Analyst,22.5
"ROUNDVIEW TECHNOLOGIES, LLC","Novi, MI",1,125000,541519,It System Analyst,30.5
"RouteSpring, Inc","Bethesda, MD",1,88370,518210,Business Analyst,22.5
Rowetek Solutions LLC,"Glen Allen, VA",1,,541511,Senior Technical Analyst,22.5
Roxann Management Co. LLC,"Farmingdale, NY",1,80850,5313,Real Estate Market Analyst,22.5
"Roy Jorgensen Associates, Inc","Buckeystown, MD",1,77293,237310,Senior Business Intelligence Engineer,22.5
ROYAL FOOD SERVICE CO,"Livonia, MI",1,,424410,Logistics Data Analytics,22.5
Royal Interpack of Midwest Inc,"Whitestown, IN",1,131863,32611,Market Research Analyst,32.0
Royal Kitchen Inc.,"New Castle, DE",1,72000,455219,Data Analyst,22.5
Royalty Jewels LLC,"New York, NY",1,68869,458310,Business Analyst,22.5
Royaly Jewels LLC,"New York, NY",1,,458310,Operations Analyst,22.5
Royson's Corporation,"Rockaway, NJ",1,85000,32611,Supply Chain Analyst,22.5
"RPM Freight Systems, LLC dba RPM","Birmingham, MI",1,100000,488510,Data Scientist,24.8
RR Tech LLC,"Columbia, MD",1,96179,541511,Computer Systems Analyst,23.9
RS DATA ARCHITECT SOLUTIONS LLC,"Ridgefield, CT",1,90000,541511,Market Research Analyst/ Data Analytics,22.5
"RS&H, Inc.","Jacksonville, FL",1,78978,54131,Data Analyst I,22.5
RSI Solutions Inc.,"Katy, TX",1,82000,541511,Java Application Developer/Bi Developer,22.5
"RSource, LLC","Boca Raton, FL",1,110000,56149,Machine Learning Engineer,27.0
"RTC Industries, Inc.","Rolling Meadows, IL",1,86694,541420,Database And Unix Administrator,22.5
RTG Cabinets LLC,"Houston, TX",1,55000,423310,Market Research Analyst,22.5
RTX Fintech & Research LLC,"New York, NY",1,85000,52399,Operations Research Analysts,22.5
Ruan Transport Corporation,"Des Moines, IA",1,126530,484121,Data Engineer,30.8
Rubi Tools USA,"Hialeah Gardens, FL",1,61963,333515,Business Product Analyst,22.5
"Rubix Solutions, LLC","Baltimore, MD",1,115000,541611,Data Analyst,28.2
Ruder Finn Inc.,"New York, NY",1,93095,541820,Data Analyst,23.2
"RumbleOn, Inc.","Irving, TX",1,140000,441228,Sr. Data Analyst,33.9
Rumpf Corporation,"Toledo, OH",1,52499,561311,Senior Business Analyst,22.5
RUNERGY ALABAMA INC,"Huntsville, AL",1,76440,335999,Jr. Quality Assurance Analyst,22.5
RUNFINE GROUPS INC.,"Whippany, NJ",1,,423210,Business Intelligence Analyst,22.5
RUNH INC.,"Flushing, NY",1,80000,237130,Market Research Analyst,22.5
RUNOPT LLC,"Brooklyn, NY",1,,541330,Management Analyst,22.5
Rupani Foundation,"Houston, TX",1,59000,8134,Data Analyst,22.5
"RVA Ed, LLC","Richmond, VA",1,93000,518210,Data Engineer,23.2
"RWE Supply & Trading Americas, LLC","Chicago, IL",1,110000,22112,Commercial Analyst,27.0
"RX VALET, LLC","Lawrenceville, GA",1,75000,524292,Business Analyst,22.5
RX WORLD INC.,"Edison, NJ",1,114608,424210,Computer Research Scientist,28.1
RX World Pharmacy Supplies LLC,"New York, NY",1,78000,446110,Database Administrator,22.5
"Ryan Companies US, Inc.","Minneapolis, MN",1,190000,23622,Data Enterprise Architect,45.2
RYRC Inc,"Ocoee, FL",1,81474,561720,Lead Marketing Operations Analyst,22.5
S & Y TECHNOLOGY INC,"Flushing, NY",1,,54121,Business Intelligence Analyst,22.5
S R Health Care Services Inc,"Charlottesville, VA",1,77022,621610,Business Analyst,22.5
S TEKWIZARDS LLC,"Farmers Branch, TX",1,124800,541511,Data Engineer,30.4
S&C ELECTRIC COMPANY,"Chicago, IL",1,96500,22111,Senior Hris Analyst,24.0
"S&H Systems, Inc.","Jonesboro, AR",1,90000,541512,Business Intelligence Analyst,22.5
S&Z Food service Corp,"Perth Amboy, NJ",1,76000,722513,Business Analyst,22.5
"S.M. LUCKY GAME, LLC.","Duluth, GA",1,,532289,Data Scientist,22.5
S.R. CHANDRA INC.,"Plantation, FL",1,71000,54121,Business Analyst,22.5
"S2 Global, Inc.","Fort Lauderdale, FL",1,105000,334517,Data Engineer,25.9
S3 AeroDefense LLC,"Milwaukee, WI",1,102000,488190,Supply Chain Analyst,25.2
S3cloudsolutions LLC,"Washington, DC",1,69202,541511,Data Scientist,22.5
S4 CONSULTANTS INC,"Irving, TX",1,102814,541511,Quality Analyst,25.4
S4Works LLC,"Cumming, GA",1,114800,541511,Data Scientist,28.1
SAAJ Solutions LLC,"Levittown, NY",1,85000,541511,Business Analyst,22.5
Saansol Inc.,"Metuchen, NJ",1,92100,541511,Business Intelligence Specialist,23.0
"SAAS Global Solutions, LLC.","Dublin, OH",1,100000,541511,Business Analyst,24.8
"Sabanto, Inc.","Itasca, IL",1,131175,3333,Data Scientist,31.9
Saberpoint LLC,"New York, NY",1,82555,541690,Computer Systems Analyst,22.5
Sabert Corporation,"Sayreville, NJ",1,85000,32611,Pricing Analyst,22.5
Sabre Communications Corp,"Alvarado, TX",1,71041,331210,Erp Analyst I,22.5
"SACO AEI Polymers, Inc.","Sheboygan, WI",1,106000,325211,Senior Sales & Operations Planning Analyst,26.1
Sacred Heart Univeristy,"Fairfield, CT",1,58850,611310,Ass. Director Of Intl. Admissions & Enrollment Analytics,22.5
SADUP SOFTECH LLC,"Johns Creek, GA",1,90958,541513,Data Analyst,22.7
"SAFAL PARTNERS, LLC","Houston, TX",1,,541611,Data Analyst,22.5
Safe Life Home Health LLC,"Lombard, IL",1,70000,621610,Business Intelligence Analyst,22.5
"Safe Space Scan Technology, LLC","Delray Beach, FL",1,72000,334416,Market Research Analyst,22.5
"Safeguard Properties, LLC","Valley View, OH",1,113794,522292,Etl Developer,27.9
"SafeRide, Inc.","San Antonio, TX",1,163000,54151,Sr. Data Engineer,39.1
Safety National Casualty Corporation,"St. Louis, MO",1,140000,524126,Senior Data Engineer,33.9
Safety Radar Inc.,"Tulsa, OK",1,75000,513210,Data Scientist,22.5
"Safety-Kleen Systems, Inc.","Norwell, MA",1,94723,541620,Analyst Business Data Sr,23.6
"Sage Industries USA, Inc","Houston, TX",1,42099,42469,Trader & Data Analyst,22.5
"Sage Therapeutics, Inc.","Cambridge, MA",1,187372,541714,"Senior Manager, Enterprise Data Platforms",44.6
"Sagemcom USA, LLC","Richardson, TX",1,76650,541519,Supply Chain Analyst,22.5
"SAGES NETWORKS, INC","Alpharetta, GA",1,170000,54151,Programmer Analyst,40.7
Sagewood Construction Development Corporation,"Miami, FL",1,54000,23611,Market Research Analyst And Marketing Specialist,22.5
Saggi Solutions Inc,"Chantilly, VA",1,109491,541511,Business Intelligence Analyst,26.9
SAHAY CONSULTING LLC,"Houston, TX",1,65900,541511,Computer System Analysts - Etl,22.5
Sai Gauri Pharmacy LLC,"Brentwood, NY",1,70000,456110,Database Analyst,22.5
"SAI KRUPA INTERNATIONAL, INC.","Tucker, GA",1,55000,423990,Market Research Analyst,22.5
"Saibber, LLC","Mechanicsburg, PA",1,122000,541511,Sr. Software Data Engineer,29.8
Saiforce Tech Inc.,"San Antonio, TX",1,65000,541511,Programmer Analyst,22.5
SAIKA TECHNOLOGIES INC,"Irving, TX",1,,541511,Data Engineer,22.5
Sailpan Solutions Inc.,"Irving, TX",1,101192,541512,It Consultant (Gen Ai Developer),25.0
Sailpro LLC,"Plano, TX",1,101192,541511,Data Engineer,25.0
"SAIM TECHNOLOGIES, INC.","Cedar Park, TX",1,,541511,Data Migration Developer,22.5
Sain Technologies LLC,"Morrisville, NC",1,,541511,Data Engineer,22.5
Saishri Soft Solutions LLC,"Kissimmee, FL",1,105997,541511,Data Engineer,26.1
SAKSOFT INC.,"Jersey City, NJ",1,102000,541511,Data Architect,25.2
SAKSOL TECHNOLOGIES INC,"Dallas, TX",1,91562,541511,Programmer Analyst,22.9
Salesdrive Technologies LLC,"Irving, TX",1,100714,541511,Ic Configuration Analyst,24.9
SALIENT GLOBAL TECHNOLOGIES CORP,"Dallas, TX",1,63066,541511,"Analyst, Data Scientist Modeler",22.5
Sam Auto Trans LLC,"Twinsburg, OH",1,75000,4841,Business Analyst,22.5
Sam Houston State University,"Huntsville, TX",1,97406,611310,Programmer Analyst Iii,24.2
SAM IT SOLUTIONS LLC,"Durham, NC",1,69000,541511,Computer Systems Analyst,22.5
Saman F. Ghahremani M.D. P.C.,"Hyattsville, MD",1,85000,621111,Operations Analyst,22.5
SamaraTech LLC,"Gaithersburg, MD",1,106000,54151,Application And Database Developer,26.1
SAMARTH DIAMONDS INC.,"New York, NY",1,,423940,Management Analyst,22.5
Samni Systems LLC,"Columbus, IN",1,95000,541511,Programmer Analyst,23.6
Samp Surad Group Inc,"Jersey City, NJ",1,,541340,Database Administrator,22.5
Samsonite LLC,"Mansfield, MA",1,148762,458320,"Manager, Bi Analytics",35.9
"San Antonio Spurs, L.L.C.","San Antonio, TX",1,111000,711211,"Senior Manager, Data Operations",27.3
"Sanborn, Head & Associates, Inc.","Bedford, NH",1,78000,541620,Gis Analyst Ii,22.5
SANDSRX LLC,"Wylie, TX",1,56000,446110,Research Analyst,22.5
Sanford Research,"Sioux Falls, SD",1,,54171,Biostatistician,22.5
"Sanghi Consulting, Inc.","Albany, NY",1,115000,54199,Actuarial Data Scientist,28.2
"Sankrish Consulting, LLC.","Bloomington, MN",1,82000,541512,Data Engineer,22.5
"Sansys Technologies, Inc","Carrollton, TX",1,108000,511210,Sr. Machine Learning And Data Science Engineer,26.6
Santa Pamela LLC,"Miami, FL",1,101532,522299,Operations Research Analysts,25.1
"SANTHIGRAM KERALA AYURVEDIC CO. OF US, INC.","Edison, NJ",1,,812199,Market Research Analyst,22.5
Sapatla Software Inc,"Jacksonville,, FL",1,78042,541511,Business Analyst,22.5
Sapient Logistics Inc.,"Brooklyn, NY",1,82800,484121,Machine Learning Engineer,22.5
SAPMOUNT TECHNOLOGIES INC,"Farmers Branch, TX",1,81328,541511,Software Quality Analyst,22.5
"SAPPHIRE INFORMATICS, LLC.","Austin, TX",1,150000,541511,Sr.Data Engineer,36.1
Sapphire Pharma Inc.,"Piscataway, NJ",1,83000,54199,Clinical Research Associate,22.5
Saralux LLC,"New York, NY",1,130000,541512,Computer Systems Analyst,31.6
Sarasota County Government,"Sarasota, FL",1,,921120,Systems Analyst Iii,22.5
Sarga Solutions Inc.,"Herndon, VA",1,109262,541511,Software Engineer / Business Intelligence Developer,26.9
SARKIT INC.,"Omaha, NE",1,,541519,Sr. Clinical Sas Programmer/Analyst,22.5
SAROJ & MANJU INVESTMENTS LLC,"Great Falls, VA",1,96096,722511,Business Analyst,23.9
"Sarojini Bose MD., PA","Mcallen, TX",1,68600,6213,Data Science And Systems Engineer,22.5
Satellite Chemical USA Corp.,"Houston, TX",1,81245,4247,Business Intelligence Analyst,22.5
"Satlantis, LLC","Gainesville, FL",1,60000,541990,Data Scientist,22.5
Satori Labs Inc,"Sugar Land, TX",1,150000,5239,Data Science Engineer,36.1
"Satterfield & Pontikes Construction, Inc.","Houston, TX",1,70886,236220,Data Scientist,22.5
Saturn V Capital Management LLC,"Austin, TX",1,170000,523940,Biotechnology Equity Analyst – Public Long/Short,40.7
Satva Group Inc,"Alpharetta, GA",1,93933,541511,Data Engineer,23.4
SAVANNAH CHATHAM COUNTY PUBLIC SCHOOL SYSTEM,"Savannah, GA",1,69366,6111,Business Analyst,22.5
SAVIENCE TECHNOLOGIES INC,"Dallas, TX",1,91562,541511,Computer System Analyst,22.9
Savio Group Inc,"Hockessin, DE",1,72000,541611,Statistical Programming Analyst,22.5
"Savvi AI, Inc.","Chicago, IL",1,82368,518210,Ai And Machine Learning Quality Assurance Analyst,22.5
SAVVI Financial LLC,"Waltham, MA",1,125000,523940,Data Scientist,30.5
Savvy International Group Inc,"Schaumburg, IL",1,,541511,Lead Business Analyst,22.5
"Savvy Wealth, Inc.","New York, NY",1,215000,523940,Senior Data Engineer,47.5
SAWN CAPITAL LLC,"Austin, TX",1,85500,5415,Sr Busniess Analyst,22.5
SAYAGYI GROUP INC,"Ashburn, VA",1,84094,541511,Sailpoint Identityiq Developer/ Analyst,22.5
"SAYARI LABS, INC.","Washington, DC",1,123000,54199,Data Engineer,30.0
SBA Acquisition Group,"Franklin Park, IL",1,77910,335313,Business Analyst,22.5
"SBE RESTAURANT GROUP, LLC","Coconut Grove, FL",1,100000,722511,Management Business Analyst,24.8
SBoT Inc.,"Columbia, SC",1,,713990,Analyst,22.5
SCA Promotions Inc.,"Dallas, TX",1,55000,541613,Market Research Analyst,22.5
Scale Marketing LLC,"Chicago, IL",1,100000,541613,Marketing Data Scientist,24.8
Scaleneworks People Solutions Inc.,"Plano, TX",1,75000,5419,Information Security Analyst,22.5
"Scalesology, LLC","Chicago, IL",1,75000,541511,Data Scientist,22.5
Scents Corporation,"Dallas, TX",1,73154,423990,Business Intelligence Analyst,22.5
"Scepter Technologies, Inc","Columbia, MD",1,111363,541511,Qa Analyst,27.4
"SCH Services, Inc dba SullivanCotter, Inc.","Minneapolis, MN",1,183546,541612,Data Scientist - Lead,43.8
"SCH Services, Inc.","Minneapolis, MN",1,183546,541612,Data Scientist - Lead,43.8
"Schaffer Management Services, Inc","Franklin Lakes, NJ",1,,2362,It Data Analyst,22.5
SCHEER RX INC.,"Bronx, NY",1,89586,456110,Database Administrator,22.5
Schenectady City School District,"Schenectady, NY",1,65140,611110,Data Analyst,22.5
"SCHNEIDER ELECTRIC SMART GRID SOLUTIONS, LLC","Boston, MA",1,127868,541512,Data Integration Lead,31.1
"Schneider National Carriers, Inc.","Green Bay, WI",1,121035,48412,Data Scientist Sr.,29.6
Scholist App Inc.,"Dallas, TX",1,,611710,Product Data Engineer,22.5
Schulze Container NO 2 L.P.,"Rosenberg, TX",1,62660,493190,Marketing And Business Development Analyst,22.5
"Schupan & Sons, Inc.","Kalamazoo, MI",1,160000,4235,Data Engineer,38.4
"SCI Financial Services, Inc.","Houston, TX",1,77376,81221,Software Qa Analyst Ii,22.5
SCIEGEN PHARMACEUTICALS INC.,"Hauppauge, NY",1,65500,325412,Database Administrator,22.5
Sciemo Inc.,"New York, NY",1,150000,541715,Data Scientist,36.1
Scope Consulting Inc,"Duluth, GA",1,73000,541511,Database Engineer,22.5
SCOR Reinsurance Company,"New York, NY",1,124200,52413,Senior Analyst – Data Analytics Na,30.3
Scott & White Hospital Round Rock,"Round Rock, TX",1,60304,622110,Database Report Analyst 1,22.5
"ScottMadden, Inc.","Raleigh, NC",1,85000,5416,Ai And Data Science Analyst,22.5
"Scoville Risk Partners, LLC","Princeton, NJ",1,90000,518210,Associate Of Software Development And Data Science,22.5
Scrap King Metro & Iron inc,"Ridgewood, NY",1,67850,423930,Operations Research Analyst,22.5
"Screen-It Graphics of Lawrence, Inc.","Lawrence, KS",1,65000,3231,Business Intelligence Analyst,22.5
"Scribe Opco, Inc.","Clearwater, FL",1,85613,32223,Oracle Ebs Business Analyst – O2C,22.5
Scrill's Services LLC,"Riverview, FL",1,63500,238990,Digital Marketing Specialist & Sales Analyst,22.5
SCUBE SOFT SOLUTIONS LLC,"Flower Mound, TX",1,85600,541511,Azure Data Engineer,22.5
"SCVNGR, Inc.","Chicago, IL",1,174500,541890,Data Scientist,41.7
ScytÃ¡les Inc.,"Boston, MA",1,83000,541511,Business Intelligence Analyst,22.5
"SDI, Inc.","Jacksonville, FL",1,75000,561210,Business Intelligence Analyst,22.5
SEAD CONSULTANTS INC,"Jamaica, NY",1,,54133,Business Development Analyst,22.5
"Sealink International, Inc.","Allen, TX",1,,488510,Supply Chain Analyst I,22.5
"SEAM Group, LLC","Beachwood, OH",1,48381,811310,Business Analyst – Accounts Receivable,22.5
Seaman Corporation,"Wooster, OH",1,138659,314999,Senior Oracle Functional Analyst,33.6
"Searles Valley Minerals, Inc.","Overland Park, KS",1,62171,21239,Erp Analyst 1,22.5
Seated Technologies Inc.,"New York, NY",1,160000,561599,"Associate Director, Analytics And Product",38.4
Second Nature Brands Inc.,"Raleigh, NC",1,110000,812990,Senior Data Analyst,27.0
SECUREAPP TECHNOLOGIES,"Edison, NJ",1,90002,541511,Vulnerability Analyst,22.5
"Securian Financial Group, Inc.","Saint Paul, MN",1,92616,524113,Infrastructure Senior Analyst,23.1
"Sedara, LLC","Buffalo, NY",1,61900,561621,Digital Marketing Analyst,22.5
Seema Donuts,"Paramus, NJ",1,74000,722513,Management Analyst,22.5
SEENMAX BUSINESS SOLUTIONS LLC,"Tampa, FL",1,97594,541511,Systems Analyst In Iot,24.2
SeeU International Inc.,"Lawrenceville, GA",1,70000,611710,Operations Research Analyst,22.5
"Segra Software Solutions, Inc.","Bentonville, AR",1,108306,541511,Business Intelligence Analyst,26.7
"Sejong Alabama, LLC","Fort Deposit, AL",1,46862,3363,Management Analyst,22.5
"Seksun Texas, Inc.","Irving, TX",1,64000,336370,Supply Chain Analyst,22.5
"SELECT COMPUTING, INC.","Minneapolis, MN",1,95778,541511,Database Configuration Specialist,23.8
"Select Stone, Inc.","North Billerica, MA",1,99091,327991,It Systems Analyst,24.6
Selected Vendors Inc.,"Norcross, GA",1,,238350,Database Administrator,22.5
SELECTIONS DE LA VINA LLC,"Miami, FL",1,62000,424820,Market Research Analyst,22.5
"SelectQuote Insurance Services, Inc.","Overland Park, KS",1,100786,524210,Operations Analyst Ii,25.0
"Self Financial, Inc.","Austin, TX",1,125580,52239,Senior Data Engineer,30.6
"Selfhelp Realty Group, Inc.","New York, NY",1,75733,624190,Real Estate Management Analyst,22.5
"SellUp, Inc.","New York, NY",1,65000,541910,Strategy Analyst,22.5
"SEMBLY AI, INC.","New York, NY",1,108000,541511,Management Analyst,26.6
SemiAnalysis LLC,"New York, NY",1,250000,541690,Ai Engineer,47.5
Semrush Inc.,"Boston, MA",1,119160,541810,Revenue Data Engineer,29.1
"Sense Labs, Inc.","Cambridge, MA",1,120750,541380,Lead Business Analyst,29.5
Sensient Technologies Corporation,"Milwaukee, WI",1,120000,3119,Bi Application Developer,29.3
Sentix Labs Inc,"Atlanta, GA",1,,541511,Data Scientist,22.5
"Senzu Cloud, LLC.","Atlanta, GA",1,160000,541512,Senior Data Engineer,38.4
Seoul Shik Poom Inc.,"Englewood, NJ",1,,424410,Market Analyst,22.5
SEOYON AMERICA CORPORATION,"Teaneck, NJ",1,60000,4231,Market Research Analyst,22.5
"Sequretek, Inc.","Little Rock, AR",1,88000,541519,Field Data Scientist And Ai Researcher,22.5
SERC Reliability Corp,"Charlotte, NC",1,122692,813910,Database Administrator,29.9
"Serena Wholesale, Inc.","Macon, GA",1,60694,42449,Data Analyst,22.5
Serene Powers Real Estate LLC,"Long Island City, NY",1,,531210,Real Estate Analyst,22.5
Serenity Plus Group LLC,"Dallas, TX",1,92100,551114,Data Analyst,23.0
"Serverless Solutions, LLC","Houston, TX",1,110000,541511,Data Engineer,27.0
"Service Experts, LLC","Richardson, TX",1,115000,238220,Senior Business Intelligence Analyst,28.2
"Service First Insurance Group, LLC","Jacksonville, FL",1,81000,5242,Data Analyst,22.5
"Servient, Inc.","Houston, TX",1,95000,5132,Ai Development Engineer,23.6
"Servientrega International, Inc.","Doral, FL",1,87100,488510,"Operations Research Analyst (Export, International Shipping",22.5
"SES Americom, Inc.","Manassas, VA",1,128961,517410,"Analyst, Integration Services And Automation",31.4
Sesame Workshop,"New York, NY",1,160000,512110,"Senior Director, Data Science, Data Strategy & Analytics",38.4
SESI CORPORATE LLC,"Houston, TX",1,126589,213112,Erp Technical Analyst Iii,30.8
SESI Global LLC,"Houston, TX",1,126589,213112,Erp Technical Analyst Iii,30.8
"Set Forth, Inc","Schaumburg, IL",1,105000,334610,Data Analyst,25.9
SETEX Construction Corp,"Beaumont, TX",1,53040,236220,Operations Reasearch Analyst,22.5
"Setra Systems, Inc.","Boxborough, MA",1,142000,334513,Jde Developer And Analyst,34.3
"Seven AI, Inc.","Boston, MA",1,230000,541511,Machine Learning Engineer,47.5
Seven Bridges Genomics Inc.,"Boston, MA",1,115544,518210,Senior Market Development And Data Analyst,28.3
Seven Eight Capital LP,"New York, NY",1,125000,52399,Quantitative Research Associate,30.5
"Seven Seven Softwares, Inc.","Rockaway, NJ",1,85000,541511,Business Systems Analyst,22.5
Seven-Teahouse LLC,"Leesburg, VA",1,,722515,Business Intelligence Analyst,22.5
Seventhgeneration Technologies LLC,"Argyle, TX",1,92040,541511,Data Analyst,23.0
"SEVENTYNINE SOLUTIONS, INC.","Houston, TX",1,110000,541519,Sr. Database Administrator,27.0
"SFC Global Supply Chain, Inc.","Marshall, MN",1,76544,31141,Operations Research Analyst (Mp),22.5
SFME Surgical Supply Inc.,"Waterbury, CT",1,64314,423450,Dme Operations Analyst,22.5
SGM Metals Corp.,"Hialeah, FL",1,98405,423510,Management Analyst,24.4
"Shade Structures, Inc.","Dfw Airport, TX",1,105000,332999,Erp Programmer Analyst,25.9
"Shades Unlimited, Inc.","Knoxville, TN",1,91800,337920,Business Intelligence Analyst,22.9
"Shah Diamonds, Inc.","New York, NY",1,100000,423940,Marketing Analyst,24.8
"Shah Medical Associates, LLC","Sycamore, IL",1,,621111,Management Analyst,22.5
Shahani Inc.,"Branford, CT",1,60000,531312,Facilities Technology & Systems Analyst,22.5
Shalimar Fine Jewelers LLC,"Tampa, FL",1,57845,423940,Business Administrative Analyst,22.5
Shamrock Evergreen LLC,"Nashville, TN",1,,442110,Business Analyst,22.5
SHAN DISTRIBUTION NETWORK INC.,"Carol Stream, IL",1,64200,4244,Supply Chain Analyst,22.5
SHANG HAI RAVIOLI CORPORATION,"Boston, MA",1,,31141,Business Intelligence Analyst,22.5
Shanghai Zhangjiang Boston Enterprise Park Inc,"Marlborough, MA",1,,531120,Marketing Analyst,22.5
"Shannon Gates, Inc.","Deer Park, NY",1,,3329,Data Analyst,22.5
Shaped.AI Inc.,"Brooklyn, NY",1,100000,5132,Machine Learning Engineer,24.8
sharda inc,"Schaumburg, IL",1,,423940,Management Analyst,22.5
"Sharp Clinical Services, Inc.","Bethlehem, PA",1,130000,32541,Sap Analyst,31.6
SHARP INTERFACES INC.,"Willowbrook, IL",1,82742,541511,Database Administrator,22.5
Sharp Tax & Accounting Services Inc,"Arlington, VA",1,70000,541213,Database Administrator,22.5
Shcalo Group Corporation,"Novi, MI",1,70000,541614,Logistics Analyst,22.5
SheerTrans Solutions LLC,"Chesterfield, MO",1,175000,4885,"Senior Director, Data Strategy",41.8
SHEETAL GROUP USA INC.,"New York, NY",1,,423940,Business Consultant/Analyst,22.5
Shelby County Health Care Corporation,"Memphis, TN",1,77126,622110,Senior Business Analyst,22.5
Shelby County Schools,"Memphis, TN",1,83232,611110,Senior Hr Data Analyst,22.5
ShelterLogic Corp.,"Watertown, CT",1,57000,314910,Marketing Data Analyst,22.5
"SHEPHERD THERAPEUTICS, LLC","Boston, MA",1,104500,54171,Computational Scientist,25.8
"Sherpa Construction Consulting, LLC","Woodside, NY",1,70000,54169,Market Research Analyst,22.5
Shever Inc.,"Brooklyn, NY",1,,458110,Marketing Analyst,22.5
Shifaan Broadway LLC,"Tyler, TX",1,48000,457110,Data Scientist - Retail & Pricing Analytics,22.5
Shift Technology Inc,"Boston, MA",1,223600,524298,Head Of Data Science North America (00074412),47.5
SHINE STONE USA INC.,"New York, NY",1,,423940,Business Analyst,22.5
Shinebright USA Inc,"New York, NY",1,,423940,E-Commerce Analyst,22.5
"ShipBob, Inc.","Chicago, IL",1,194275,541614,"Director, Pricing And Transportation Analytics",46.2
Shiplement LLC,"Sturtevant, WI",1,,493110,Operations Marketing Analyst,22.5
"ShipTracks, LLC","Dover, DE",1,134500,541511,Data Scientist,32.6
"Shir Capital, LLC","Austin, TX",1,92997,531390,Operations Research Analyst,23.2
Shiv Hari RX Inc.,"Bronx, NY",1,70000,456110,Database Administrator,22.5
Shiv Software Experts LLC,"Herndon, VA",1,85592,541511,Etl/Data Integration Engineer,22.5
SHIVA SHIVA BAINBRIDGE INC,"Bainbridge, GA",1,76000,721110,Business Analyst,22.5
"Shively Brothers, Inc.","Flint, MI",1,87789,423830,Business Intelligence Developer,22.5
ShiVin Technology LLC,"Mclean, VA",1,120000,541511,Sap Analytics Cloud - Systems Analyst,29.3
SHL Medical LLC,"North Charleston, SC",1,125000,339112,Senior Sap Business Analyst,30.5
"Shook, Hardy, & Bacon L.L.P.","Kansas City, MO",1,79933,541110,Financial Reporting Analyst,22.5
SHOP PO LLC,"Boston, MA",1,160000,812990,Principal Data Engineer,38.4
Shopicue LLC,"Okemos, MI",1,43000,541613,Market Research Analyst,22.5
ShopperTrak RCT Corporation,"Chicago, IL",1,102690,541611,Data Engineer,25.4
SHREE SIDDHIVINAYAK INC,"Irving, TX",1,,541519,Machine Learning Engineer,22.5
SHRETECH INC,"Frisco, TX",1,85426,541511,Power Bi Developer /Software Developer,22.5
Shreveport Charter School Inc.,"Shreveport, LA",1,60150,611110,Data & Accountability/I.T. Specialist,22.5
Shubh Solutions LLC,"Austin, TX",1,136885,54151,Sr. Data Scientist,33.2
"Shypyard, Inc","New York City, NY",1,,513210,Computer Systems Analyst,22.5
Sibel Health Inc.,"Chicago, IL",1,125000,3345,Senior Data Scientist,30.5
Sibylline Americas Inc.,"New York, NY",1,104006,51929,Embedded Business Intelligence Analyst,25.7
"SIC Technology Group, Inc.","Bedford, NH",1,160000,518210,Ai Reasoning Research Engineer,38.4
Sidhu Petroleum Corp,"New Jersey, NJ",1,,518210,Data Analyst,22.5
"Sievo, Inc.","Chicago, IL",1,85000,513210,Data Engineer,22.5
"SIG Combibloc, Inc.","Northlake, IL",1,88182,32223,Sr. Supply Chain Analyst,22.5
SIGMA SCI-TECH LLC,"Germantown, WI",1,85342,541511,Computer Systems Analyst,22.5
Sign-Speak Inc.,"Rochester, NY",1,125000,513210,Machine Learning Engineer,30.5
"Signature Commercial Solutions, LLC dba Dexian Signature Consultants","Mclean, VA",1,130000,541511,Cloud Data Engineer,31.6
Signature Flight Support LLC,"Orlando, FL",1,110000,488119,"Analyst, Hr Systems & Data - Kronos",27.0
Signiant LLC,"Lexington, MA",1,95000,516210,Data Engineer Ii,23.6
Significant Tek Inc,"Leander, TX",1,77293,541511,Oracle Cloud Functional Analyst,22.5
"Siker Technologies, LLC","Apex, NC",1,92914,5416,Clinical Data Manager,23.2
Silgan Containers LLC,"Oconomowoc, WI",1,120000,332431,Data Architect,29.3
Silgan Plastics LLC,"Chesterfield, MO",1,82290,32619,Supply Chain Analyst,22.5
"SILICON STAFF IT SERVICES, INC.","Princeton, NJ",1,126480,541511,Senior Systems Quality Assurance Analyst,30.8
"Silicon, Inc.","Plano, TX",1,67995,541511,Business Intelligence Analyst,22.5
SILK SENSATION INC.,"Edison, NJ",1,80600,424330,Market Research Analyst,22.5
"Silver Hill Energy Operating, LLC","Dallas, TX",1,90000,211130,Data Engineer,22.5
"Silver Lake Technology Management, LLC","New York, NY",1,160000,5239,"Manager, Portfolio Analytics",38.4
Silver Oak Technologies LLC,"Summit, NJ",1,70000,541512,Biomedical Logistics And Data Analyst,22.5
SILVERSPACE  INC,"Greensboro, NC",1,114400,561320,Business Analyst,28.0
SIM NY CORP.,"New York, NY",1,70000,423940,Inventory Analyst,22.5
Simarn LLC,"Irving, TX",1,96000,541512,Systems Analyst,23.9
Simcab Technologies Inc,"Niles, IL",1,90667,541511,System Analyst,22.7
"Simetric, Inc.","Alpharetta, GA",1,75240,54151,Data Scientist,22.5
SIMFONI USA INC.,"Chicago, IL",1,90000,511210,Analyst,22.5
SIMON DIAMONDS INC.,"New York, NY",1,,423940,Marketing Analyst,22.5
Simons Foundation,"New York, NY",1,99910,5417,Research Data Analyst,24.8
SIMPLESOLVE INC.,"Pennington, NJ",1,110400,541511,Implementation Analyst,27.1
Simplifi Holdings LLC,"Fort Worth, TX",1,135000,51321,Data Engineer,32.7
Simply Robots Inc.,"New York, NY",1,150000,518210,Founding Research Engineer,36.1
SimSpace Corporation,"Boston, MA",1,175500,5419,Senior Data Scientist Engineer 2,41.9
"Simulmedia, Inc.","New York, NY",1,180000,541910,Lead Data Engineer,43.0
"SINCLAIR TELEVISION GROUP, INC.","Cockeysville, MD",1,122100,515120,Oracle Technical Analyst,29.8
Sincoheren Inc,"Cleveland, TX",1,65000,423690,Project Optimization Analyst,22.5
"Sine Trading International, LLC","Pittsburgh, PA",1,88000,541614,Logistics Analyst,22.5
Sineng Electric Inc,"Houston, TX",1,34737,221114,Marketing Research Analyst,22.5
SINFOTECH LLC,"Morgantown, WV",1,70866,541511,Data Scientist,22.5
"Singh Trading Company, Inc.","Laurel, MD",1,84000,424410,Market Research Analyst,22.5
"Single Source Security, LLC","Norwalk, CT",1,110000,541512,"Senior Business And Data Analyst, Data Intelligence",27.0
Singularity Future Technology Ltd.,"Great Neck, NY",1,103709,488310,Management Analyst,25.6
sinoboom North America LLC,"Houston, TX",1,81245,42383,Business Intelligence Analyst,22.5
SINOELITE CORP,"Syosset, NY",1,,4239,Database Administrator,22.5
"Sinomax East, Inc.","La Vergne, TN",1,71094,33791,Materials Management Analyst,22.5
Sintan Solutions Inc.,"Whitehouse Station, NJ",1,67000,541511,"Database Administrator, Customer Support",22.5
Sioux Falls School District 49-5,"Sioux Falls, SD",1,101295,611110,Data Engineer,25.1
SIP.US LLC,"Alpharetta, GA",1,81000,517121,Computer Systems Analyst,22.5
"Siri Data Analytics, LLC.","Frisco, TX",1,60000,541511,Data Engineer,22.5
SIRI HEIGHTS LLC,"Marlboro, NJ",1,80850,541511,Business Intelligence Analysts,22.5
Siristek Inc,"Farmers Branch, TX",1,,449210,Business Analyst,22.5
Sirrus Software Services Inc,"Tampa, FL",1,68890,541511,Business Analyst,22.5
"SIS International Research, Inc.","New York, NY",1,67850,541613,Business Optimization Analyst,22.5
SITA CORP,"Somerset, NJ",1,151819,541511,Business Analyst,36.5
SiteRx Inc.,"New York, NY",1,142200,51121,Data Engineer Manager,34.4
"Six Consulting, Inc","Johns Creek, GA",1,101962,541512,Business Analyst,25.2
Six Continents Hotels Inc.,"Atlanta, GA",1,128378,721110,Manager Analytics,31.2
Siyatech Consulting Inc,"San Antonio, TX",1,99965,541511,Programmer Analyst,24.8
SJ Consulting Group Inc.,"Warrendale, PA",1,58800,541614,Data Administrator,22.5
"SJA, Inc.","Dadeville, AL",1,64000,3363,Purchasing Data Analyst,22.5
"SJH Engineering, PC","Princeton, NJ",1,,541330,Business Analytics Associate,22.5
SK Diamonds LLC,"Brandon, FL",1,,339910,Business Analyst,22.5
"SK Stones BB, LLC.","Boynton Beach, FL",1,,444190,Database Architect,22.5
"SKAPS Solutions, Inc.","Princeton, NJ",1,90000,541511,Business Analyst,22.5
SKF USA Inc.,"Blue Bell, PA",1,113500,332991,Senior Business Intelligence Developer,27.8
Skilalogy Inc.,"Leesburg, VA",1,102600,541511,Data Engineer,25.4
Skill Inventions Inc,"Fresh Meadows, NY",1,109283,541519,Phyton Developer / Ai-Ml Engineer,26.9
SKILL-TEK INC.,"Dallas, TX",1,86923,541511,Quality Analyst And Tester,22.5
SKILLSTRAT LLC,"Charlotte, NC",1,,541511,Lead Data Engineer,22.5
"SkinCure Oncology, LLC","Chicago, IL",1,75500,621111,Healthcare Data Analyst,22.5
"Skulicity, LLC","North Augusta, SC",1,115000,518210,Data Engineer,28.2
Sky Brand Wood Products Inc.,"Katy, TX",1,57450,423990,Market Research Analyst,22.5
SKY PARTNERS LLC,"Houston, TX",1,75067,541511,Business Analyst,22.5
SkyCreek Corporation,"Herndon, VA",1,81910,541511,Automation Qa Analyst,22.5
Skyla Federal Credit Union,"Charlotte, NC",1,108805,522130,Data Engineer,26.8
Skyline Cabinetry Inc,"Farmers Branch, TX",1,68000,423210,Business Analyst,22.5
SKYLITE LLC,"Princeton, NJ",1,111966,541511,Data Engineer,27.5
SkyNess Studios LLC,"Brookline, MA",1,115000,51621,Data Scientist,28.2
SKYRIM TRADING LLP,"Nashua, NH",1,63398,458310,Business Intelligence Analyst,22.5
"Skysoft, Inc.","Falls Church, VA",1,104000,541511,Business Systems Analyst,25.7
"Skyway Tech Systems, LLC","Reston, VA",1,91000,541690,Business Analyst/ Project Analyst 2,22.7
SkyX Group Inc,"Brooklyn, NY",1,100000,33911,Head Of Engineering (Operations Research Analyst),24.8
SLCC Enterprise Inc.,"Farmers Branch, TX",1,67200,423310,Market Research Analyst,22.5
Slesha Software Solutions Inc,"Carrollton, TX",1,84094,541511,Data Engineer,22.5
"Slide Insurance Holdings, Inc.","Tampa, FL",1,105000,524126,Senior Ipx Quality Analyst,25.9
"Slingwave, Inc.","Minneapolis, MN",1,63750,541511,Data And Insight Analyst,22.5
SLPM IT SOLUTIONS INC,"Dallas, TX",1,92040,541511,Software Engineer/Data Engineer,23.0
"Smart Choice, Inc.","Crofton, MD",1,44741,561720,Market Research Analyst,22.5
SMART GLADIATOR LLC,"Atlanta, GA",1,67200,33411,"Solutions Analyst, Product Support Consultant",22.5
Smart Local Union No. 28,"New York, NY",1,73858,23822,Data Analyst,22.5
"Smart Meter, LLC","Tampa, FL",1,90000,3399,Data Engineer,22.5
Smart Power Systems Inc.,"Nottingham, MD",1,,335312,Sql Database Architect,22.5
SMART PRISM SOLUTIONS INC,"Worthington, OH",1,84635,541511,Data Engineer,22.5
Smart Solutions CPA Inc,"Chicago, IL",1,100714,541211,It Systems Analyst,24.9
Smart Solutions Inc.,"Golden Valley, MN",1,86008,541511,Computer Systems Analyst,22.5
SMART TECH CONSULTING INC,"Lombard, IL",1,90667,541511,Clinical Informatics Analyst,22.7
"Smart Techlink Solutions, Inc","Rolling Meadows, IL",1,,541511,Business Analyst,22.5
"Smarte Carte, Inc.","St. Paul, MN",1,105000,337215,Senior Business Intelligence Developer Analyst,25.9
SMARTEC FINANCE & LEASING CORPORATION,"Houston, TX",1,60500,522291,Business Analyst-Financial Services,22.5
Smartley Tech LLC,"Carmel, IN",1,61000,541511,Market Research Analyst,22.5
"SmartLight Analytics, LLC.","Plano, TX",1,110000,524298,Data Scientist - I,27.0
SMARTMATHZ LLC,"Richmond Hill, NY",1,105000,611430,Business Intelligence Analyst,25.9
SMARTNTALENTEDGROUP INC,"Pembroke Pines, FL",1,52000,5416,Software Functional Analyst,22.5
SmartUQ LLC,"Madison, WI",1,105000,541511,Product Manager And Senior Data Scientist,25.9
Smaya Technologies LLC,"Attleboro, MA",1,72000,541519,Cloud Data Engineer/ Big Data Engineer,22.5
"SMB Shared Services, Inc. (Sallie Mae)","Newark, DE",1,105000,522291,"Manager, Business Analysis (Communication Analytics)",25.9
SMG HUNTER LLC,"Schaumburg, IL",1,71594,3332,Data Engineer,22.5
SMOKEETOWN WHOLESALE LLC,"Dallas, TX",1,68500,425120,Business Analyst,22.5
"SMS Assist, LLC","Chicago, IL",1,175154,561210,Data Scientist Manager,41.9
SMS group Inc.,"Pittsburgh, PA",1,80000,333519,Data Scientist I,22.5
SMS Home Health LLC,"Houston, TX",1,,621610,Healthcare Data Analyst,22.5
"Smurfit Kappa Packaging, LLC","Plantation, FL",1,80000,322211,Supply Chain Analyst Engineer,22.5
SNA TECH SOLUTIONS LLC.,"Pewaukee, WI",1,73528,541511,Data Analyst,22.5
Snailkey Inc.,"Front Royal, VA",1,82680,53139,Ai Engineer,22.5
Snappy App Inc.,"New York, NY",1,160000,513210,Executive Strategy Analyst,38.4
SNAPS Holding Company,"Fargo, ND",1,66082,561110,Data Analyst,22.5
Snow Ball Rental Inc,"Jersey City, NJ",1,,532111,Data Analyst,22.5
SNRC Inc.,"Garden City, NY",1,124000,5613,Data Engineer,30.2
SNS COMMUNICATIONS INC,"Long Island City, NY",1,104125,541511,Business Analyst,25.7
Sobha LLC,"Plano, TX",1,59821,237210,Sr Analyst Research And Strategy,22.5
Social Pinpoint Inc.,"Newark, DE",1,85299,541511,Market Research Analyst,22.5
"Social Standards, Inc.","Philadelphia, PA",1,130000,541910,Data Analyst,31.6
Societe Air France,"New York, NY",1,55000,481111,Flight Analyst,22.5
Society for Vascular Surgery,"Rosemont, IL",1,166800,813920,Director Of Analytics,40.0
SofiaGrey LLC,"Stamford, CT",1,80850,541611,Data Scientist,22.5
SOFIDEL AMERICA CORP.,"Horsham, PA",1,80730,4241,Automatic Warehouse Process Engineer,22.5
SOFT CYGNUS LLC,"Houston, TX",1,48381,54199,Business Analyst,22.5
Soft Labs NA Inc,"Northborough, MA",1,115000,541511,Senior Programmer Analyst,28.2
SOFT SNIPPETS INC,"Alpharetta, GA",1,92000,541511,Business Analyst,23.0
"SOFTCOM, INC.","Centreville, VA",1,79186,54151,Business Analyst,22.5
"Softility, Inc.","Herndon, VA",1,110000,541512,Senior Analyst,27.0
SOFTLAND SOLUTIONS LLC,"Princeton, NJ",1,,541511,Qa Analyst,22.5
Softlogan Technologies Inc,"Little Elm, TX",1,94000,541511,Sr Bi Analyst,23.4
SOFTOVA INC,"Piscataway, NJ",1,98925,541511,Systems Analyst,24.5
"SOFTSERVE, INC","Fort Myers, FL",1,86362,541511,Data Science Engineer,22.5
"SOFTSOLV, INC","Novi, MI",1,66102,54151,Data Engineer,22.5
SOFTTECH SOURCE LLC,"Houston, TX",1,,541511,Data Scientist,22.5
"SOFTVERSAL, INC.","Windsor Heights, IA",1,118080,541511,Data Engineer,28.9
"Software AG USA, Inc.","Reston, VA",1,150000,541511,Data Engineer,36.1
Software Art Inc.,"New Hyde Park, NY",1,93000,541511,Database Administrator,23.2
Software Associates Inc,"North Potomac, MD",1,105000,541512,It Analyst,25.9
Software Catalysts LLC,"Reston, VA",1,135200,5416,Senior Business Analyst,32.8
SOFTWARE CONSULTANTS INC,"Reston, VA",1,91900,541511,Business Analyst.,22.9
SOFTWARE GENIUS INC,"Iselin, NJ",1,99000,5419,Quality Analyst,24.5
"SOFTWARE MERCHANT, INC.","Wayne, PA",1,124000,541511,Oracle Ebs Developer/Analyst,30.2
"SOFTWARE PROGRAMMING GROUP, LLC.","Piscataway, NJ",1,91000,541511,Quality Analyst,22.7
Softworks Inc,"New York, NY",1,,541512,Crime Data Analyst,22.5
"Sol Systems, LLC","Washington, DC",1,68250,221114,Client Relations Analyst,22.5
"Solar Group, Inc.","Taylorsville, MS",1,48069,332439,Research Analyst,22.5
"Solar Informatics, Inc.","Eagan, MN",1,87228,5132,Data Analyst,22.5
SOLARSPACE TECHNOLOGY (US) LLC,"Salisbury, NC",1,130000,5419,Business Intelligence Analyst,31.6
Solect Energy Development LLC,"Hopkinton, MA",1,78686,221114,Senior Solar Platform Analyst - Salesforce,22.5
"Soliant Health, LLC","Peachtree Corners, GA",1,60528,621340,Data Engineer,22.5
Solid Trade LLC,"Garfield, NJ",1,87000,4239,Marketing Analyst,22.5
Solidcore Holdings LLC,"Arlington, VA",1,170000,713940,Senior Manager Of Strategy And Analytics,40.7
Solidic Labs Inc,"Austin, TX",1,240000,513210,Sr. Data Engineer,47.5
Solios Corp,"Jericho, NY",1,98200,541511,Data Scientist,24.4
"Solleys, Inc.","Orange, TX",1,58261,445131,Data Analyst,22.5
"Solstice Advanced Materials US, Inc.","Morris Plains, NJ",1,150000,54133,Advanced Data Analyst,36.1
"Solstice Health, Inc.","New York, NY",1,140000,541511,Lead Machine Learning Engineer,33.9
SoluStaff,"Erdenheim, PA",1,,541330,Information Security Project Manager/Analyst,22.5
SOLUTION IT Inc,"Wilmington, MA",1,85000,541512,Computer Systems Analyst,22.5
"Solution Tools Mold & Die, Inc.","El Paso, TX",1,73500,333514,Computer Systems Analyst,22.5
Solutions Delivery Inc,"Lancaster, PA",1,95004,54151,Programmer Analyst,23.6
Solvia Foundry LLC,"New York, NY",1,,541613,Market Research Analyst,22.5
"Solving IT International, Inc.","Chicago, IL",1,,541511,Quantitative Risk Management Consultant,22.5
Solvus Global LLC,"Worcester, MA",1,85400,541511,Machine Learning Engineer,22.5
Solytics Partners LLC,"Iselin, NJ",1,111966,541511,Senior Data Scientist,27.5
SOMBRA NEXUS LLC,"Dallas, TX",1,52125,-4849,Logistician - Systems Optimization Analyst,22.5
"SOMERSET WAREHOUSING PLUS, INC.","Somerset, NJ",1,56784,423990,Marketing Analyst,22.5
Sompriya Fine Spirits LLC,"Willowbrook, IL",1,84000,312140,Senior Market Research Analyst,22.5
SONG LAN RESTAURANT LLC,"Dublin, OH",1,,722511,Business Analyst,22.5
"Soni Technologies, LLC","Wakefield, MA",1,68640,541690,Operations Research Analyst,22.5
"Sonic Automotive, Inc.","Charlotte, NC",1,165000,441110,Manager Data Services,39.5
"Sonic Systems International, LLC","Houston, TX",1,42099,221113,Marketing Analyst,22.5
Soniva Dental,"San Antonio, TX",1,89000,62121,Business Analyst,22.5
SOO LLC,"Grayslake, IL",1,,339910,Market Research Analyst,22.5
Sophus Technology Inc.,"Ann Arbor, MI",1,67704,541511,Supply Chain Research Analyst,22.5
"SOPREMA, Inc.","Wadsworth, OH",1,60154,326299,Data Analyst,22.5
Sorella Labs Inc.,"New York, NY",1,200000,541511,Business Intelligence Analyst,47.5
Sortins Technologies Inc,"Malvern, PA",1,80475,541511,Qa Analyst Ii,22.5
"SORTPACK, INC.","Pompano Beach, FL",1,70000,42448,Supply Chain Analyst,22.5
"Soterya, Inc.","Charlestown, MA",1,120000,541715,Software Engineer/Machine Learning Engineer,29.3
Soumi Dining Inc,"Plano, TX",1,,722511,Database Administrator,22.5
SourceAmerica,"Vienna, VA",1,130000,5613,Senior Business Intelligence Representative,31.6
SOURCEITSOLUTIONS INC.,"Cranbury, NJ",1,82763,541511,Data Engineer,22.5
South Bend Empowerment Zone Inc.,"South Bend, IN",1,65000,61111,Data Analyst,22.5
South Carolina Commission for Minority Affairs,"Columbia, SC",1,55000,921110,Statistical And Research Analyst,22.5
South Carolina Department of Education,"Columbia, SC",1,74623,923110,Database Administrator Ii,22.5
South Carolina Education Lottery,"Columbia, SC",1,70000,713290,Qa Analyst Ii,22.5
South Carolina State University,"Orangeburg, SC",1,66768,611310,Salesforce Database Coordinator/Administrator,22.5
South Country Health Alliance,"Medford, MN",1,113818,524114,Business Intelligence Developer,27.9
"South Jersey Industries, Inc.","Folsom, NJ",1,136053,221210,Business Intelligence Analyst Iv,33.0
South Oxford Management LLC,"Dallas, TX",1,,561110,Business Data Analyst,22.5
"South Shore Mental Health Center, Inc.","Braintree, MA",1,64126,621420,Operations Research Analyst,22.5
"Southeast Healthcare, LLC","Marietta, GA",1,66622,62161,Operations Research Analyst,22.5
Southeast Missouri State University,"Cape Girardeau, MO",1,70000,611310,Data Engineer,22.5
Southeastern Louisiana Area Health Education Center Foundation,"Hammond, LA",1,65624,624190,Electronic Case Reporting Analyst,22.5
Southern Appliances LLC,"Arlington, TX",1,72000,4236,Data Analyst,22.5
Southern Arkansas University,"Magnolia, AR",1,41875,611310,Alumni Data Analyst,22.5
"Southern Graphic Systems, LLC","Louisville, KY",1,113845,541613,It Business Analyst 3,27.9
Southern Illinois Hospital Services,"Carbondale, IL",1,74526,622110,Accounting Senior Functional Analyst,22.5
Southern New Hampshire Health,"Nashua, NH",1,69680,622110,Accountable Care Organization Analyst,22.5
Southern New Hampshire Medical Center,"Nashua, NH",1,69680,621491,Accountable Care Organization Analyst,22.5
"Southern Star Central Gas Pipeline, Inc.","Owensboro, KY",1,62280,221210,Systems Analyst,22.5
Southland Development Authority,"Tinley Park, IL",1,65000,926110,Market Research Analyst,22.5
Southwestern Health Resources Clinically Integrated Network,"Farmers Branch, TX",1,92500,622110,Senior Revenue Analyst,23.1
"SOUTHWIRE COMPANY, LLC","Carrollton, GA",1,77501,332618,Domain Analyst Ii,22.5
"Sovereign Trade, Inc.","State College, PA",1,70000,311919,Business Operations Analyst,22.5
"Sovos Compliance, LLC","Wilmington, MA",1,69202,511210,Ps Operations Analyst Ii,22.5
"SOZO Logistics USA, LLC","Charleston, SC",1,66000,541614,Logistics Analyst,22.5
SP Plus Corporation,"Chicago, IL",1,80000,812930,Ml Data Engineer,22.5
SP Richards Company,"Atlanta, GA",1,73800,42342,Business Operations Analyst,22.5
Spa World Corporation,"Miami, FL",1,125000,332999,Senior Manager Analytics,30.5
Space Realty LLC,"Quincy, MA",1,54766,5313,Market Research Analyst,22.5
Spade Data Inc.,"New York City, NY",1,175000,522320,Senior Data Scientist,41.8
SPAR INFORMATION SYSTEMS LLC,"Plano, TX",1,81000,541512,Business Systems Analyst,22.5
Spark Life Solutions Inc.,"Plano, TX",1,,5416,Healthcare Information Analyst,22.5
Spark Polo LLC,"Norcross, GA",1,63150,31521,Market Research Analyst,22.5
"SparkCharge, Inc.","Somerville, MA",1,75000,335910,Business Analyst,22.5
SparkFX LLC,"Charlotte, NC",1,,541511,Software Engineer/Data Engineer,22.5
Spatial Laser Inc.,"Plano, TX",1,69500,518210,Data Analyst,22.5
"Specialty Advancement Network, LLC","Conshohocken, PA",1,82850,541614,Business Solutions Analyst I,22.5
Specialty PharmaSource LLC,"Denville, NJ",1,58000,54199,Market Research Analyst,22.5
"Specialty Program Group, LLC","Chicago, IL",1,164565,524210,"Vice President, Financial Analyst",39.4
"SpectrumVoIP, Inc.","Plano, TX",1,75000,517810,Data Scientist,22.5
Speed Data LLC,"Dallas, TX",1,81000,541611,Machine Learning Engineer,22.5
Spellman High Voltage Electronics Corporation,"Hauppauge, NY",1,116412,335311,Power Bi Analyst/Developer,28.5
"SpendMend, LLC","Grand Rapids, MI",1,82400,541219,Data Analyst,22.5
SPERITI SOLUTIONS LLC,"Irving, TX",1,98946,541511,Business Analyst,24.5
"SPHERE ANALYTICS, LLC (f/k/a Flagler Analytics, LLC)","Miami, FL",1,150000,531120,Director Of Research,36.1
Sphere Management Inc.,"Somerset, NJ",1,135782,541511,Business Intelligence Lead,32.9
SPHERE PARTNERS LLC,"Sunny Isles Beach, FL",1,85946,5416,Market Analyst,22.5
"Spherexx, LLC","Tulsa, OK",1,,54151,Full Stack Developer & Data Scientist,22.5
Spign LLC,"Noblesville, IN",1,60000,721110,Business Analyst,22.5
SPINE WELLNESS CHIROPRACTIC P.C.,"New York, NY",1,65000,621310,Market Research Analyst,22.5
Spinnaker LLC,"Boston, MA",1,74922,54161,Business Intelligence Analyst,22.5
"Spirax Sarco, Inc","Blythewood, SC",1,85000,3329,Business Intelligence Analyst,22.5
Spire Inc.,"St. Louis, MO",1,129224,22121,"Lead, Sourcing & Analytics",31.4
"Spirit Direct, L.L.C.","Grandview, MO",1,,423910,Management Analyst,22.5
SPM Oil & Gas,"Fort Worth, TX",1,116064,333132,Senior It Business Analyst,28.4
"SponsorUnited, Inc.","Stamford, CT",1,200000,54151,Senior Database Architect,47.5
Sporo Health Inc.,"Granbury, TX",1,63066,541715,Chief Executive Officer / Data Scientist,22.5
"Sport Clips, Inc.","Georgetown, TX",1,102000,812111,Machine Learning Analyst,25.2
Sportority Inc,"New York, NY",1,65166,513120,Data Scientist,22.5
"Spotnana Technology, Inc.","New York, NY",1,235000,51321,Senior Data Engineer,47.5
"SPR SOFTWARE SYSTEMS, LLC","The Colony, TX",1,80000,541519,Computer Systems Analyst,22.5
"Spresso, LLC","New York, NY",1,126000,541511,Lead Qa Analyst,30.7
SPREZZ NYC INC,"New York, NY",1,150000,523920,Management Analyst,36.1
Spring Cypress Group LLC,"Houston, TX",1,,541613,Market Research Analyst,22.5
"Spring EQ, LLC","Conshohocken, PA",1,85530,522292,Business/Quality Assurance Analyst,22.5
"Spring Forest Qigong  Company, Inc","Eden Prairie, MN",1,62546,621399,Statistician,22.5
Spring Glory International Inc.,"Flushing, NY",1,,54161,Business Intelligence Analyst,22.5
Spring Lighting Group Inc.,"Stafford, TX",1,65000,335110,Marketing Analyst,22.5
Spring Sun LLC,"Raleigh, NC",1,,541512,Business Intelligence Analyst,22.5
"Springboard Group, LLC","Norcross, GA",1,50000,5313,Market Research Analyst,22.5
Springbuk Inc.,"Indianapolis, IN",1,97000,541511,Senior Data Engineer,24.1
Springfield Clinic,"Springfield, IL",1,128137,6211,Senior Data Analyst - It,31.2
Springfield College,"Springfield, MA",1,51002,611310,International Sports Research Analyst,22.5
SpringPoint Technologies LLC,"Tulsa, OK",1,,5416,Data Warehouse Engineer,22.5
Sprint Byte Technologies LLC,"Leander, TX",1,,541512,Data Analyst,22.5
SPRY TECHNOLOGIES LLC,"Fulshear, TX",1,98000,541511,Workday Solutions Analyst,24.3
"SPX Cooling Tech, LLC","Overland Park, KS",1,123552,333415,Sap Productions And Scheduling Analyst - 024554.00,30.1
SPX Corporation,"Charlotte, NC",1,130519,333415,Sr. Business Analytics Developer,31.7
"SPX FLOW, Inc.","Charlotte, NC",1,138174,333914,Senior Tax System Analyst - 043961.000066,33.4
"Spy Pond Partners, LLC","Arlington, MA",1,105000,541618,Senior Analyst And Data Scientist,25.9
SQAIT INC.,"Farmers Branch, TX",1,108826,541511,Technical Analyst,26.8
"Squadron Data, Inc.","Overland Park, KS",1,135000,541512,Big Data Hadoop Developer (Software Developer),32.7
SR Corporate Solutions America Holding Corporation,"Armonk, NY",1,89877,524126,Lead Apm Data Operations,22.5
SR1,"Ridgeland, MS",1,60000,611710,Data Analyst & Technology Specialist,22.5
"SRA America, Inc.","New York, NY",1,,541512,Management Analyst,22.5
SREE INFOTECK LLC,"West Des Moines, IA",1,79186,541511,Business Analyst,22.5
SREELAN LLC,"Frisco, TX",1,85467,541511,Business Intelligence Analyst,22.5
SREYO LLC,"New York, NY",1,80000,541511,Management Analyst,22.5
Sri Ai Solutions Inc,"Schaumburg, IL",1,107000,541511,Data Engineer,26.4
Sri Data Technologies LLC,"Flower Mound, TX",1,87173,541511,Data Administrator,22.5
SRI KRISHNA JEWELLERS INC.,"Frisco, TX",1,68000,448310,Data Analyst,22.5
Srinix Tech LLC,"Tega Cay, SC",1,118102,541511,Systems Analyst “ Data Reporting/Processing,28.9
Sripen LLC,"Coconut Creek, FL",1,68682,541511,System Analyst,22.5
"SRISAI BIOPHARMACEUTICAL SOLUTIONS, LLC","Frederick, MD",1,120000,424210,Data Scientist,29.3
Srishti Innovative LLC,"Sterling, VA",1,132080,54151,Senior Data Scientist-Ai & Machine Learning,32.1
"SRISHTITEK, INC.","Cedar Park, TX",1,,541519,Database Administrator,22.5
"SRP TH Services, LLC","Dallas, TX",1,190000,541511,Senior Data Engineer,45.2
"SRR International, Inc.","Riviera Beach, FL",1,100000,541511,Management Analyst,24.8
SRS TECHNOLOGIES,"San Antonio, TX",1,75090,541511,Programmer Analyst,22.5
"SRS Web Solutions, Inc.","Ramsey, MN",1,77230,541511,Product Analyst,22.5
SS Business Services LLC,"Houston, TX",1,77000,541511,Ai & Ml Developer,22.5
SS MEDICAL PRODUCTS LLC,"North Bergen, NJ",1,75733,4234,Business Analyst,22.5
SS TECHNO HUB LLC,"Cumming, GA",1,112736,541511,Data Scientist,27.7
SS Technologies Inc,"The Colony, TX",1,105997,541511,Data Engineer,26.1
"SSAB Iowa, Inc.","Muscatine, IA",1,96558,331110,Data Scientist,24.0
"SSCP Management, Inc.","Dallas, TX",1,75000,55111,Financial Data Analyst,22.5
SSGC TECHNOLOGIES LLC.,"South Plainfield, NJ",1,86000,541511,Data Analyst,22.5
SSM Health Care Corporation,"St. Louis, MO",1,89877,622110,Data Scientist,22.5
SSRDA Groups Inc.,"Pensacola, FL",1,,45711,Market Research Analyst,22.5
ST Paper LLC,"Oconto Falls, WI",1,115500,322121,Senior Management Analyst,28.3
St. Coletta of Greater Washington,"Washington, DC",1,50523,6111,Market Research Analyst,22.5
St. David’s Center,"Minnetonka, MN",1,65665,624190,It Analyst,22.5
St. Francis Hospital & Heart Center,"Roslyn, NY",1,,621999,Research Coordinator,22.5
ST. JESUS PHARMACY CORP,"New York, NY",1,65333,446110,Database Administrator,22.5
ST. JOHNS COUNTY BOARD OF COUNTY COMMISSIONERS,"Saint Augustine, FL",1,81000,921120,Erp Systems Analyst,22.5
St. Michael’s Catholic Academy,"Flushing, NY",1,,611110,Data Analyst,22.5
ST. MORITZ SYSTEMS - ISTORE ESSEX LLC,"Englewood, NJ",1,66000,541519,Market Research Analyst,22.5
"St. Petersburg College, Board of Trustees","St. Petersburg, FL",1,71000,611310,Information Technology Analyst,22.5
St. Vincent Infirmary Medical Center,"Little Rock, AR",1,90000,62211,"Manager, Data Analytics, Population Health",22.5
Stable Rock Services LLC,"New York, NY",1,90100,541611,Operations Analyst,22.5
Stable USA Inc. dba Stable,"Chicago, IL",1,140000,52316,Data Scientist,33.9
"Stables Brand Management and Distribution, LLC","Brooklyn, NY",1,130000,541613,Market Research Analyst,31.6
Stadium Enterprises LLC,"New York, NY",1,91270,458210,"Senior Analyst, Omnichannel Ecommerce",22.8
Staffing Solutions Organization LLC,"Albany, NY",1,63398,561320,Healthcare Data Analyst,22.5
Staffx22 LLC,"Newark, DE",1,82185,541511,Bi Consultant,22.5
Stage One NY LLC,"Passaic, NJ",1,70000,5414,Market Research Analyst,22.5
Stainless Works Inc.,"Streetsboro, OH",1,70000,336390,Supply Chain Analyst,22.5
Stallion Technologies LLC,"Coralville, IA",1,71074,541511,Business Analyst,22.5
"Standout Graphics, Inc.","Indianapolis, IN",1,50814,3231,It Business Analyst,22.5
STAR BITES LLC,"Houston, TX",1,76000,4411,Operations Research Analyst,22.5
Star EV Corporation,"Simpsonville, SC",1,,336999,Logistics Analyst,22.5
Star Light Management Group LLC,"New Port Richey, FL",1,60528,5242,Business & Data Analyst,22.5
Star Ride Kids Inc,"New York, NY",1,73600,315990,Business Analyst,22.5
Star Step Trinkote Coatings LLC,"Cresson, TX",1,92000,3251,Production Planner Analyst Iv,23.0
STARBRANDS GLOBAL HOLDING LLC,"Long Island City, NY",1,85000,-4445,Market Research Analyst,22.5
Starbridge.ai Inc.,"New York, NY",1,230000,541519,Staff Ai Engineer,47.5
"Starco Oil Company, INC","Dickinson, TX",1,64834,445131,Logistics Analyst,22.5
Starr Indemnity & Liability Company,"New York, NY",1,,5241,"Data Analyst, Executive Tech",22.5
"StarsHR, Inc.","Pittsburgh, PA",1,,541612,Systems Analyst,22.5
Startech Networks Inc.,"Plano, TX",1,72000,541513,Data Analyst,22.5
"Starway International Group, LLC","Maspeth, NY",1,,445110,Logistics Analyst,22.5
State Bank of Texas,"Irving, TX",1,67142,522180,Management Analyst,22.5
State Board of Administration of Florida,"Tallahassee, FL",1,83500,921130,Lead Audit Data Analyst,22.5
State of Arkansas -  Administrative Office of the Courts,"Little Rock, AR",1,81786,9211,Data Policy Manager (Aoc Court Data Quality Researcher),22.5
State of Indiana-Management Performance Hub,"Indianapolis, IN",1,100724,92119,Senior Database Administrator,24.9
"State of New Hampshire, New Hampshire Lottery Commission","Concord, NH",1,,928120,Data And Digital Analyst,22.5
State of New Jersey Department of Children and Families,"Trenton, NJ",1,172500,921190,Director Of Data Management And Reporting,41.2
STATE OF WEST VIRGINIA & ATTORNEY GENERAL'S OFFICE,"Charleston, WV",1,57200,922130,Statistical Analyst,22.5
State University of New York - Empire State University,"Saratoga Springs, NY",1,69357,611310,Senior Staff Assistant - Database Specialist,22.5
State University of New York - Polytechnic Institute,"Utica, NY",1,60000,611310,Postdoctoral Associate (Research Scientist),22.5
STATEWIDE RISK MANAGEMENT INC,"Hauppauge, NY",1,85000,541519,Cyber Security Analyst,22.5
Statista Inc.,"New York, NY",1,86400,541910,Senior Analyst  Askstatista,22.5
"Statistics & Control, Inc.","West Des Moines, IA",1,98500,541330,Operations Research Analyst,24.4
"Statking Consulting, Inc.","Hamilton, OH",1,65000,541715,Statistical Programmer,22.5
STATUSNEO INC,"Richardson, TX",1,108000,541511,Data Scientist,26.6
STATUSQ INC.,"Minneapolis, MN",1,55000,541611,Market Research Analyst,22.5
"Statype, Inc.","New York, NY",1,93000,54199,Analytics Engineer,23.2
"Steiner and Company, LLC","Merrimack, NH",1,69000,541614,Sr. Business Analyst,22.5
"Stella & Chewy's, LLC","Oak Creek, WI",1,95347,31111,Senior Growth Analyst,23.7
Stellar Accessories LLC,"Atlanta, GA",1,46000,423910,Market Research Analyst,22.5
Stellar Home Maintenance Services LLC,"Dallas, TX",1,128000,541511,Salesforce Database Administrator,31.1
Stellite Works LLC,"Lake Orion, MI",1,76000,541512,Systems Analyst,22.5
Stellium Inc.,"Houston, TX",1,92000,541511,Programmer Analyst,23.0
"Stellix Group, Inc.","Mansfield, MA",1,87179,541330,Data Analyst,22.5
Stenger & Stenger PC,"Grand Rapids, MI",1,91000,541110,Machine Learning Engineer,22.7
Stenograph LLC Heico,"Downers Grove, IL",1,116334,561492,Financial Analysis & Business Intelligence Manager,28.5
StepStone Group LP,"New York, NY",1,115000,523940,Marketing Analytics Associate,28.2
Sterling Software Inc.,"Troy, MI",1,77230,541511,Computer System Analyst,22.5
Sterrofox Inc.,"St. Petersburg, FL",1,,54161,Oracle Hcm Functional Analyst,22.5
Stetson University,"Deland, FL",1,49554,611310,Database Administrator,22.5
Stevens Capital Management LP,"Radnor, PA",1,150000,525990,Quantitative Research Engineer,36.1
Steward Health Care System LLC,"Dallas, TX",1,71094,62211,Credentialing Data Support Analyst,22.5
Stewart Information Services Corporation,"Houston, TX",1,76000,524210,It Reporting Analyst,22.5
STG Contruction LLC,"Columbiana, OH",1,70000,5313,Data Analyst/Programmer,22.5
Sting USA LP,"Wilmington, DE",1,70000,423910,Marketing Analyst,22.5
STIRA PHARMACEUTICALS LLC,"Fairfield, NJ",1,70000,54199,Market Research Analyst,22.5
"Stirista, LLC","San Antonio, TX",1,88000,541613,Data Scientist,22.5
STKJR Express LLC,"West Bend, WI",1,77709,811192,Business Operations Analyst,22.5
"STO Building Group, Inc.","New York, NY",1,110000,236220,Finance Business Analyst,27.0
"Stoa Tech, Inc.","Scituate, MA",1,102856,541715,Machine Learning Engineer “ Climate Forecasting & Modeling,25.4
Stoch Analytics US Inc.,"Wilmington, DE",1,85000,513210,Quantitative Specialist,22.5
Stochastic Technology LLC,"New York, NY",1,,713940,Statistical Analyst,22.5
"Stoddert Soccer League, Inc.","Washington, DC",1,55000,713990,Market Research Analyst/Program Director,22.5
"StoneEagle F&I, Inc.","Richardson, TX",1,101270,541511,Qa Analyst Iii,25.1
Stonegate Technologies  LLC,"Monroe, NJ",1,101192,541511,Data Engineer,25.0
"Stonewall Solutions, Inc.","Marlborough, MA",1,151840,541512,Systems Analyst,36.6
"Storm Smart SE, LLC","Fort Myers, FL",1,65000,332323,Procurement Analyst,22.5
"StoryForge, Inc.","Apple Valley, MN",1,46488,513120,"Sr. Dir. Of Marketing, Data Analytics & Creative Strategy",22.5
STraffic America LLC,"Vienna, VA",1,77700,561990,Operations Research Analyst,22.5
Strat Ventures LLC,"Pierre, SD",1,118000,523999,Market Research Analyst (Luxury Brands),28.9
StratEdge IT Consulting Inc.,"Marlton, NJ",1,,541512,Market Research Analyst,22.5
"Strategic Data Systems, Inc.","Cincinnati, OH",1,120000,541511,Lead Developer (Python/Data Engineer),29.3
Strategic Innovation Group LLC,"Arlington, VA",1,150758,541511,Palantir Data Engineer,36.3
"Strategic Link Consulting, LP","Kennesaw, GA",1,90000,54161,Decision Data Management Engineer,22.5
"StrategyPundits, Inc","Washington, DC",1,110000,541511,Business Systems Analyst,27.0
"Stratez Infotech, Inc","Reston, VA",1,139650,541511,Data Engineer,33.8
"STRATFORD CARE USA, INC.","Odessa, FL",1,64000,32541,Data Scientist,22.5
Stratosphere Development Co. LLC,"Farmingdale, NY",1,76000,48811,Fuel Analyst (Quality Control & Purity),22.5
Stratosys Solutions Inc.,"Frisco, TX",1,67288,54151,Data Analyst,22.5
STRATUS MERIDIAN LLC,"Irving, TX",1,90000,541511,Business Analyst(Strllgx0007),22.5
"Stream Plumbing, Inc.","Maspeth, NY",1,,23822,Business Analyst,22.5
Streamax America LLC,"Houston, TX",1,57450,541330,Marketing Risk Research Analyst,22.5
"StreamIT, LLC.","Lansdale, PA",1,110000,541511,Systems Analyst,27.0
"Streamliners Management Consulting, LLC","Media, PA",1,122000,541330,Senior Operations Research Consultant,29.8
"Street Diligence, Inc.","New York, NY",1,67850,541511,"Analyst, Product & Research",22.5
Strengthening Families & Communities LLC,"Boston, MA",1,144040,52394,"Senior Investments, Data, And Products Advisor",34.8
Stride Funding,"Boston, MA",1,160000,522291,"Sr. Technical Product Manager,  Data Platforms",38.4
STRIDE HOSPITALITY LLC,"Tyler, TX",1,51210,721110,Business Systems Analyst,22.5
"STRUCTURE DESIGNS, INC.","Chicago, IL",1,,541330,Design Engineering Operations Research Analyst,22.5
Stryten Energy LLC,"Alpharetta, GA",1,76781,33591,Continuous Improvement Analyst,22.5
"Studs, Inc.","New York, NY",1,150000,458310,Market Research Analyst And Marketing Specialist,36.1
"Su-Raj Intergold, Inc.","New York, NY",1,60174,423940,Business Development Analyst,22.5
"Subhashini Software Solutions, Inc","Troy, MI",1,76378,541512,Database Administrator,22.5
"Subject Well, Inc.","Austin, TX",1,95000,425120,Data Analyst,23.6
SubRosa Cyber Solutions LLC,"Beachwood, OH",1,72800,541519,Information Security Analyst I,22.5
Suburban Pharmacy LTC Inc.,"West Hartford, CT",1,63669,456110,Business Operations Analyst,22.5
Success Arena LLC,"Brooklyn Park, MN",1,49317,611110,Information Technology Analyst,22.5
Successware SPE LLC,"Columbia, MD",1,106100,518210,Business Analyst,26.2
"Sucro Can Sourcing, LLC","Coral Gables, FL",1,75000,311314,Logistics Analyst,22.5
Suddath Global Logistics,"Jacksonville, FL",1,78354,484210,Logistics Analyst,22.5
"Suffolk Construction Company, Inc.","Boston, MA",1,110000,23622,Data Scientist,27.0
"Suffolk Lock & Security Professionals, Inc.","Lindenhurst, NY",1,64000,561621,Logistics Analyst,22.5
"Sugandha Dahiya and Associates, P.C.","New York, NY",1,76000,541611,Management Analyst,22.5
"Sui Foundation US, Inc.","Dallas, TX",1,107100,5415,Marketing Analytics Specialist,26.4
Sul Ross State University,"Alpine, TX",1,52437,611310,Research Analyst (Remote),22.5
"SullySmiles, LLC","Chantilly, VA",1,,722515,Quality Control Analyst,22.5
"Sumitomo Mitsui Trust Bank, Limited","New York, NY",1,140000,522110,Senior System Analyst,33.9
SUMMER PALACE GARDEN SUPPLY LLC,"Oklahoma City, OK",1,65000,444240,Market Research Analyst,22.5
"Summit Contracting Group, Inc.","Jacksonville, FL",1,64293,236116,Computer Systems Analyst,22.5
Summit Freight International Inc,"Woodstock, GA",1,51168,488510,Supply Chain Analyst,22.5
"Summit Healthcare Management, LLC","Franklin, TN",1,120000,621111,Senior Hris Analyst,29.3
"Summit Hotels Properties, Inc.","Austin, TX",1,110000,721110,Business Intelligence And Analytics Manager,27.0
Summit Import Corporation,"Jersey City, NJ",1,,424410,Operations Research Analyst,22.5
"Summit Procurement, Inc.","Pittsburgh, PA",1,52500,5419,Operations Research Analyst,22.5
Summit Rx Inc,"Bayonne, NJ",1,,424210,Sr. Marketing Data Analyst,22.5
Summit Securities Management LLC,"New York, NY",1,140000,523150,Quantitative Researcher,33.9
"SUMMITTX CAPITAL, LP","Fort Worth, TX",1,300000,523940,Head Of Data,47.5
SUN CLOUD SYSTEMS INC,"Aubrey, TX",1,88795,541511,Data Engineer,22.5
Sun Country Inc.,"Minneapolis, MN",1,85000,481111,Enterprise Analytics Analyst,22.5
Sun Distribution LLC,"Springfield, VA",1,,424940,Data Analyst,22.5
Sun Fiber LLC,"Richburg, SC",1,67725,314999,Management Analyst,22.5
Sun Flare LLC,"Orlando, FL",1,73507,55111,Operations Research Analyst,22.5
Sun Hydraulics LLC,"Sarasota, FL",1,74422,332912,Data Scientist,22.5
Sun Sun Trading Corporation,"Darien, IL",1,,4244,Marketing Intelligence Analyst,22.5
Sunbow Enterprises LLC,"New York, NY",1,209000,54199,Data Scientist,47.5
Sundays for Dogs,"Cleveland, OH",1,100000,311111,Marketing Data Analyst,24.8
"Sunet Group, LLC","Plano, TX",1,,53121,Operational Analytics Associate,22.5
SUNFIX TECHNOLOGIES INC.,"Piscataway, NJ",1,165000,541511,Systems Analyst,39.5
Sungwon Group LLC,"Jessup, MD",1,,445110,Business Operations Research Analyst,22.5
Sunique Cabinets LLC,"Frisco, TX",1,52000,423210,Market Analyst,22.5
"Sunita Hydrocolloids, Inc.","Houston, TX",1,52229,424690,Logistics Analyst,22.5
SUNMI TECHNOLOGY US INC,"Alpharetta, GA",1,71040,423690,Business Operation Analyst,22.5
Sunny Truck Driving School Inc.,"Westbury, NY",1,75733,611519,Business Analyst,22.5
SUNNYSIDE PEDIATRICS LLC.,"Griffin, GA",1,60000,621111,Database Administrator,22.5
"Suno Software, Inc","New York, NY",1,80850,54151,Data Scientist,22.5
Sunovion Pharmaceuticals Inc.,"Marlborough, MA",1,87663,541715,Statistical Programmer,22.5
Sunrise After Care LLC,"Chelsea, MA",1,,624120,Healthcare Data Analyst,22.5
"Sunrise Food Trading, Inc.","Warren, NJ",1,85400,424420,Business Analyst,22.5
Sunrise Foods International (USA) Inc.,"Pender, NE",1,90000,11119,Logistics And Operations Analyst,22.5
Sunrise Supply LLC,"Dallas, TX",1,60000,424990,Operations Research Analyst,22.5
"Sunrise Wholesale, LLC","Macon, GA",1,,4239,Data Analyst,22.5
"SUNSET HEALTHCARE SOLUTIONS, INC.","Elgin, IL",1,68380,423450,Data Analyst,22.5
"Sunshine Supply Chain, Inc","Newport, DE",1,,541614,Business Intelligence Analyst,22.5
Sunsong North America Inc,"Moraine, OH",1,,423120,Operations Analyst,22.5
Sunward America Corp,"Denton, TX",1,65000,42383,Market Research Analyst,22.5
Sunway Inc,"New York, NY",1,,611430,Data Scientist,22.5
Sunwin Global Industry Inc,"New York, NY",1,80000,425120,Marketing Research Analyst,22.5
SUNY Upstate Medical University,"Syracuse, NY",1,97850,611310,Senior Programmer Analyst,24.3
Super Apparel Inc,"New York, NY",1,80850,458110,Business Intelligence Analysts,22.5
"Super Deal Auto Group, LLC","Columbus, OH",1,67052,441120,Logistics Analyst,22.5
Superbeo LLC,"Miami, FL",1,66435,541512,Business Intelligence Analyst,22.5
Superior Auto,"Fort Wayne, IN",1,85000,4411,Data Analyst,22.5
Superior Construction Company,"Jacksonville, FL",1,104000,237310,Data Engineer,25.7
"Superior Information Technologies, LLC","Livonia, MI",1,82370,541511,Gis Analyst,22.5
Superior Mermaid Managment LLC,"Kingwood, TX",1,42099,811198,Market Research Analyst,22.5
Superior Plastic Products,"New Holland, PA",1,82241,33232,Data Analyst,22.5
"Superior Plus Energy Services, Inc.","Wayne, PA",1,96186,424720,Business Intelligence Specialist (Systems Analyst),23.9
Superior Products Support,"New Holland, PA",1,82241,33232,Data Analyst,22.5
SUPERIOR UNIT CORP,"Springfield, IL",1,68000,541511,Software Quality Assurance Analyst,22.5
SuperNormal Technologies Inc.,"Miami, FL",1,150000,513210,Machine Learning Engineer,36.1
"Superscript, Inc.","New York, NY",1,165000,5419,Data Manager,39.5
"Supply Chain Wizard, LLC","Princeton                 , NJ",1,86400,541614,Senior Supply Chain Analyst,22.5
"Support Enigma, LLC.","Princeton, NJ",1,87256,541519,Business Analyst,22.5
Supreme Court of Appeals of West Virginia,"Charleston, WV",1,82750,92211,Oracle/Sql Database Administrator Iii,22.5
Supreme Investment Group LLC,"Bensenville, IL",1,65250,541511,Health Informatics Specialist,22.5
SURETECH INC,"Alpharetta, GA",1,89000,541511,Business Analyst,22.5
"Surf Local, Inc.","Boca Raton, FL",1,143874,541512,Chief Data Officer,34.7
Surface Dynamics LLC,"Bartlett, TN",1,90000,33911,Sap Business Analyst,22.5
"Surgical Notes MDP, LP","Dallas, TX",1,61190,423450,Data Analyst,22.5
SUSASH CONSULTING SERVICES LLC,"North Brunswick, NJ",1,,541511,Cloud Database Systems Administrator,22.5
Sustainment Technologies Inc.,"Austin, TX",1,95000,541511,Data Scientist,23.6
Sutherland Global Services Inc.,"Pittsford, NY",1,125000,541613,Healthcare Business Systems Analyst,30.5
"Suzhou-Chem, Inc.","Needham, MA",1,,424690,Business Analyst,22.5
"SVMC Holdings, Inc.","Bridgeport, CT",1,111342,62111,Periop Services Business & Data Manager,27.4
SVP Technologies LLC,"Newark, DE",1,84781,541511,Junior Ai Developer,22.5
SVRH PHARMACY INC,"Brooklyn, NY",1,96000,446110,Database Administrator,23.9
SVS Technologies Limited (DUNS 079287817),"Memphis, TN",1,141378,541511,Database Administrator,34.2
"SVT, INC","Watchung, NJ",1,,541511,Database Administrator,22.5
"SW Imports, LLC","Atlanta, GA",1,80371,423210,Technical Business Analyst,22.5
Swadeshi Plaza Inc,"Irving, TX",1,,445110,Management Analyst,22.5
Swan Anugamini Consulting LLC,"Houston, TX",1,70886,541614,Business Analyst Consultant,22.5
"Swaps Monitor Publications, Inc.","New York, NY",1,82763,513199,Data Analyst,22.5
SWEET ROBO LLC,"Brooklyn, NY",1,62000,333310,Market Research Analyst,22.5
Sweet Rosemoon LLC,"Lewisville, TX",1,,812199,Market Research Analyst,22.5
"Sweet Street Desserts, Inc.","Reading, PA",1,57366,311813,Supply Chain Analyst,22.5
SWF FOOD CORP.,"Jackson Heights, NY",1,,445110,Operations Research Analyst,22.5
"SWIFT Pan-Americas, Inc.","New York, NY",1,261912,5419,Head Of Ai,47.5
SWIFTLINK GLOBAL LOGISTICS INC.,"Lake Zurich, IL",1,59488,488510,Logistic Analyst (Air/Sea/Inland),22.5
Swiriq Solutions Inc.,"Frisco, TX",1,82056,541511,Power Bi Developer,22.5
"Swiss Madison, LLC","Edison, NJ",1,65000,-4445,Supply Chain Purchasing Analyst,22.5
"Swissclear Global, Inc.","New York, NY",1,150000,516210,Program Manager & Analyst,36.1
"Swisslog Logistics, Inc.","Newport News, VA",1,82500,541614,Solution Analyst,22.5
"Switchboard, MD Inc.","Atlanta, GA",1,150000,5416,Lead Data Engineer,36.1
SWJ-Project One LLC,"Greenville, SC",1,,541330,Cloud Data Engineer Business Intelligence Analyst,22.5
SWYFT CX Inc,"New York, NY",1,95000,541511,Data Analytics Specialist,23.6
SxanPro LLC,"Grand Rapids, MI",1,80000,513210,Data Analyst,22.5
Syapse Holdings Inc.,"West Chester, PA",1,132500,541512,"Senior Data Scientist, Research And Analytics",32.2
Sybaris Hospitality LLC,"Arlington Heights, IL",1,75000,721110,Business Data Analyst,22.5
SyBridge Technologies,"Southfield, MI",1,77000,333248,Data Analyst - Supply Chain,22.5
Sycamore Informatics Inc,"Waltham, MA",1,86000,541511,Junior Business Analyst,22.5
SYMCON GLOBAL TECHNOLOGIES USA LP,"Houston, TX",1,130000,5416,Project Manager-Industrial Ai Tools Impl & Customer Success,31.6
Symmetry BioSciences Inc.,"Durham, NC",1,131851,541714,Business Intelligence Manager,32.0
Symphony AI NetReveal US Inc.,"Vienna, VA",1,72800,541519,"Customer Engagement Analyst, Fixed Income",22.5
"Symphony Diagnostic Services No. 1, LLC","Sparks Glencoe, MD",1,145558,621512,Sr. Enterprise Data Warehouse Developer/Analyst,35.1
Symphony Infotek Inc,"Irving, TX",1,85467,541512,Data Scientist,22.5
"SymTrain, Inc.","Alpharetta, GA",1,85000,541511,Ai/Ml Engineer I,22.5
SYNAPSIS INC,"Springfield, IL",1,90106,541511,Machine Learning Engineer,22.5
SYNECTIKS INC,"Princeton, NJ",1,95000,541512,Systems Analyst,23.6
"Synergistix, Inc.","Sunrise, FL",1,70533,511210,Software Quality Control Analyst,22.5
"Synkriom, Inc","Piscataway, NJ",1,,541512,Data Analyst,22.5
Synovus Financial Corp.,"Columbus, GA",1,89877,522110,Audit Innovation And Data Analytics Analyst,22.5
"Synterex, Inc.","Dedham, MA",1,95000,541690,Business Development And Operations Analyst,23.6
"Synthetaic, Inc.","Delafield, WI",1,125000,518210,Sr. Artificial Intelligence/Machine Learning Engineer,30.5
"Syscend, Inc.","Seymour, IN",1,100000,336991,Data Scientist,24.8
Sysco Corporation,"Houston, TX",1,93974,722310,"Senior Analyst, Sales Performance Management",23.4
Sysmethod LLC,"1 Mass Ave, DC",1,,541511,Snr Data Engineer,22.5
"Sysmex Inostics, Inc.","Baltimore, MD",1,90770,621511,"Specialist, Lims And Data Management",22.7
"Syssero, Inc","Chattanooga, TN",1,50000,541690,It Analyst,22.5
System Logistics Corporation,"Arden, NC",1,71600,541614,Data Analyst,22.5
"Systematrix Solutions, Inc.","Austin, TX",1,123000,541511,Data Scientist,30.0
"Systems Careers, Inc.","Columbia, SC",1,113693,541511,Sr. Java Developer/Designer Analyst,27.9
"Systems Integration, LLC","Washington, DC",1,122699,541511,Octo Lead Etl Business Analyst,29.9
"Systems Staffing Group, Inc.","Villanova, PA",1,,541519,Business Systems Analyst,22.5
SYSWISE LLC,"Round Rock, TX",1,68000,541511,Qa Analyst,22.5
Syzygy Plasmonics Inc,"Houston, TX",1,65000,333242,Research Analyst,22.5
SZOOOM LLC,"Ashburn, VA",1,105206,541511,Etl Data Engineer,26.0
"T & Z Group, Inc.","Malden, MA",1,,722511,Business Analyst,22.5
"T Enterprises, Inc., dba 1Vision","Jackson, MS",1,65000,323111,Data Analyst,22.5
T1D Exchange Inc.,"Boston, MA",1,115000,541715,"Manager, Real World Data",28.2
T3 Sports Foundation,"Avon, OH",1,70000,713940,Operations Research Analayst,22.5
"TA Trading, LLC","Hyattsville, MD",1,61100,424410,Market Research Analyst,22.5
TAAJ TECH LLC,"Lewisville, TX",1,63066,541511,Data Engineer,22.5
Taazaa LLC,"Hudson, OH",1,210000,541511,Principal Architect/Ai And Big Data,47.5
"Tabhi, Inc.","Austin, TX",1,175000,561599,Database Administrator,41.8
"Tabors Caramanis Rudkevich, Inc.","Newton, MA",1,90000,54161,Analyst,22.5
"Tabs Platform, Inc.","New York, NY",1,79789,513210,Market Research Analyst,22.5
Tachyon Technologies LLC,"Southlake, TX",1,106558,541511,Senior Data Engineer,26.3
"TACO Metals, LLC","Sparta, TN",1,82000,332999,Sr. Logistics Inventory Analyst,22.5
Taco Rico Restaurants of Florida Inc,"Coral Gables, FL",1,,72251,Business Operations Analyst,22.5
Tag Boston Holdings LLC,"Boston, MA",1,54766,44111,Market Research Analyst,22.5
TAG Ironman LLC,"Lewes, DE",1,105000,339920,Senior Business Analyst,25.9
"Tagma Solutions, Inc.","Columbia, MD",1,92000,541511,Data Scientist,23.0
"TAHARA HEALTH, INC.","Montgomeryville, PA",1,76000,621610,Market Research Analyst And Marketing Specialist,22.5
TAI HE TRADING CORP.,"Long Island City, NY",1,,42444,Operations Research Analysts,22.5
Taichi Wholesale Inc.,"Rochester, NY",1,46197,722513,Pricing Analyst,22.5
Taj Hospitality Management LLC,"Lubbock, TX",1,61000,561110,Analyst,22.5
TAKE A PEAK INC,"New York, NY",1,186000,5415,Machine Learning Engineer,44.3
Taketours Inc.,"Arlington, MA",1,,561510,Hospitality Market Research Analyst,22.5
"Talen Energy Supply, LLC","The Woodlands, TX",1,93226,22111,Senior Business Systems Analyst - It,23.2
TALENT GRUB USA INC,"Basking Ridge, NJ",1,65333,541511,Database Administrator,22.5
Talenteer Inc,"Dallas, TX",1,80850,541511,Business Intelligence Analyst,22.5
Talisman Consulting LLC,"Okmulgee, OK",1,180000,334512,Chief Data Scientist,43.0
"Talk To Your Textbook AI, Inc.","Norman, OK",1,,611430,Data Scientist,22.5
"TALON AMERICA, LLC","New York, NY",1,75000,541810,Commercial Business Analyst,22.5
"TALON OUTDOOR, LLC","New York, NY",1,75000,541810,Commercial Business Analyst,22.5
"Tamice, Inc","New York, NY",1,,5615,Jr. Operations Research Analyst,22.5
TAMKO Building Products LLC,"Galena, KS",1,136130,324122,Manufacturing Data Scientist,33.0
TAMPA BAY WAVE INC,"Tampa, FL",1,50000,541611,Management Analyst,22.5
"Tan Extreme, Inc.","Lincolnwood, IL",1,95000,4234,Business Analyst,23.6
Tan45 Tech Inc,"Dallas, TX",1,100714,541511,Sap Security Analyst,24.9
TANA SYSTEMS INC,"Greenville, SC",1,84000,541511,Business Analyst,22.5
TandemAI US LLC,"New York, NY",1,74922,541714,Associate Data Scientist,22.5
Tandy Leather Company LP,"Fort Worth, TX",1,63066,31699,Financial Planning And Analysis Analyst,22.5
Tangs Technologies LLC,"Newark, DE",1,44824,541511,Market Research Analyst,22.5
Tanishk IT Services LLC,"Ellicott City, MD",1,91562,541511,Computer System Analyst,22.9
TAO MOTOR INC,"Carrollton, TX",1,70000,423110,Business Intelligence Analyst,22.5
Taral Capital Partners LLC,"Princeton, NJ",1,140000,523940,Quantitative Investment Strategist,33.9
Targa Resources LLC,"Houston, TX",1,114000,213111,Data Analyst Iii,28.0
Tarkett USA Inc.,"Solon, OH",1,77500,326199,Procurement Analyst,22.5
Tarte Inc.,"New York, NY",1,110000,42499,Data Analytics & Bi Manager,27.0
TASK SOFTWARE SOLUTIONS LLC,"Alpharetta, GA",1,,541511,Business Analyst,22.5
TASTY TIDBITS INC,"Brooklyn, NY",1,,541614,Global Logistics Analyst,22.5
Tatch Corporation,"Alpharetta, GA",1,140000,524210,Artificial Intelligence / Machine Learning Engineer,33.9
Tate & Lyle Americas LLC,"Hoffman Estates, IL",1,120328,31131,Sap Bw Functional Analyst,29.4
"Tauck, Inc.","Wilton, CT",1,250000,561520,"Director, Ai Delivery & Innovation",47.5
TAURUS FINANCIAL LLC,"Jersey City, NJ",1,,52399,Data Analyst,22.5
"Taurus Industrial Group, LLC.","Port Lavaca, TX",1,,541330,Instrument Ai-Engineer,22.5
Tausch Technologies LLC,"Houston, TX",1,90000,541511,Business Intelligence Analyst,22.5
"Tausight, Inc.","Boston, MA",1,75000,513210,Data Engineer,22.5
Tax Defense Network LLC (A MoneySolver Company),"Jacksonville, FL",1,90106,541213,Data Engineer,22.5
Taylor Chamber of Commerce,"Taylor, TX",1,50000,813910,Market Research Analyst,22.5
Taylor University,"Upland, IN",1,,611310,Salesforce/Reporting Analyst,22.5
TAYS Inc.,"Baltimore, MD",1,85696,541511,System Analyst,22.5
TCC BRANDS INC,"Chicago, IL",1,110000,311991,Data Analytics Manager,27.0
TCM Medical Solutions LLC,"Waterford, MI",1,52225,423450,Market Research Analyst “ Orthopedic Surgical Products,22.5
TDK-LAMBDA AMERICAS INC.,"Neptune, NJ",1,75000,541330,Data Analyst,22.5
TDR Maintenance Inc,"Cypress, TX",1,60000,561790,Marketing Research Analyst,22.5
"TDS Operating, Inc.","Orlando, FL",1,124000,541512,Sr. Database Administrator,30.2
Te Asesora LLC,"Doral, FL",1,51000,541611,Business Intelligence Analyst,22.5
Tea Horse Road Capital LLC,"Thornwood, NY",1,56784,722515,Market Research Analyst,22.5
"Teachable, Inc.","New York, NY",1,108306,511210,Senior Data Analyst,26.7
Tealbridge Consulting LLC,"Dallas, TX",1,,541690,Business Analyst,22.5
Teamficient LLC,"Chicago, IL",1,68910,5416,Operations Research Analyst,22.5
TeamSuccess LLC,"Alpharetta, GA",1,69285,541511,Business Intelligence Analyst,22.5
Teceze LTD,"Charlotte, NC",1,71386,541512,Engineer Associate (Data Warehousing Specialist),22.5
Tech Abstractor LLC,"Farmers Branch, TX",1,82763,541511,Programmer Analyst – Sap Sac,22.5
Tech Alliance Partners Corp,"Odessa, FL",1,90022,541511,Sr. Database Engineer,22.5
Tech Army LLC,"Plantation, FL",1,66600,541512,Market Research Analyst And Marketing Specialist,22.5
TECH GROUP LA TIN AMERICA. INC,"Doral, FL",1,65582,4236,Optimization Analyst,22.5
TECH HAVEN LLC,"Aurora, IL",1,71594,517112,Data Analyst,22.5
Tech Job Aid LLC,"Fuquay-Varina, NC",1,58500,54199,Data Analyst,22.5
"Tech Raker, Inc.","Lafayette, LA",1,146307,541511,Ml Data Engineer,35.3
"TECH SPADE USA, INC","Houston, TX",1,81245,541511,Business Analyst,22.5
"Tech Squad Hub, LLC","Birmingham, AL",1,70000,541511,Data Engineer,22.5
"TECH5 USA, Inc.","Troy, MI",1,129334,54151,Senior Ai Scientist,31.4
"TechAspect Solutions, LLC","Irving, TX",1,90000,541511,Senior Business Analyst,22.5
TECHAVIDITY BUSINESS SOLUTIONS LLC,"Frisco, TX",1,81328,54151,Software Quality Assurance Analyst,22.5
Techchoir Inc,"Farmers Branch, TX",1,63066,541511,Data Analyst/Data Engineer,22.5
"TechEnsura, Inc.","Irving, TX",1,70075,541511,Sharepoint Analyst,22.5
"Techficient Holdings, LLC","Fort Wayne, IN",1,136500,541511,Lead Data Scientist,33.1
Techfinite Systems LLC,"Woodstock, MD",1,68000,541511,Systems Analyst,22.5
Techfios Incorporated,"Carrollton, TX",1,85467,541512,Data Scientist,22.5
TechFuturiq LLC,"Mckinney, TX",1,,541511,Data Analyst,22.5
"Techgene Solutions, LLC","Irving, TX",1,87000,541511,Systems Analyst,22.5
Techgeon Solutions Inc,"Richardson, TX",1,82056,541511,Software Analyst,22.5
Techizee Inc.,"Sterling, VA",1,96678,541511,Business Analyst,24.0
"Techleap Systems, Inc.","Irving, TX",1,57408,541511,Application System Analyst,22.5
TechMatrix Consulting LLC,"Atlanta, GA",1,89294,541690,Business Analyst,22.5
Techmeraki Solutions LLC,"Concord, NC",1,,54151,Plsql/Bi Specialist,22.5
"Technals Consulting, LLC","Alpharetta, GA",1,,541512,Senior Qa Analyst,22.5
TECHNICAL STRATEGIES INC,"Chantilly, VA",1,104000,54151,Bobj(Business Intelligence) Developer,25.7
"Technisar Solutions, Inc.","Deerfield, IL",1,101234,541511,Automation Control Analyst,25.1
Techno Solution LLC,"Parma, MI",1,,54151,Senior Data Architect,22.5
Techno Tek Inc.,"Monmouth Junction, NJ",1,129000,541511,Business Analyst,31.4
"Technocore360, LLC","San Antonio, TX",1,72500,541511,Qa Analyst,22.5
"TECHNOCRAFTS, INC","Chantilly, VA",1,100000,541511,Erp Analyst,24.8
TECHNOFY IT SOLUTIONS LLC,"Charlotte, NC",1,,541511,Clinical Data Manager,22.5
Technohub Inc.,"Miami, FL",1,83000,54151,Business & Data Analyst,22.5
Technoid LLC,"Piscataway, NJ",1,80000,541513,Quality Assurance Analyst,22.5
Technoid9 LLC,"Newark, NJ",1,,541511,Business Analyst,22.5
"Technokraft consultancy services, LLC","Dallas, TX",1,87360,541511,Business Systems Analyst 3,22.5
"Technolobiz, LLC","Lewes, DE",1,,541519,Computer Systems Analyst,22.5
"Technology Concepts Group International, LLC","Iselin, NJ",1,90000,541519,Strategic Sourcing Analyst,22.5
"Technology Consultants,Inc.","Farmington Hills, MI",1,102000,541511,Database Administrator,25.2
TECHNOSTAFF LLC,"Fairfield, NJ",1,92160,561320,Business Intelligence Analyst,23.0
"TECHNOVERA, INC","Frisco, TX",1,88000,541511,Systems Analyst,22.5
Techpro IT Solutions Inc,"Parsippany, NJ",1,108306,541511,Sr. Data Scientist,26.7
TECHPRONET GLOBAL SOLUTIONS INC.,"Houston, TX",1,89000,541511,Systems Analyst,22.5
Techquency LLC,"Cedar Park, TX",1,92950,541511,Data Analyst,23.2
TECHROOTED INC,"Monroe Township, NJ",1,124800,541511,Data Analyst,30.4
Techspace IT LLC,"Alpharetta, GA",1,110739,541511,Data Analyst,27.2
TECHSPHERE LLC,"Innsbrook, VA",1,105000,54151,Sr Programmer Cloud Analyst,25.9
TechsRUs corp,"Irving, TX",1,105997,541511,Database Analyst/Developer,26.1
Techstride LLC,"Troy, MI",1,85821,541512,Bi Analyst/Support Engineer,22.5
TechVue IT,"Lexington, KY",1,70440,541511,Software Quality Analyst,22.5
"Techwhiz Solutions, LLC","Dallas, TX",1,70000,541511,Business Analyst,22.5
Techwin Inc,"Southlake, TX",1,,541511,Software Quality Assurance Analyst,22.5
Tecnocap LLC,"Glen Dale, WV",1,50000,33243,Business Development Analyst,22.5
"Tecra Systems, Inc","Austin, TX",1,100000,541511,Database Engineer,24.8
"Tedesco and Affiliates, LLC","Marriottsville, MD",1,68500,561499,Data Scientist,22.5
TeeTurtle LLC,"Hazelwood, MO",1,157500,458110,Director Of Business Intelligence,37.8
TEJ SOLUTIONS INC.,"Alpharetta, GA",1,108000,541511,Programmer Analyst,26.6
Tejharsh Inc,"Amsterdam, NY",1,75000,456110,Database Administrator,22.5
Tek and Company,"Alpharetta, GA",1,133500,541511,Computer Systems Analyst,32.4
Tek Dallas Inc,"Irving, TX",1,100235,541511,Database Administrator,24.8
TEK FYNDER LLC,"Plano, TX",1,87360,541511,Business Analyst,22.5
Tek Redefine Inc,"Rutherford, NJ",1,115000,54161,Senior It Business Systems Analyst,28.2
"Tek Sources, Inc.","Cleveland, OH",1,80000,541511,Programmer Analyst,22.5
"Tek Staffing, Inc.","Herndon, VA",1,138362,541511,Cloud Data Architect,33.5
TEKBANK CONSULTANTS INC,"Herndon, VA",1,93246,541511,Database Administrator,23.2
"Tekcard, Inc.","Lyndhurst, NJ",1,66000,522320,Database Engineer,22.5
"TEKCEL8, INC.","Chantilly, VA",1,82763,541511,Data Analyst,22.5
TekDoyenGroup LLC,"Fishers, IN",1,73000,541512,Sql Database Administrator,22.5
TEKENERGY LLC.,"Irving, TX",1,101192,541511,Business Intelligence Developer,25.0
TEKGENTE SOLUTIONS INC,"South Plainfield, NJ",1,,541511,Software Developer/Data Product Owner,22.5
TEKLEADS LLC,"Mckinney, TX",1,98862,541511,Data Engineer,24.5
"TEKmights, Inc.","Columbia, MD",1,105227,541511,Senior Data Engineer,26.0
"Teknobit Solutions, Inc.","Chelmsford, MA",1,93371,541511,Data Scientist,23.3
TEKNOMITE LLC,"Mckinney, TX",1,110000,541511,Database Engineering Manager,27.0
TekPeersGlobal LLC,"Austin, TX",1,128502,541511,Sr. Data Engineer,31.3
"Tekprismit, Inc","Cary, NC",1,100069,541511,Workday Payroll Analyst Iii,24.8
Tekshark Inc,"Addison, TX",1,68141,541511,Business Analyst,22.5
TEKSPIKE LLC,"Mckinney, TX",1,102274,541511,Data Analyst,25.3
TekSquilt Inc,"Plano, TX",1,91562,541511,Senior Business Analyst,22.9
TekStrive LLC,"Prosper, TX",1,105997,541511,Data Platform Engineer,26.1
TEKTANS LLC,"Mooresville, NC",1,77958,541511,Data Quality Data Analyst,22.5
TekTRnd LLC,"Canton, OH",1,73008,541511,Computer Systems Analyst,22.5
Tekvivid Inc,"Farmers Branch, TX",1,83658,541511,Senior Cloud Data Engineer,22.5
TelaClaims Adjusting LLC,"Miami, FL",1,,524291,Data Scientist,22.5
Telcobuy.com LLC,"St. Louis, MO",1,135000,541511,Lead Machine Learning Engineer,32.7
Teleflex Medical Incorporated,"Morrisville, NC",1,109300,339112,Senior Plm And Labelling Analyst,26.9
Telekom Malaysia (USA) Inc.,"Mclean, VA",1,60000,51731,Database Administrator,22.5
"Teleplan Services Texas, Inc.","Grapevine, TX",1,70000,81121,Business Process Analyst,22.5
"Telesis, Inc.","Lincoln, NE",1,46152,5511,Market Research Analyst,22.5
Telesoft LLC,"Rochester, NY",1,46197,541519,Associate Technical Business Analyst,22.5
"Telesto Strategy, LLC","Chicago, IL",1,68881,541620,Sustainability Analyst,22.5
"Teleteachers, Inc","Westmont, IL",1,75000,611710,Data Engineer,22.5
"Tellius, Inc.","Herndon, VA",1,190000,541511,Senior Ai Solution Architect,45.2
"Telnet, Inc.","Rockville, MD",1,82000,5179,Software Quality Assurance Analyst/Das Device Tester,22.5
Telnyx LLC,"Austin, TX",1,98155,51711,"Growth Engineer, Ai Systems",24.4
"Temple Faculty Practice Plan, Inc","Philadelphia, PA",1,112000,62111,"Manager, Data Analytics",27.5
"Tempus Labs, Inc.","Chicago, IL",1,141000,541714,Senior Data Modeler,34.1
Ten One Arsenal Yards LLC,"Watertown, MA",1,,722515,Business Analyst,22.5
Ten One Tea House LLC,"Providence, RI",1,43992,722515,Marketing Analyst,22.5
Tenpearls LLC,"Vienna, VA",1,160000,541511,"Sr. Strategic Solutions Specialist, Data & Technol",38.4
"Teradata US, Inc.","Peachtree Corners, GA",1,182098,541513,Staff Data Scientist - Kbgfjg117064-4,43.4
"Terazo, Inc.","Richmond, VA",1,128000,541330,Senior Data Engineer,31.1
Terra Information Group Inc,"Aurora, IL",1,86700,541511,Oracle Database Administrator,22.5
Terrace Business LLC,"Houston, TX",1,83500,457110,Retail Operations Management Analyst,22.5
"Terrapin Technologies, Inc.","Bloomington, MN",1,68149,541511,Help Desk Analyst,22.5
"Terrascope, Inc.","New York, NY",1,,541512,Machine Learning Engineer,22.5
"TerraStrat Group, LLC","Columbus, OH",1,80000,236220,Data Scientist,22.5
"Terrell & Terrell, CPAs, LLP","Plano, TX",1,64040,541211,Business Intelligence Analyst,22.5
"Terry Steiner International, Inc.","New York, NY",1,90000,512110,Sales & Marketing Analyst,22.5
Tesolife US Inc,"Flushing, NY",1,75000,455219,Business Analyst,22.5
Tessil Logistics Inc.,"Elk Grove Village, IL",1,,484210,Logistic Analyst,22.5
TestGrid Labs Inc,"Cumming, GA",1,70304,541511,Quality Assurance Analyst,22.5
TestingXperts Inc. DBA Damcosoft,"Mechanicsburg, PA",1,77376,54151,Test Engineer (Manual Quality Assurance Analyst) At Level 1,22.5
Tetra Pak Global Information Management Americas Inc.,"Denton, TX",1,143666,333993,Lead Analyst,34.7
"Teva Branded Pharmaceutical Products R&D, Inc.","Parsippany, NJ",1,111600,325412,Principal Statistician,27.4
"Teva Pharmaceuticals USA, Inc.","Parsippany, NJ",1,90720,325412,It Business Process Analyst Iii,22.7
"Tevra Brands, LLC","Omaha, NE",1,65000,424990,Sales And Marketing Analyst,22.5
Texas A&M AgriLife Extension Service,"College Station, TX",1,134000,54171,Senior Geospatial Data Engineer,32.5
Texas A&M AgriLife Research,"College Station, TX",1,61732,54171,Assistant Research Scientist,22.5
Texas A&M Forest Service,"College Station, TX",1,59000,541715,Geospatial Analyst I,22.5
Texas A&M Transportation Institute,"College Station, TX",1,99000,54171,Geospatial Analyst Iii,24.5
Texas A&M University 12th Man Foundation,"College Station, TX",1,84460,813910,Director Of Reporting & Data Analytics,22.5
Texas A&M University-Commerce,"Commerce, TX",1,103492,611310,Enrollment Data Analyst Manager Iii,25.6
Texas Association of County Officials,"Austin, TX",1,116031,813910,Bi Report Developer,28.4
Texas Children's Health Plan Incorporated,"Bellaire, TX",1,101254,52411,"Decision Support Analyst, Sr.",25.1
Texas Department of insurance,"Austin, TX",1,,926150,Data Analyst V,22.5
Texas Energy Poverty Research Institute,"Austin, TX",1,67288,541715,Data Analyst,22.5
TEXAS EXCEL PROPERTY MANAGEMENT CORPORATION,"Houston, TX",1,,531312,Management Analyst,22.5
Texas Health and Human Services Commission,"Austin, TX",1,93430,622210,Eci Data Manager (Data Analyst V),23.3
TEXAS INDEPENDENT EXPLORATION LTD,"Houston, TX",1,50400,211120,Operations Analyst,22.5
"Texas Liver Institute, Inc.","San Antonio, TX",1,100000,6211,Research Laboratory Informatics Supervisor,24.8
Texas Scottish Rite Hospital for Children,"Dallas, TX",1,68640,622310,Research Biostatistician,22.5
Texas State University,"San Marcos, TX",1,67428,611310,Data Analyst,22.5
TEXAS TECH UNIVERSITY HEALTH SCIENCES CENTER,"Lubbock, TX",1,77251,611310,Programmer Analyst Iv,22.5
Texas Tech University Health Sciences Center El Paso,"El Paso, TX",1,80000,611310,Programmer Analyst Iv,22.5
Texas Treasury Safekeeping Trust Company,"Austin, TX",1,123265,921130,System Analyst Vi,30.1
TG GHQ Inc.,"New York, NY",1,136000,52399,Data Driven Investment Specialist,33.0
TGL International Inc.,"Paramus, NJ",1,80000,42351,Operations Research Analyst,22.5
"TGS Management Company, LLC","Princeton, NJ",1,275000,5239,Software And Data Engineer,47.5
"Thales DIS USA, Inc.","Austin, TX",1,150079,541330,Computer Vision Research Scientist,36.2
The Acton Institute for the Study of Religion and Liberty,"Grand Rapids, MI",1,62000,541720,Data & Artificial Intelligence Analyst,22.5
The Admissions Authority,"West Chester, PA",1,,611310,Data Analyst,22.5
"The Amundsen Group, Inc","Durham, NC",1,80000,325411,Data Scientist 2,22.5
"The Analytics Solution, Inc.","Fort Worth, TX",1,105000,522291,Data Scientist,25.9
"The Annex Group, LLC","Fishers, IN",1,65000,531110,Financial Analyst,22.5
The Annie E. Casey Foundation,"Baltimore, MD",1,89284,813211,Data Analyst,22.5
"The Arena Platform, Inc.","New York, NY",1,124500,511210,"Lead Product Analyst, Programmatic",30.3
"The Ayfa Foundation of America, Inc.","Yonkers, NY",1,64000,813211,Logistics Analyst,22.5
"The B&P Team, LLC","Richmond, TX",1,99840,531210,Marketing & Research Analyst & Social Media Management,24.7
The Bank of Missouri,"Perryville, MO",1,53248,522110,Systems Analyst I,22.5
The Beacon Mutual Insurance Company,"Warwick, RI",1,94640,524126,Business Analytics Expert,23.6
The Bennu Group Inc.,"South Holland, IL",1,75000,541330,Data Analyst,22.5
THE BERKELEY ASSOCIATES CORP,"Wayne, PA",1,,541611,Business Intelligence Analyst,22.5
"The Bessemer Group, Incorporated","Woodbridge, NJ",1,159000,523110,Senior Quality Assurance Analyst,38.2
The Blue Horizons Group LLC,"Louisville, KY",1,70000,541512,Senior Business Analyst,22.5
The Board of Trustees of the University of Illinois,"Chicago, IL",1,90000,611310,Assistant Director Of Broadband Data & Geoanalytics,22.5
"The Campaign Registry, Inc.","Vienna, VA",1,130000,51781,Business Analyst,31.6
The Catholic Church Extension Society of the United States of America,"Chicago, IL",1,168000,8131,"Manager, Business Intelligence",40.2
The Children's Hospital Corporation,"Boston, MA",1,73512,622110,Computational Health Informatics Data Manager Ii,22.5
"The Childrens Museum of Indianapolis, Inc.","Indianapolis, IN",1,72100,712110,Marketing Business Analyst,22.5
The Clearing House Payments Company L.L.C.,"New York, NY",1,180000,522320,"Director, Data & Ai",43.0
"The Critical Mass, LLC","Alexandria, VA",1,52437,541690,Research Analyst,22.5
The Curators of the University of Missouri/Missouri University of Science and Technology,"Rolla, MO",1,73542,611310,Instructional Sap Database & Systems Administrator,22.5
The Dana Team Inc.,"Great Neck, NY",1,,531210,Business Intelligence Analyst,22.5
The Disbrow Corporation,"Tampa, FL",1,65000,424110,Marketing Analyst,22.5
The DTX Company,"New York, NY",1,185000,541511,Senior Machine Learning Engineer,44.1
The E.W. Scripps Company,"Cincinnati, OH",1,135096,51512,Senior Data Engineer,32.7
The Earnest Analytics Company,"New York, NY",1,185000,5192,Senior Software Data Engineer,44.1
The Emerson Group,"Wayne, PA",1,90854,541611,Data Engineer,22.7
"The Equity Engineering Group, Inc.","Shaker Heights, OH",1,86000,541330,Data Analyst,22.5
"The Fila Group, LLC.","Luray, VA",1,,541519,Senior Data Standardization Specialist Consultant,22.5
"The Financial Risk Group, Inc.","Cary, NC",1,99840,541611,Business Analytics Consultant Ii,24.7
The Foundation Group LLC,"Sikeston, MO",1,74152,561210,Operational Analyst,22.5
"The Granite Group Wholesalers, LLC","Concord, NH",1,80000,423720,Pricing Analyst,22.5
The Guardian Insurance Company of America,"New York, NY",1,135000,5241,Sr. Data Reliability Engineer,32.7
"The Gund Company, Inc.","Saint Louis, MO",1,112944,3359,Data Analytics Developer,27.7
The H.T. Hackney Co.,"Knoxville, TN",1,42000,424410,Foodservice Research Analyst,22.5
"THE HAIN CELESTIAL GROUP, INC.","Hoboken, NJ",1,99298,31191,Sr. Financial Analyst,24.6
THE HALLEN CONSTRUCTION CO. INC.,"Plainview, NY",1,67850,237130,Junior Reporting Analyst,22.5
The Hanor Company of Wisconsin LLC,"Enid, OK",1,75982,112210,Senior Business Data Analyst,22.5
The Hanover Research Council LLC,"Arlington, VA",1,66500,541910,Research Associate (Data Analytics),22.5
The Harris Center for Mental Health and IDD,"Houston, TX",1,90175,621420,Health Analytics Analyst Iii,22.5
The Hartford Steam Boiler Inspecition & Insurance Company,"Hartford, CT",1,156000,524130,Sr. Data Scientist,37.5
"The Heights Casino, Inc.","Brooklyn, NY",1,70000,813410,Squash Market Research Analyst,22.5
The Housing Authority of the City of Greensboro,"Greensboro, NC",1,60000,925110,Data Analyst,22.5
"The Housing Project, LLC","Ridgewood, NJ",1,82000,52394,Systems Analyst,22.5
The Institute for Healthcare Optimization,"Bedford, MA",1,100000,541720,Simulation Analyst,24.8
"The Institute of Electrical and Electronics Engineers, Inc.","Piscataway, NJ",1,139991,813920,Data Analytics Alliances And Programs Sr Manager,33.9
"The International AntiCounterfeiting Coalition, Inc","Washington, DC",1,52333,813910,Program Analyst,22.5
The International Association of Lions Clubs,"Oak Brook, IL",1,142501,813410,Sr. Business Intelligence Developer,34.4
"The Internet of Behaviors Company (f/k/a Fastcomm USA, LLC)","Bonita Springs, FL",1,87360,541512,Data Scientist,22.5
The Joint Commission,"Oakbrook Terrace, IL",1,148000,813920,Lead Data Governance,35.7
"The Lash Group, LLC","Conshohocken, PA",1,137392,54169,Sr Business Analytics Consultant,33.3
"The Law Offices of Fuqiang Zhang, P.C.","Flushing, NY",1,,541110,It Analyst,22.5
The LCF Group,"New Hyde Park, NY",1,255944,52229,Data Science Director,47.5
The Learning Experience Corp.,"Deerfield Beach, FL",1,130000,624410,Senior Bi & Sql Analytics Developer,31.6
The Legend Apparel Inc,"New York, NY",1,65400,4243,Database Administrator,22.5
The Livo Inc.,"Dallas, TX",1,,45811,Sales Data Analyst,22.5
The Marcus Corporation,"Milwaukee, WI",1,115000,512131,Senior Systems Development Analyst,28.2
"The Marketing Store Worldwide, LP","Chicago, IL",1,90000,54181,Decision Scientist,22.5
"The Meckenstock Group, Inc.","Hays, KS",1,44291,523930,Market Research Analyst,22.5
The Mental Health Association of New York City,"New York, NY",1,100000,621330,Senior Data Engineer,24.8
"The Miami Foundation, Inc","Miami, FL",1,114400,813211,Data Scientist,28.0
"The Nasdaq Stock Market, LLC","New York, NY",1,185400,52232,Data Science Manager,44.2
"The New York Stem Cell Foundation, Inc.","New York, NY",1,80000,813212,Associate Data Engineer,22.5
"The Ogilvy Group, LLC","New York, NY",1,210000,541810,"Director, Marketing Analytics",47.5
"The Open Sky Group, LLC","Fuquay Varina, NC",1,74006,5416,Lead Analyst,22.5
The Org Inc.,"Sunny Isle Beach, FL",1,60000,531110,Business Development Analyst,22.5
The P.E. Tucker Insurance Agency Inc.,"West Lafayette, IN",1,75504,524210,Statistical Analyst,22.5
"THE PAMPERED CHEF, LTD.","Addison, IL",1,150000,4243,Sr. Data Architect,36.1
The Pennsylvania State University,"University Park, PA",1,73884,611310,Assistant Research Professor,22.5
The People Company LLC,"Birmingham, AL",1,55000,561330,Marketing Analyst,22.5
"The People Platform, LLC","New York City, NY",1,98700,54191,Data Analyst Engineering Manager,24.5
The Principia Corporation,"St. Louis, MO",1,65231,611310,Academic Assessment Data Manager,22.5
THE PROCESS HEALTH GROUP LLC,"West Palm Beach, FL",1,49629,621111,Management Analyst,22.5
The Purpose Built Group LLC,"Dallas, TX",1,68000,541511,Data And Ai Engineer,22.5
The Ram Law Firm P.A.,"Orlando, FL",1,80000,541110,Business Data Analyst And Strategist,22.5
The Research Foundation at SUNY Binghamton,"Vestal, NY",1,75000,5417,Research Scientist,22.5
The Rockefeller University,"New York, NY",1,145000,611310,Machine Learning Engineer,35.0
"THE ROVISYS COMPANY, INC","Aurora, OH",1,78000,334512,It/Ot Specialist (Computer Systems Analyst),22.5
The Russian School of Mathematics Inc.,"Newton, MA",1,80000,6116,Data Analyst (00064899),22.5
"The School Board of Hillsborough County, FL.","Tampa, FL",1,88186,611110,Senior Systems Analyst,22.5
The Scientific Group LLC,"Long Island City, NY",1,90000,551114,Scheduling Analyst,22.5
THE SMILE INSTITUTE PC,"Brookline, MA",1,,621210,Market Research Analyst,22.5
The Space Consortium,"Cambridge, MA",1,,54199,Research And Development Analyst,22.5
"The Spear Group, LLC","Peachtree Corners, GA",1,,541330,Data Scientist,22.5
"The Stop & Shop Supermarket Company, LLC","Quincy, MA",1,92000,445110,Analyst Profitability,23.0
The Sugrue Group LLC,"Mountainside, NJ",1,88000,541519,Data Engineer,22.5
The Timken Company,"North Canton, OH",1,117183,332991,Principal - Market Intelligence Analyst,28.7
THE TRINITY AI SOFTWARE INC,"Frisco, TX",1,127878,541511,Chief Ai Officer,31.1
"The Ubeauty.com, LLC.","Jacksonville, FL",1,94000,456120,Market Research Analyst,23.4
The University of Arkansas at Little Rock,"Little Rock, AR",1,57000,611310,Research Extension Specialist (Data Science),22.5
The University of Mississippi,"University, MS",1,56500,611310,Data Analyst,22.5
The University of Texas at San Antonio,"San Antonio, TX",1,65437,611310,It Business Analyst Ii,22.5
The University of Texas Permian Basin,"Odessa, TX",1,75000,611310,Business Analyst Manager,22.5
"The Vita Coco Company, Inc.","New York, NY",1,70000,4244,Senior Business Insights Analyst,22.5
"THE WALTON ARTS CENTER COUNCIL, INC.","Fayetteville, AR",1,,711310,It Support Analyst,22.5
The Water Works Board of the City of Birmingham,"Birmingham, AL",1,158163,2213,Pmo Sr. Business Analyst,38.0
"The Wire Digital, Inc.","New York, NY",1,120000,541519,Research Lead,29.3
The Wistar Institute of Anatomy and Biology,"Philadelphia, PA",1,74800,54171,Bioinformatics Analyst,22.5
"Thea Pharma, Inc.","Waltham, MA",1,180000,32541,"Associate Director, Commercial Data Management",43.0
"TheNumber, LLC","New York, NY",1,180000,523910,Data Scientist,43.0
"THEOBROMA CHOCOLATES, LLC","Rahway, NJ",1,,424450,Business Development/Management Analyst,22.5
THG Energy Solutions LLC,"Tulsa, OK",1,86562,541690,"Manager, Quality Control And Data Analytics",22.5
THG LLC,"N. Charleston, SC",1,144000,52239,Business Analyst,34.8
"Think Fish, Inc.","New York City, NY",1,144000,541715,Founding Ai Engineer,34.8
"ThinkRite, Inc.","Pembroke Pines, FL",1,107875,541511,Qa Analyst,26.6
Third Coast Bank,"Humble, TX",1,110000,52211,Business System Analyst,27.0
Third Federal Savings & Loan,"Cleveland, OH",1,120000,522120,Data Engineer,29.3
"Third Wave Systems, Inc.","Eden Prairie, MN",1,118000,541330,Research And Development Engineer,28.9
THN Insurance Solutions,"Oklahoma City, OK",1,55000,5242,Business Operations Analyst - Insurance Services,22.5
Thomaston Place Auction Galleries Inc,"Thomaston, ME",1,56160,459510,Management Analyst,22.5
"THOMPSONGAS, LLC","Frederick, MD",1,73645,454310,Market Research Analyst,22.5
"Thomson Reuters (Tax & Accounting), Inc.","Frisco, TX",1,92502,51919,Salesforce Data Specialist,23.1
Thor Industries IT Solutions Inc.,"New York, NY",1,85000,541511,Market Research Analyst,22.5
Thoreau Club LLC,"Concord, MA",1,81536,713940,Business Analyst,22.5
"THORNTON TOMASETTI, INC.","New York, NY",1,79400,541330,Financial Systems Analyst,22.5
Thoucentric Inc.,"Austin, TX",1,93000,54161,Data Scientist,23.2
Thought Logic Consulting LLC,"Atlanta, GA",1,135000,54161,Senior Epm Consultant (Management Analyst),32.7
THR Property Management LP d/b/a Invitation Homes,"Dallas, TX",1,163633,531110,Data Engineer Iv,39.2
"Three Rivers Commercial Advisors, LLC","Pittsburgh, PA",1,65000,531210,Real Estate Research Analyst,22.5
ThreePlusOne Company LLC,"Pittsford, NY",1,55661,541611,Client Services Analyst,22.5
"Thuli Studios, Inc.","Somerville, MA",1,100000,541511,Ai Researcher,24.8
"thyssenkrupp Materials, LLC","Southfield, MI",1,106434,33299,Sr. Supply Chain Analyst,26.2
Tianjiuhua Group Corp.,"Locust Valley, NY",1,,425120,Business Intelligence Analyst,22.5
"Tibersoft Technologies, Inc.","Westborough, MA",1,104330,541511,Data Warehouse Developer,25.8
Ticket Evolution Inc.,"Arlington, VA",1,170000,541511,Data Engineer Manager,40.7
"TICKETNETWORK, INC.","South Windsor, CT",1,81009,511210,Database Administrator,22.5
Tidel Engineering L.P.,"Carrollton, TX",1,200000,56161,Ai Architect,47.5
Tidy Flaming LLC,"Cedar Park, TX",1,48339,561720,Digital Marketing Research Analyst -  New Market Strategy,22.5
Tidy Flamingo LLC,"Cedar Park, TX",1,48339,561720,Digital Marketing Research Analyst -  New Market Strategy,22.5
Tier One Analytics Inc.,"Mclean, VA",1,,541990,Data Scientist,22.5
"Tietronix Software, Inc.","Houston, TX",1,83533,541511,Operations Research Analyst,22.5
"TIG Distributing, Inc.","Marshalltown, IA",1,72467,541614,Operations Research Analyst,22.5
TIGER ADVISORY ASSOCIATES LLC,"Parsippany, NJ",1,129000,541512,Senior Data Remediation Consultant,31.4
Tiger Cloud LLC,"New York, NY",1,106000,518210,Business Analyst,26.1
Tigerless Health Inc,"New York, NY",1,,5242,Market Research Analyst,22.5
"TIH Insurance Holdings, LLC","Charlotte, NC",1,108080,524210,Lead Data Systems Engineer,26.6
"TikaMobile, Inc.","New York, NY",1,80000,3254,Qa And Client Support Analyst,22.5
"Tile Depot of NY, Inc.","Brooklyn, NY",1,150000,444180,Market Research Analyst,36.1
"Tiles In Style, LLC","South Holland, IL",1,,238330,Business Analyst,22.5
Time Manufacturing Holdings LLC,"Westlake, TX",1,157500,333923,Sr. Manager Commercial Analytics Business Partner,37.8
"Time Therapeutics, Inc.","New York, NY",1,300000,456199,Vice President Of Analytics,47.5
"TimeClock Plus, LLC.","San Angelo, TX",1,75000,513210,Financial Analyst,22.5
"TimeTrade Systems, Inc.","Tweksbury, MA",1,74922,541512,Technical Business Analyst,22.5
TIMONI TECH INC.,"Houston, TX",1,102918,54151,Data Engineer,25.4
"Tinuiti, Inc.","Philadelphia, PA",1,130410,541810,Business Intelligence Developer Ii,31.7
"TIP STRATEGIES, INC.","Austin, TX",1,70000,541611,Analyst 8647952,22.5
Tire Masters LLC,"Houston, TX",1,66102,4413,Global Logistics Analyst,22.5
Tirech LLC,"Oklahoma City, OK",1,72010,4541,Data Scientist,22.5
"Tirehub, LLC","Dunwoody, GA",1,110000,423130,Bi Reporting Developer,27.0
Tiruven Inc,"Irving, TX",1,,541511,Sr. Information Systems Analyst,22.5
TISCO  Group Inc,"Farmington Hills, MI",1,100000,541511,Systems Analyst/Business Data Analyst,24.8
"Titan Advanced Energy Solutions, Inc.","Salem, MA",1,100000,334515,Associate Data Scientist,24.8
"Titan Data Group, Inc.","Woodbury, MN",1,,541512,It - Data Analyst,22.5
"Titan Manufacturing and Distributing, Inc.","Memphis, TN",1,72500,4441,Supply Chain Analyst,22.5
"Titania Solutions Group, Inc.","Mclean, VA",1,165000,541512,Lead Business Analyst,39.5
TLATech Inc.,"New York, NY",1,210000,541511,Machine Learning Engineer,47.5
TLJ Chicago LLC,"Chicago, IL",1,,3118,Market Research Analyst,22.5
"TLSC Manufacturing, Inc.","Lewisville, TX",1,67995,561110,Business Intelligence Analyst,22.5
TMC USA North East Inc.,"Miami Beach, FL",1,90000,541330,Functional Business Analyst,22.5
TMH Physician Organization,"Houston, TX",1,135021,62111,Data Scientist,32.7
"TMone, LLC","Iowa City, IA",1,55000,56142,Accounting Analyst,22.5
TMS LLC.,"Parsippany, NJ",1,123656,541511,Programmer Analyst,30.1
TMSI LLC,"North Canton, OH",1,86258,5416,Software System Analyst,22.5
TN Service Inc,"Nashville, TN",1,,484121,Logistics Analyst,22.5
"TN Supreme Court, Administrative Office of the Courts","Nashville, TN",1,96845,9211,Test Analyst Advanced,24.1
TNA Associates,"Miami, FL",1,70000,541613,Data Engineer,22.5
"TNEDICCA, Inc","Powell, OH",1,130000,541511,"Manager, Data Science And Engineering",31.6
"Todata Analytics, LLC","Omaha, NE",1,60000,541511,Operations Research Analyst,22.5
"Tokio Marine Management, Inc.","Jersey City, NJ",1,128638,524298,Quality Analyst It Liaison,31.3
Tolead Logistics DFW,"Irving, TX",1,,48851,Logistics Operations Analyst,22.5
Tom McLeod Software Corporation,"Birmingham, AL",1,125000,54151,"Software Developer, Machine Learning",30.5
"Tomo Networks, Inc.","New Canaan, CT",1,195000,522292,Principal Data Scientist,46.4
Too Express NJ LLC,"Camden, NJ",1,72000,492210,Business Analyst,22.5
"Tookitaki, Inc.","Charlotte, NC",1,150000,541511,Senior Data Scientist,36.1
"ToolsGroup, Inc.","Boston, MA",1,132609,541512,Data Analyst,32.2
TOP BEAUTY INC,"Atlanta, GA",1,65000,424990,Marketing Analyst,22.5
TOP BUCKET LLC,"Islip, NY",1,80000,54199,Business Analyst,22.5
"Top Business Importer, Corp","Miami, FL",1,,425120,Market Research Analyst,22.5
Top Choice Brands Inc,"Brooklyn, NY",1,,455219,Statistical Analyst,22.5
TOP SHELF AUTOMOTIVE LLC,"Newark, NJ",1,,441110,Business Intelligence Analyst,22.5
"Top Shelf Enterprises, LLC","Rochester, NY",1,112112,459120,"Sr Director Business Operations, Strategy & Analytics",27.5
Top Value Pharmacy LLC,"Bronx, NY",1,,446110,Business Development Analyst,22.5
"TopAllicance  Biosciences, Inc.","Rockville, MD",1,65999,541715,Database Administrator And Information Technology Specialist,22.5
Toplin Inc.,"Long Island City, NY",1,,541611,Management Analyst,22.5
TopQuadrant Inc.,"Raleigh, NC",1,91229,518210,Quality Assurance Analyst,22.8
TopTech1 Inc,"Newburgh, IN",1,62000,541511,Sas Statistical Programmer,22.5
"Torch International Trading and Investment, Inc.","Lake Zurich, IL",1,75000,4581,Marketing Analyst,22.5
TorchStone Global LLC,"Brentwood, TN",1,118414,5616,Senior Data Analyst,29.0
TORO IMPORTS LLC,"Houston, TX",1,88712,42499,Business Analyst,22.5
Torrid OH LLC,"West Jefferson, OH",1,150648,424350,Senior Systems  Analyst,36.3
Tortoise Investment Group LLC,"Huntersville, NC",1,107016,525910,Business Intelligence Analyst,26.4
Tosca Services LLC,"Atlanta, GA",1,90958,561910,Data Engineer Ii,22.7
TOSCO INTERNATIONAL INC.,"New York, NY",1,,423940,Business Analyst,22.5
Total Data Tech LLC,"Gainesville, FL",1,74000,541612,Statistical Analyst,22.5
"Total Petrochemicals & Refining USA, Inc.","Houston, TX",1,125600,325998,Business Analyst,30.6
Total USA Services LLC,"Davie, FL",1,,561431,Business Intelligence Analyst,22.5
"TotalEnergies American Services, Inc.","Houston, TX",1,120000,325998,Power Market Analyst,29.3
"TotalEnergies Petrochemicals & Refining USA, Inc.","Houston, TX",1,125600,325998,Business Analyst,30.6
"Toto USA, Inc.","Morrow, GA",1,69202,32711,"Business Data Analyst, Planning",22.5
Tower Peak Partners US LLC,"New York, NY",1,93750,523940,Associate - Data & Analytics,23.4
"Towne Park, LLC","Plymouth Meeting, PA",1,101645,56121,It - Data Analyst,25.1
"Towne Properties Asset Management Company, INc.","Cincinnati, OH",1,58000,531312,Management Analyst,22.5
TOYO FINANCE LLC,"Cypress, TX",1,59000,423120,Data Scientist,22.5
"Toyota Connected North America, Inc.","Plano, TX",1,186098,54199,Senior Data Engineer,44.3
"Toyota Motor North America, Inc.","Plano, TX",1,131000,33611,Senior Big Data Full Stack Engineer,31.8
Trade Lines Inc.,"South Plainfield, NJ",1,100506,424310,Management Analyst,24.9
Tradeforce Inc.,"Houston, TX",1,,493110,Jr. Database Administrator,22.5
"Tradelink, LLC","Chicago, IL",1,130000,5239,Database Administator,31.6
"TradeStation Securities, Inc.","Plantation, FL",1,140000,523150,Compliance Data Lead Analyst,33.9
"Trading Technologies International, Inc.","Chicago, IL",1,138715,541511,Business Intelligence Analyst,33.6
"Tradition Management, LLC","Dallas, TX",1,67995,623311,Business Intelligence Analyst,22.5
Trago Tech Inc,"Dallas, TX",1,97261,541511,Qa Analyst,24.2
"Trainor Associates, Inc.","New Hartford, NY",1,65000,541810,Marketing Analyst,22.5
"Traittek, LLC","Edmond, OK",1,105000,5416,Ai Solution Architect,25.9
"Trans Ocean Import Co., Inc.","Port Chester, NY",1,76500,449121,It Analyst,22.5
Transal Corporation,"Miami, FL",1,210000,523940,Strategic Global Business Analyst,47.5
Transanatolia Rug Corporation,"Atlanta, GA",1,80000,442210,Online Marketing And Procurement Analyst,22.5
"Transcare Detroit, Inc","Southfield, MI",1,57000,485991,Logistics Analyst,22.5
"Transdev Alternative Services, Inc.","Lombard, IL",1,95000,4851,Performance Manager (Data Scientist),23.6
Transform ServiceLive LLC,"Hoffman Estates, IL",1,97000,811412,"Analyst, Business Analytics",24.1
Transform SR Holding Management LLC,"Hoffman Estates, IL",1,140000,45511,"Dir, Business Analytics 1",33.9
Transform SR Holdings Management LLC,"Hoffman Estates, IL",1,93309,452210,"Analyst, Business Analytics",23.3
Transfotech Global Corp.,"New York, NY",1,79789,541511,Market Research Analyst,22.5
"Translucence Research, Inc.","Middletown, DE",1,,513210,Chief Scientist,22.5
TransMarket Operations LLC,"Chicago, IL",1,102690,523150,Data Services Engineer,25.4
"TransMedics, Inc.","Andover, MA",1,142000,621991,Senior Clinical Statistical Programmer,34.3
"TransNet Enterprises, Inc.","Stafford, TX",1,65000,522320,Market Research Analyst,22.5
TransPerfect Document Management Inc.,"New York, NY",1,78478,54193,Senior Litigation Support Analyst,22.5
"Transportation Management Services, Inc.","Frederick, MD",1,80000,485999,"Manager, Transport Systems - Data & Analytics",22.5
"Transportation Research Center, Inc.","East Liberty, OH",1,100000,541330,Research Scientist I,24.8
TransQual Corporation,"Little Rock, AR",1,75000,541511,It Systems Analyst,22.5
Transurban (USA) Inc.,"Tysons, VA",1,91800,237310,Transport Business Data Analyst,22.9
TRASTAR INC.,"Richardson, TX",1,80000,423990,Business Analyst,22.5
"Travel Leaders Group, LLC","New York, NY",1,103210,561510,"Lead, Financial Systems Analyst (Software Developer)",25.5
"Travelator, Inc. (a wholly owned subsidiary of U.S. Bank)","Minneapolis, MN",1,150000,513210,Software Engineer Data Engineer,36.1
"Traver Companies, LLC","Richardson, TX",1,75000,551114,Jr Data Analyst,22.5
"Trax Retail, Inc.","Boston, MA",1,112222,51321,Data Scientist,27.6
"TraxID, LLC","Farmers Branch, TX",1,70000,541511,Data Scientist,22.5
Traxion Group,"Chicago, IL",1,85000,541611,Senior Data Analyst,22.5
TRAYAH TECH LLC,"Rocky Hill, CT",1,96000,541511,Quality Analyst / Qa Tester,23.9
TreasurySoft LLC,"Mclean, VA",1,120000,561311,Oracle Fusion Hcm Payroll Analyst,29.3
"Treealgo, LLC","Charlotte, NC",1,73195,541511,Quality Analyst/Tester,22.5
"Treenova, Inc.","Warrenville, IL",1,,454390,Market Research Analyst,22.5
"Trellance, Inc.","Tampa, FL",1,130563,541512,Business Intelligence Analyst,31.7
Tremco CPG Inc.,"Beachwood, OH",1,80000,236220,Data Analytics And Reporting Architect,22.5
Trend Health Partners,"Cockeysville, MD",1,109200,561990,Data Engineer Ii,26.9
"Trendline Interactive, d/b/a Shift Paradigm","Austin, TX",1,87125,541613,Data & Analytics Engineer,22.5
"Trew, LLC.","West Chester, OH",1,81786,541512,Data Science Engineer,22.5
Tri-Com Technical Service LC,"Leawood, KS",1,131206,5416,Application Database Administrator,31.9
Triad Math and Science Academy Co.,"Apex, NC",1,80000,611110,Student Data Coordinator,22.5
Triage LLC,"Omaha, NE",1,78333,561330,Data Scientist,22.5
TRIB Biosensors Inc,"Buffalo, NY",1,200000,325413,Senior Principal Ml Scientist,47.5
"TRICANIA LABS, LLC","Jefferson, MD",1,75000,541511,Database Administrators,22.5
Trice Coffee Inc.,"New York, NY",1,85000,722515,Management Analyst,22.5
Tricon Solutions LLC,"Hamilton, NJ",1,115000,541511,Sr. Data Engineer,28.2
"Trident Home Loans, LLC","Pensacola, FL",1,60000,522310,Management Analyst – Post Closing Department,22.5
"Trident Transport, LLC","Chattanooga, TN",1,95000,488510,Senior Sql Database Manager,23.6
Trident Tropical Milford LLC,"Stratford, CT",1,93621,722511,Business Intelligence Analyst,23.3
"TriHealth, Inc.","Cincinnati, OH",1,152090,622110,"Manager, Data Warehouse",36.6
Trihex Athletic Apparel LLC,"Marysville, OH",1,85000,4581,Software Engineer - Data Integration,22.5
"Trika Technologies, Inc","Warren, NJ",1,134014,541511,Senior Business Systems Analyst-Ebusiness,32.5
"TRIKAISER, LLC.","North Charleston, SC",1,120000,541511,Erp & Database Manager,29.3
"Trillion Technology Solutions, Inc.","Reston, VA",1,117522,54151,Data Integration Developer,28.8
"TRILLIUM MANAGEMENT, LLC","New York, NY",1,115000,523150,Trading Operations Analyst,28.2
Trilogy Federal LLC,"Arlington, VA",1,110739,541611,Data Engineer,27.2
"Trilogy International, Inc.","Southfield, MI",1,81557,54133,Sr. Business Analyst,22.5
"Trilogy Management Services, LLC","Louisville, KY",1,94806,621340,Sr. Database Reporting Analyst,23.6
Trilok Software Solutions LLC,"Cedar Park, TX",1,100000,541511,Data Scientist,24.8
Trimac Transportation Inc.,"Houston, TX",1,81120,484230,Data Analyst,22.5
"Trimen Industrial, LLC","Belgium, WI",1,74090,332710,Business Intelligence And Data Analyst,22.5
"Trinity Health of New England Corporation, Inc.","Hartford, CT",1,,622110,Business Intelligence Analyst,22.5
Triphi Technologies LLC,"Irving, TX",1,86050,541511,Business Intelligence Analyst,22.5
TRIPLE 555 LLC,"New York, NY",1,65100,5311,Systems Analyst,22.5
"Tripp Umbach, Inc.","Kansas City, MO",1,67419,541611,Market Research Analyst,22.5
Triton Digital Inc.,"San Antonio, TX",1,130000,5182,Ml Software Engineer Ii,31.6
"TRITORC, INC","Pasadena, TX",1,71386,423830,Market Research Analyst,22.5
Trivium TAE LLC,"Washington, DC",1,50523,54172,Analyst,22.5
Trobus Technologies LLC,"Laurel, MD",1,,541511,Business Analyst,22.5
Tronicom Corp,"Saint Louis, MO",1,67600,561621,Supply Chain Analyst,22.5
"TROPICAL FOODS, LLC","Doral, FL",1,75000,425120,Business Analyst,22.5
"Troxler Electronic Laboratories, Inc.","Research Triangle Park, NC",1,68411,33331,Software Business Analyst,22.5
Troy Granite Pittsburgh Inc.,"Pittsburgh, PA",1,51000,238340,Network/Database Administrator,22.5
"Tru Fragrance & Beauty, LLC","Willowbrook, IL",1,75000,424210,"Analyst, Consumer Insights",22.5
Tru Touching Humans LLC,"Plano, TX",1,81648,541810,Market Research Analyst,22.5
TrueChoicePack Corp.,"West Chester, OH",1,90000,326199,Data Analyst,22.5
"TrueData Solutions, Inc.","Chicago, IL",1,88275,541810,Data Analyst,22.5
TrueML Products LLC,"Lenexa, KS",1,180000,513210,"Senior Technical Product Manager, Data Science",43.0
TrueML Shared Services LLC,"Lenexa, KS",1,124312,561110,Senior Data Analyst,30.3
"Trumid Technologies, LLC","New York, NY",1,140000,52321,Business Intelligence Analyst,33.9
Trupti N. Patel & Associates,"Burlington, MA",1,59000,5411,Data Analyst,22.5
TRUPTISUDHIR PHARMACY CORP,"Bronx, NY",1,100000,446110,Database Administrator,24.8
"TrussTECH, Inc.","Justin, TX",1,72800,5132,Computer System Analyst,22.5
"Trusted Media Brands, Inc.","New York, NY",1,120000,516210,Oracle Application Technical Analyst,29.3
Trustees of Grinnell College,"Grinnell, IA",1,,611310,Data Analyst,22.5
"Trustek, Inc.","Monmouth Junction, NJ",1,121000,541511,Database Administrator,29.5
Trustmark Services Company,"Lake Forest, IL",1,139926,524114,Sql Database Administrator (Dba),33.8
TruVolt Brands LLC,"New Castle, DE",1,110000,541219,Data Analyst Ecommerce Sales,27.0
TS Precision USA Inc,"Newnan, GA",1,63107,333511,Market Research Analyst,22.5
tsQs Inc,"Irving, TX",1,60000,541511,Accessibility Analyst,22.5
"TSR Consulting Services, Inc.","Hauppauge, NY",1,140000,5415,Product Support Analyst,33.9
"TTEC Consulting, Inc.","Austin, TX",1,149997,541613,"Senior Manager, Data Analytics",36.1
TULA Life Inc.,"New York, NY",1,163000,446120,Business Intelligence Analyst (Snr. Analytics Manager),39.1
"TULU, Inc.","New York, NY",1,85000,532310,Product Strategy Analyst,22.5
Tupoin Inc.,"East Brunswick, NJ",1,110531,541511,Database Engineer,27.2
Turf Capital Management LLC,"New York, NY",1,,523910,Market Research Analyst,22.5
TURKON AMERICA INC.,"Secaucus, NJ",1,61200,488510,Market Research Analyst,22.5
TURMERIC BITES LLC,"Peekskill, NY",1,,72251,Business Intelligence Analyst,22.5
TURNKEY HOSPITALITY SOLUTIONS,"Houston, TX",1,48381,425120,Business Data Analyst,22.5
Tutelary Inc,"Charlotte, NC",1,107500,541519,Data Engineer,26.5
TUTULAND LLC,"Boston, MA",1,,711190,Management Analyst,22.5
Tvisha Technologies Inc.,"Iselin, NJ",1,79976,541511,It Analyst,22.5
TVS BUYER LLC,"Secaucus, NJ",1,105019,456191,Sr. Crm Analyst,25.9
"Twigeo, Inc.","Brooklyn, NY",1,107000,541613,Senior Growth Analyst,26.4
"Twin Peak International, Inc.","Atlanta, GA",1,47000,42499,Market Reasearch Analyst,22.5
"Twin-Star International, Inc.","Boca Raton, FL",1,95481,423210,Senior Data Engineer,23.7
Twinklediam Inc.,"New York, NY",1,84000,458310,Business & Data Analyst,22.5
Twinlab Consolidation Corporation,"Boca Raton, FL",1,150000,456191,Senior Business Analyst,36.1
"Twisted X, Inc.","Decatur, TX",1,70000,44821,Analytics Engineer,22.5
Two Circles Inc.,"New York, NY",1,65000,541613,Analyst,22.5
"TX Plywood Industry Inc (fka TX Veneer Product, Inc.)","Woodville, TX",1,78000,321911,Operations Research Manager,22.5
Tyres International Inc.,"Stow, OH",1,95000,441340,Senior Data Analyst,23.6
TYRULA LLC,"Vienna, VA",1,82750,541511,Business Intelligence Developer,22.5
U Save Insurance Services Inc,"Houston, TX",1,100500,524210,Business Analyst,24.9
"U-Play USA, LLC","Virginia Beach, VA",1,,322291,Market Research Analyst,22.5
"U.S. Financial Technology, LLC","Bethesda, MD",1,131912,522299,Quality Assurance Analyst Iii,32.0
"U.S. Maryland International, LLC","Sugar Land, TX",1,59000,722511,Business Analyst,22.5
"U.S. Venture, Inc.","Appleton, WI",1,170000,423130,Data Engineer Leader,40.7
"Ubicquia, Inc.","Fort Lauderdale, FL",1,175000,541519,Lead Data And Ai Developer,41.8
UC Auto Inc.,"Urbana, IL",1,87283,441120,Automation & Ai Systems Developer,22.5
Ucode Technologies LLC,"Ashburn, VA",1,95000,541511,Data Scientist,23.6
"uConnect, Inc.","Cambridge, MA",1,84000,541511,Director Of Partnerships/Operations Research Analyst,22.5
UCOVY CONNECTS INC,"O Fallon, MO",1,105227,541511,Power Bi Developer,26.0
UFlex Packaging Inc.,"Fort Lee, NJ",1,80000,326112,Business Analyst,22.5
UGI Energy Services LLC,"Wyomissing, PA",1,113000,2212,Senior Power Bi Analyst,27.7
"UGN, Inc.","Downers Grove, IL",1,135000,3363,Senior Business Systems Analyst,32.7
Ukrish LLC,"Burlington, MA",1,79227,541511,Business Analyst,22.5
UL VERIFICATION SERVICES INC.,"Northbrook, IL",1,72665,5415,It Technical Analyst,22.5
"Ullico, Inc.","Silver Spring, MD",1,112000,523920,Sr. Bus Analyst Quality Assurance,27.5
"ULSE, Inc.","Evanston, IL",1,117792,541715,Senior Data Scientist,28.8
"Ulteig Engineers, Inc.","Fargo, ND",1,133182,541330,Senior Digital Transformation Analyst,32.3
"Ultimate Jet Vacations, LLC","Miami, FL",1,,5615,It Systems Analyst,22.5
"Ultimate Leather Apparel, Inc.","Fayetteville, TN",1,66000,4243,Import/Export Logistics Analyst,22.5
Ultra Roofing LLC,"Cary, NC",1,,238160,Digital Marketing & Business Intelligence Strategist,22.5
"UltraViolet Cyber, Inc.","Mclean, VA",1,165600,541519,Senior Programmer Analyst,39.7
Ulytics inc,"Naperville, IL",1,78400,541511,Data Architect,22.5
UMI Acquisition Inc,"Sterling Heights, MI",1,82000,336110,Data Scientist,22.5
Undocked Inc.,"Alpharetta, GA",1,100000,541614,Senior Functional Analyst/Consultant,24.8
"Unica Group, Inc.","Mechanicsburg, PA",1,,541511,Business Intelligence Analysts,22.5
Unica Journeys LLC,"Brooklyn, NY",1,79789,561510,Market Research Analyst,22.5
UNICAREER LLC,"New York, NY",1,,611710,Software Developer And Analyst,22.5
"UNIFIED BUSINESS TECHNOLOGIES, INC","Troy, MI",1,68000,5179,Business Analyst,22.5
Unified School District 500,"Kansas City, KS",1,76736,61111,Special Education Systems Data Analyst,22.5
"UnifyApps, Inc.","New York, NY",1,200000,541519,Business Intelligence Analyst,47.5
UniGlobe Capital LLC,"New York, NY",1,,5239,Data Analyst,22.5
"UniGroup, C.A.","Fenton, MO",1,143277,541614,Lead Data Engineer,34.6
Unilumin USA LLC,"Orlando, FL",1,65000,4234,Operations Research Analyst,22.5
Union Bank & Trust Company,"Lincoln, NE",1,78000,522110,Business Intelligence Analyst Ii,22.5
Union Biometrica Inc,"Holliston, MA",1,101158,334516,Computer Systems Analyst,25.0
"Union Supply Group, Inc.","Dallas, TX",1,128750,42385,Senior Business Intelligence Developer,31.3
Union Tank Car Company,"Chicago, IL",1,80000,48821,Human Resources Systems Analyst,22.5
UnionPay International (USA) LLC,"Jersey City, NJ",1,67080,541613,Merchant Development Analyst,22.5
"Uniprime Resources, Inc.","Englewood Cliffs, NJ",1,80717,541611,Management Analyst,22.5
UniqLearn inc.,"New York, NY",1,113693,611710,Head Of Artificial Intelligence And Machine Learning,27.9
"UNIQUE WHOLESALE, LLC","Norcross, GA",1,69202,424940,Business Intelligence Analyst,22.5
Unistrut International Corporation,"Harvey, IL",1,77875,331210,Product Data Specialist,22.5
"Unite Private Networks, LLC","Kansas City, MO",1,65000,517111,Access Management Database Administrator,22.5
United Aline Services Inc.,"Great Neck, NY",1,,524210,Operations Research Analyst,22.5
UNITED AMERICAN MUSLIM ASSOCIATION OF NY INC,"Brooklyn, NY",1,,813110,Systems Analyst,22.5
UNITED BIOSOURCE LLC,"King Of Prussia, PA",1,93750,541611,Sr. Data Warehouse Engineer,23.4
"United Call Center Solutions, LLC","Dallas, TX",1,102877,561422,"Sr. Analyst, Enterprise Applications Programming",25.4
"United Canvas & Sling, Inc.","Lincolnton, NC",1,68000,339920,Management Analyst,22.5
United Casualty & Surety Insurance Company,"Boston, MA",1,80000,524126,Data Analyst,22.5
United Consumer Financial Services Company,"Westlake, OH",1,62130,522291,Credit Risk Analyst,22.5
"United Electronics Corp., Inc.","Franklin Park, IL",1,70000,33441,Printed Circuit Board Database Engineer,22.5
United Fire & Casualty Company,"Cedar Rapids, IA",1,108000,5241,Data Scientist I,26.6
United Fortune IT SolutionsLLC,"Aurora, IL",1,129700,541511,Data Engineer,31.5
United Group Underwriters LLC,"Miami Gardens, FL",1,120000,5241,Senior Business Analyst - It Dept.,29.3
United Parks & Resorts Inc.,"Orlando, FL",1,105000,713110,"Manager, Planning And Analytics",25.9
United Premium Foods LLC,"Woodbridge, NJ",1,,493120,Logistics And Supply Chain Analyst,22.5
"United Radio, Inc.","East Syracuse, NY",1,80000,811412,Erp Business Intelligence Developer/Analyst,22.5
United Rags Recycler LLC,"Houston, TX",1,37357,423990,Market Research Analyst,22.5
"United Refrigeration, Inc.","Philadelphia, PA",1,90000,333415,Ecommcerce Data Analyst,22.5
United Software Corporation,"Austin, TX",1,,541511,Business Intelligence Analyst,22.5
"United States Cold Storage, Inc.","Camden, NJ",1,94000,493120,Data Engineer,23.4
United States Liability Insurance Company,"Wayne, PA",1,86736,524126,Business Intelligence Developer,22.5
United Tech Systems Inc,"Alpharetta, GA",1,103730,541511,Business Systems Analyst,25.6
UNITED TEKINFO HUB LLC.,"Farmers Branch, TX",1,73154,541511,Data Engineer,22.5
"United Telecom USA, Inc.","Westbury, NY",1,,443142,Business Analyst,22.5
United Way of Erie County,"Erie, PA",1,52229,813219,Donor Database Specialist,22.5
United Way of San Antonio & Bexar County,"San Antonio, TX",1,59708,624190,Impact Data Analyst,22.5
United Wheels Inc,"Miamisburg, OH",1,48000,423910,Demand Planning Analyst,22.5
Univ of WI System,"Madison, WI",1,72000,611310,Research Associate - Postdegree Trainee,22.5
Univ of WI System Admin,"Madison, WI",1,71074,611310,Business Systems Analyst I,22.5
"Universal Business Consulting, Inc.","Princeton, NJ",1,96720,541511,Data Engineer,24.0
UNIVERSAL DELIVERY SOLUTIONS LLC,"Iselin, NJ",1,,492110,Business Systems Analyst,22.5
"Universal Processing, LLC","New York, NY",1,,52232,Data Analyst,22.5
"Universal Robotics, Inc.","Nashville, TN",1,110000,54151,Machine Learning Engineer,27.0
Universal Service Administrative Company,"Washington D.C., DC",1,148000,92119,Associate Manager Of Business Intelligence,35.7
University Federal Credit Union,"Austin, TX",1,125000,522130,Senior Quality Assurance Analyst,30.5
University of Arkansas at Pine Bluff,"Pine Bluff, AR",1,50981,611310,Research Project Analyst,22.5
University of Baltimore,"Baltimore, MD",1,89421,611310,Enrollment Management Data Analyst,22.5
University of Central Oklahoma,"Edmond, OK",1,49130,611310,Crm Marketing Analyst,22.5
University of Dubuque,"Dubuque, IA",1,41746,611310,Market Research Analyst,22.5
University of Evansville,"Evansville, IN",1,52978,611310,Data Analyst,22.5
University of Maryland Medical Center,"Linthicum, MD",1,62000,622110,Data Analyst Ii,22.5
University of Massachusetts Dartmouth,"North Dartmouth, MA",1,64000,611310,Research Associate,22.5
University of Massachusetts Medical School,"Woburn, MA",1,92622,922130,Data Analyst,23.1
UNIVERSITY OF NORTH CAROLINA AT PEMBROKE,"Pembroke, NC",1,95659,611310,It Business Intelligence Data Analyst,23.8
University of Pittsburgh Physicians,"Pittsburgh, PA",1,109990,62111,Associate Data Scientist,27.0
UNIVERSITY OF WEST GEORGIA,"Carrollton, GA",1,110000,611310,Salesforce Business Analyst,27.0
"University Physicians & Surgeons, Inc.","Huntington, WV",1,71869,62111,Data Architect,22.5
University Settlement Society of New York,"New York, NY",1,,624190,Operations Research Analyst,22.5
University System of New Hampshire,"Durham, NH",1,86559,611310,Salesforce Database Administrator,22.5
"Univest Securities, LLC","New York, NY",1,,523210,Market Research Analyst,22.5
"UniVOD, LLC","Miami, FL",1,65000,516120,"Senior Analyst, Content Partnership",22.5
"Unlock Health, Inc.","Nashville, TN",1,140000,541810,Lead Data Engineer,33.9
UpClear Inc.,"New York, NY",1,102000,511210,Data Science Developer -  Associate,25.2
UPL NA Inc.,"Cary, NC",1,71873,541714,Inventory Analyst,22.5
"UPM Raflatac, Inc.","Mills River, NC",1,93137,561910,"Senior Analyst, Digital Solution",23.2
Upmynd Inc,"Irving, TX",1,92040,541512,Data Engineer,23.0
Upper Jets LLC,"Fort Lauderdale, FL",1,84000,481211,Data Scientist,22.5
UPS Capital Corporation,"Atlanta, GA",1,80250,49211,Data & Business Intelligence Analyst,22.5
"UPS, Inc. (OH)","Atlanta, GA",1,105290,49211,Data Science Analyst,26.0
Upshop LLC,"Austin, TX",1,122224,541511,Data Engineer,29.8
"Upside Services, Inc.","Washington, DC",1,260000,541511,Principal Learning Scientist,47.5
"UpSight, LLC","Tampa, FL",1,230000,513210,"Staff Software Engineer, Data",47.5
"Upstate Niagara Cooperative, Inc.","Lancaster, NY",1,55827,311511,Erp Systems Analyst,22.5
UpSwell LLC,"Marietta, GA",1,85200,541613,Business Intelligence Analyst,22.5
Uptik Solutions Inc,"Farmers Branch, TX",1,115918,541511,Principal Architect – Data Analytics (Data Engineer),28.4
"Uptime Institute Professional Services, LLC","New York, NY",1,110864,541512,Business Intelligence Analyst,27.2
Upward Innovations LLC,"Garland, TX",1,92500,541511,Data Engineer,23.1
"Upway USA, Inc","Brooklyn, NY",1,150000,811490,"Strategy, Planning And Logistics Analyst",36.1
Urbane Systems LLC,"Herndon, VA",1,104832,541512,Data Analyst,25.9
"Ursa Health, LLC","Nashville, TN",1,182200,518210,Principal Healthcare Data Architect,43.5
US Default Group Inc.,"Boca Raton, FL",1,270000,541611,Director Of Ai And Automation,47.5
US Electronics Inc,"Minneapolis, MN",1,,541511,Business Analyst,22.5
"US Fertility, LLC","Rockville, MD",1,137280,621410,Business Intelligence Manager,33.2
US Financial Advisory and Audit Firm,"Edina, MN",1,65100,541211,Data Analyst,22.5
"US Foods, Inc.","Rosemont, IL",1,160000,424410,Data Architect,38.4
US India Strategic Partnership Forum,"Washington, DC",1,74464,81331,Member Services Analyst,22.5
US NET METRICS INC,"Chicago, IL",1,66500,541511,Software Test Analyst,22.5
"US Premium Molders, LLC","Berwick, PA",1,,326199,Business Analyst,22.5
US TECH SOLUTIONS INC,"Jersey City, NJ",1,105000,541519,Business Systems Analyst,25.9
"USA Cinema Services, LLC","Dallas, TX",1,152045,512131,Data Engineering Director,36.6
USA TECH CONSULTING LLC,"Houston, TX",1,87152,541511,Bussiness Analyst,22.5
"USA WHEEL AND TIRE OUTLET, INC.","Mesquite, TX",1,,441320,Database Administrator,22.5
USAA Life Insurance Company,"San Antonio, TX",1,152000,524113,Business Rules Analyst Lead,36.6
USAM Group Inc.,"New York, NY",1,100000,541613,Data Scientist,24.8
USFAAF Inc,"Edina, MN",1,66706,541219,Data Analyst,22.5
USI Insurance Services,"Valhalla, NY",1,144000,524210,Data Warehouse Architect,34.8
USP Management Inc.,"Fort Lee, NJ",1,100000,42351,Management Analyst,24.8
"Usual Things, Inc.","New York, NY",1,140000,51321,Machine Learning Engineer,33.9
"UTILIMARC, LLC","St. Louis Park, MN",1,134805,541512,Data Scientist,32.7
"Utilli, LLC","Mclean, VA",1,55000,54151,Business Analyst,22.5
UtilPros LLC,"Plano, TX",1,80000,541511,Business Analyst,22.5
Utthunga LLC,"Houston, TX",1,85634,54133,Lead System Analyst,22.5
V & S 1 LLC.,"Semmes, AL",1,70000,4453,Database Administrator,22.5
V-TIC SERVICES INC,"Houston, TX",1,77000,541380,Business Analyst,22.5
V.L.S Systems Inc.,"Chantilly, VA",1,116000,541511,Senior Data Warehouse Engineer,28.4
V2 Innovations Inc.,"Canton, MI",1,127000,541511,Sr. D365 Business Analyst,30.9
V2Software Technologies LLC,"Alpharetta, GA",1,81245,541511,Data Analyst,22.5
V7techlabs,"Concord, NC",1,106974,513210,Programmer Analyst,26.4
VA2 Corporation,"Sugar Land, TX",1,80000,524292,Business Intelligence Analyst,22.5
VAAKRUTHI SOLUTIONS INC,"Irving, TX",1,67995,541511,Data Scientist,22.5
Vaarida Technologies LLC,"Raleigh, NC",1,64000,541511,Data Analyst,22.5
Vaazu Inc,"Sugar Land, TX",1,90000,541511,Sr. Systems Analyst,22.5
VACE GROUP LLC,"Cambridge, MA",1,,61171,Education Management Analyst,22.5
"VADILAL INDUSTRIES(USA), INC.","Bristol, PA",1,,424490,Database Administrator,22.5
"VAJ, LLC","Webster Groves, MO",1,,48851,Operations Research Fuel Analyst,22.5
Valam Services LLC,"Chalfont, PA",1,85280,5415,Programmer Analyst,22.5
VALDOSTA STATE UNIVERSITY,"Valdosta, GA",1,68765,611310,It Business Analyst,22.5
ValidiFI Inc.,"Alpharetta, GA",1,89877,5239,Data Analyst,22.5
VALIDIT SOLUTIONS LLC,"Atlanta, GA",1,75000,541330,Production Planning Analyst,22.5
"Valley Queen Cheese Factory, Inc.","Milbank, SD",1,58448,311513,Operations Research Analyst,22.5
Valley View Community Unit School District 365U,"Romeoville, IL",1,,611110,Research Specialist,22.5
"Valmet Flow Control, Inc. (f/k/a Neles USA, Inc.)","Shrewsbury, MA",1,75000,332911,Operations Analyst,22.5
"Valo Health, Inc.","Lexington, MA",1,155000,54171,Senior Data Scientist,37.3
Valrix LLC.,"Libertyville, IL",1,108077,54199,Ai  Software Engineer,26.6
Valuable Insight Inc.,"Miami, FL",1,90000,541611,Data Analyst,22.5
"Value Analytics Labs, LLC","Boston, MA",1,143000,54169,Data Scientist,34.5
Value Technology Inc,"Charlotte, NC",1,80371,541512,Business Systems Analyst,22.5
Vandeventer Place Research Foundation,"St. Louis, MO",1,94905,541715,Biostatistician,23.6
Vandoo LLC,"Newark, NJ",1,88000,54151,Programmer Analyst,22.5
"Vanguard Medical Group, P.A.","Verona, NJ",1,122000,621112,Clinical Data Analyst,29.8
Vantage Bank Texas,"Mcallen, TX",1,90000,522110,Data Engineer,22.5
"Vantage Discovery, Inc.","Austin, TX",1,250000,54151,"Software Engineer, Machine Learning",47.5
Vantage Nutrition LLC,"Piscataway, NJ",1,90000,325412,Senior Business Analyst - Corporate Digital And It,22.5
VAPE VORTEX LLC,"Texarkana, TX",1,56500,459991,Database Administrator,22.5
VAPISA USA LLC,"Kokomo, IN",1,69118,493190,Logistics Analyst,22.5
"Variscale Services & Engineering, Inc.","Secaucus, NJ",1,85000,513210,Senior Manufacturing Material Analyst,22.5
"Vatic Labs Operations, LLC","New York, NY",1,225000,52321,Quantitative Researcher,47.5
VAYA RESTORATION INC.,"Garden City, NY",1,,238990,Management Analyst,22.5
"VCIT Solutions, Inc.","Norcross, GA",1,90958,541511,Data Engineer,22.7
VCloud Global LLC,"Frisco, TX",1,71365,541511,Database Engineer,22.5
VDart Inc.,"Alpharetta, GA",1,91562,541511,Business Systems Analyst,22.9
"Veda Data Solutions, Inc.","Madison, WI",1,105000,518210,Senior Database Engineer,25.9
VedamSoft Inc.,"Irving, TX",1,88500,541511,Computer System Analyst,22.5
Veer Hotels Inc,"Harrington, DE",1,,721110,Business Analyst,22.5
"VELA Investment Management, LLC","New Albany, OH",1,103000,523940,Quantitative Research Associate/Analyst,25.5
"Velan Studios, Inc.","Troy, NY",1,70000,541511,Data Analyst,22.5
"Velera Solutions, LLC","St. Petersburg, FL",1,125000,522130,Database Administrator Iii,30.5
VELLTECH LLC,"Jacksonville, FL",1,68640,541511,Data Analyst,22.5
Velociti Inc.,"Overland Park, KS",1,68000,541511,Systems Analyst,22.5
Velocity Cellular LLC,"Houston, TX",1,58406,449210,Data Administrator,22.5
Velocity Portfolio Group Inc.,"Wall, NJ",1,122262,561440,Data Engineer,29.8
"VELOX INTERNATIONAL SHIPPING, INC.","East Hanover, NJ",1,67018,488510,Logistic Analyst,22.5
"Vendor Credentialing Service, LLC","Hartford, WI",1,80101,541511,Principal Services Engineering Analyst,22.5
Vendy Solutions Inc,"Mckinney, TX",1,79227,541511,Oracle Functional Analyst,22.5
VENEZIA STONE INC,"Halethorpe, MD",1,93059,423320,Management Analyst,23.2
VENISA INC,"Grafton, MA",1,93000,5415,Business Analyst,23.2
VENKAT PHARM INC,"Brooklyn, NY",1,65333,456110,Database Administrator,22.5
VENSAR TEECHNOLOGY INC,"Schaumburg, IL",1,100069,541511,Business Analyst,24.8
"Vensiti, Inc.","Irving, TX",1,108500,541511,Data Engineer,26.7
"Ventfabrics, Inc.","Chicago, IL",1,75000,3323,Marketing Analyst,22.5
"Venus Cabinetry, Inc.","Houston, TX",1,52000,337110,Market Research Analyst,22.5
"Veolia WTS USA, Inc.","Trevose, PA",1,112000,221310,Lead Data Analyst,27.5
"VeraLogics, Inc.","San Antonio, TX",1,70000,5416,Integration Technical Analyst,22.5
Veramed Inc.,"Cambridge, MA",1,81000,541690,Statistician Ii,22.5
Verans Business Solutions Inc,"Edison, NJ",1,115918,541511,Business Analyst,28.4
Verb Surgical Inc.,"New Brunswick, NJ",1,125000,33911,Applied Scientist - Computer Vision,30.5
Verdeco Plastics Inc.,"Channahon, IL",1,,424990,Operations Research Analyst,22.5
"Verdesian Life Sciences US, LLC","Cary, NC",1,80000,424590,Sales Operations Analyst,22.5
Verdure Sciences Inc.,"Noblesville, IN",1,55000,54199,Market Analyst Latin America,22.5
"Vericol, LLC","Arlington, VA",1,138798,541512,Senior Data Scientist,33.6
Verinext Corp,"Blue Bell, PA",1,176000,54151,Data Architect,42.0
Veris Technologies Inc.,"New York, NY",1,250000,541511,Senior Machine Learning Engineer,47.5
Verista Inc,"Fishers, IN",1,126000,541614,Sr. Quality Validation Analyst/Sr. Delivery Manager,30.7
Verisys Corporation,"Louisville, KY",1,160000,524114,Database Administrator,38.4
Veritas Education LLC,"Vienna, VA",1,50523,611710,Education Marketing Analyst,22.5
Veritas Prime LLC,"Yarmouth, ME",1,112757,541512,Prime Technology Senior Analyst,27.7
Verivolt LLC,"Miami, FL",1,,541512,Market Research Analyst,22.5
VERMONT STATE COLLEGES,"Montpelier, VT",1,60707,611310,Lead Institutional Research Analyst,22.5
Vernon Construction & Development INC,"New York, NY",1,,236220,Computer Systems Analyst,22.5
VeroKnows LLC,"Ann Arbor, MI",1,,611710,Data Engineer & Genai Developer,22.5
VERRAZANO CONSULTING SOLUTIONS LLC,"New York, NY",1,,541611,Business Analyst,22.5
Versuni USA Corporation,"Burlington, MA",1,120164,3352,Fulfillment Analyst,29.4
Vertex Innovation LLC,"Stony Brook, NY",1,,541511,Research Scientist,22.5
"Vertical Bridge REIT, LLC","Boca Raton, FL",1,47174,51791,Real Estate Development Analyst,22.5
Vertice Technology Inc,"New York, NY",1,125000,541511,Business Analyst,30.5
Verve IT Solutions LLC,"Dulles, VA",1,78187,541511,Business Analyst & Pmp,22.5
Verveba Telecom LLC,"Richardson, TX",1,68000,5179,Software Quality Assurance Analyst /Tester,22.5
Vescom America Inc.,"Henderson, NC",1,72092,313320,Supply Chain Analyst,22.5
Vespa Group LLC,"Indianapolis, IN",1,138374,54151,Peoplesoft Functional Business Analyst,33.5
Vesta Living Corp,"Liberty Hill, TX",1,60174,454110,Market Research Analyst,22.5
"Vested, Inc.","Brooklyn, NY",1,165000,513210,Principal Quantitative Strategist,39.5
VESTI TECHNOLOGY SOLUTIONS INC,"Arlington, TX",1,95000,54151,It Strategy Analyst,23.6
"Vestmark, Inc.","Wakefield, MA",1,180000,541511,Senior Database Administrator,43.0
"Veterinarian Electronic Assistant, Inc.","Alexandria, VA",1,85000,541512,Computer Systems Analyst,22.5
VETO IT,"New York, NY",1,81000,541511,Clinical Data Analyst,22.5
Vevey Software Solutions LLC,"Tampa, FL",1,111966,541511,Business Intelligence Systems Analyst,27.5
Vexus Media LLC,"Philadelphia, PA",1,,5416,Market Research Analyst,22.5
"Vianiko, Inc.","New York, NY",1,84000,5132,Data Scientist,22.5
"Viant Medical, LLC","Foxborough, MA",1,135304,33911,Oracle Business Analyst,32.8
"VIBRANT INFOTECH, INC.","Frisco, TX",1,98925,541512,Computer System Analyst,24.5
Vibrantitconsulting inc,"Plano, TX",1,65395,541511,Quality Assurance Analyst,22.5
Vibrantz Corporation,"Houston, TX",1,92040,325510,"Senior Analyst, Business Intelligence",23.0
VICRAM PHARMACY INC.,"Brooklyn, NY",1,97573,446110,Regulatory & Compliance Analyst,24.2
Victor Insurance Managers LLC,"New York, NY",1,69285,524210,Specialist - Metrics - Analytics And Reporting,22.5
VICTORIA A LLC.,"New York, NY",1,80000,456120,Operations Research Analyst,22.5
"Victoria's Secret Stores, LLC","Reynoldsburg, OH",1,105000,458110,Senior Demand & Deployment Analyst,25.9
Victory Capital Management Inc.,"San Antonio, TX",1,93500,525910,Data Scientist,23.3
"VIDA SHOES INTERNATIONAL, INC.","New York, NY",1,,424340,Business Intelligence Analyst,22.5
"VidaVinci, Inc.","Cambridge, MA",1,150000,541714,Machine Learning Scientist Ii,36.1
Videomagic International LLC,"Palm Beach, FL",1,175000,512110,Head Of Ai & Automation,41.8
Vidusolutions LLC,"Katy, TX",1,98000,541511,Technical Business Analyst,24.3
View The Space Inc.,"New York, NY",1,135200,541511,Lead Data Analyst,32.8
VIEWVERTICAL TECHNOLOGIES LLC,"Alpharetta, GA",1,125000,541511,Senior Database Engineer,30.5
VIGI CORP,"Malden, MA",1,50000,541921,Business Analyst,22.5
VIGO INDUSTRIES LLC,"New York, NY",1,101000,541512,Data Analyst,25.0
"Villages Health System, LLC","The Villages, FL",1,82056,6211,Senior Medical Economics Analyst,22.5
VINASHOP LLC,"Houston, TX",1,42099,456191,Product And Data Analyst,22.5
"Vince, LLC","New York, NY",1,144200,448140,Senior Data Engineer,34.8
"Vineyard Vines, LLC","Stamford, CT",1,108306,448140,Data Scientist,26.7
"Vinmar International, Ltd.","Houston, TX",1,160000,325110,Senior Strategic Product Analyst,38.4
"Vinod George Abraham CPA, PC","Syosset, NY",1,97760,541219,Sap Budget System Analyst,24.3
Vinoveritas LLC,"Largo, FL",1,90000,424820,International Market Research Analyst,22.5
"VINSYS INFORMATION TECHNOLOGY, INC.","Dulles, VA",1,133640,541511,Senior Etl Developer,32.4
Viona Corp.,"Hicksville, NY",1,81000,332999,Business Sales Analyst,22.5
"VIP BUSINESS CONSULTING , LLC","Boca Raton, FL",1,47174,541219,Market Research  Analyst,22.5
Vipshop North America LLC,"New York, NY",1,,-4445,Data Analyst,22.5
VIPStreamers Inc.,"Dallas, TX",1,60000,541613,Us Tiktok Live Stream Strategy Analyst,22.5
"Viraj Consulting, Inc.","Montville, NJ",1,76000,541512,Management Analyst,22.5
"Virgin Pulse, Inc.","Providence, RI",1,85696,525120,Data Engineer,22.5
Virginia Christian University,"Chantilly, VA",1,83034,611310,Management Analyst,22.5
Virginia Housing Development Authority,"Richmond, VA",1,130000,531110,Sr. Data Engineer,31.6
Virginia Military Institute,"Lexington, VA",1,71974,61131,Institutional Research Analyst,22.5
VIRGINIA TRANSFORMER CORP. (VTCR),"Roanoke, VA",1,92000,335311,Logistics Analyst,23.0
Virginia Transformer Corporation,"Roanoke, VA",1,90840,335311,Operations Research Analyst,22.7
Virginia University of Integrative Medicine,"Vienna, VA",1,,611310,Management Analyst,22.5
VIRINCHI LIMITED,"Marlboro, NJ",1,100000,541511,Database Developer,24.8
VIRTUAL AMERICAN COMPANIES LLC,"Richmond, TX",1,61000,518210,Business Process Analyst,22.5
VIRTUAL INFRASTRUCTURE SERVICES LLC,"Kendall Park, NJ",1,110219,541511,Sr. Data Engineer,27.1
Virtual Pipeline Ventures LLC,"Houston, TX",1,116000,22121,Operations Analyst,28.4
"Virtual Tech Gurus, Inc.","Dallas, TX",1,81328,5415,Software Quality Assurance Analyst,22.5
Virtuosa Global Solutions LLC,"Bridgewater, NJ",1,79768,541511,Applications Development Analyst,22.5
"Virtus Investment Advisers, LLC","Hartford, CT",1,156811,523940,Data Scientist,37.7
"VIRTUS SOLUTIONS, LLC","Jacksonville, FL",1,82000,541511,Business Intelligence Analyst,22.5
"VIRTUSSOLUTIONS, LLC","Jacksonville, FL",1,120000,541512,Data Engineer,29.3
Viscusi Wholesale Grocers Inc.,"Schenectady, NY",1,62500,311421,Operations Analyst,22.5
Vishal Sharan Inc,"Street, MD",1,97000,541511,Systems Analyst,24.1
Vision Appliance Repair LLC,"Springfield, VA",1,,811412,Quality Control Analyst,22.5
Vision Boom Securities LLC,"New York, NY",1,,523150,Investment Banking Analyst,22.5
Vision Stream LLC,"Matawan, NJ",1,104125,541511,Business Systems Analyst,25.7
"Visionworks of America, Inc.","San Antonio, TX",1,116435,524114,"Manager, Data Science",28.5
"Visireka, Inc.","Dallas, TX",1,108850,541511,Data Engineer,26.8
Visiting Wound Specialists & Primary Care PLLC,"Sterling Heights, MI",1,90000,62111,Computer Systems Analyst,22.5
"Vista Grande, LLC","Tampa, FL",1,55000,541910,Market Research Analyst,22.5
"Vistaar Technologies, Inc.","Parsippany, NJ",1,115000,541511,Senior Business Analyst,28.2
Vistar Media,"New York, NY",1,210000,541890,Senior Vice President Partnerships And Analytics,47.5
Vistas Cloud LLC,"Woodstock, GA",1,,541512,Etl Developer,22.5
Vistas Management LLC,"Wilton, CT",1,95000,54199,Power Analyst,23.6
Viswam LLC,"Hamilton Township, NJ",1,90000,541512,Data Scientist,22.5
Vitable Inc.,"Woodlyn, PA",1,62000,621498,Business Development Operations Analyst,22.5
"Vital & FHR North America, LLC","Bowling Green, OH",1,80000,332999,Data Analyst,22.5
"Vital Software, Inc.","Wilmington, DE",1,150000,541511,Senior Data Engineer,36.1
VitalCheck Wellness,"New York, NY",1,130000,621498,Ai Product Manager,31.6
VITAMIX MANAGEMENT CORPORATION,"Olmsted Township, OH",1,103834,33521,Lead Database Administrator,25.6
Vitaye Inc,"Wheatley Heights, NY",1,,518210,Data Analyst,22.5
VITCON SYSTEMS INC,"Aldie, VA",1,110427,541511,Application Systems Analyst,27.1
"VITECH SYSTEMS GROUP, INC.","New York, NY",1,126700,541512,Senior Solutions Analyst,30.8
Vityou Inc,"Irving, TX",1,70075,541511,Computer Systems Analyst,22.5
Vivere Global LLC,"Wilmington, DE",1,110000,541511,Identity And Access Management Analyst,27.0
Vivid Seats LLC,"Chicago, IL",1,90000,561599,Data Scientist,22.5
"Viviktah, LLC","Gaithersburg, MD",1,,541511,Database Security Administrator/Analyst,22.5
"Vivodyne, Inc.","Philadelphia, PA",1,135000,541714,Scientist,32.7
"vivoVerse, LLC","Austin, TX",1,85384,541714,Machine Learning Engineer,22.5
Vivpro Corporation,"Lansdale, PA",1,136000,541511,Software Engineer Lead/Backend And Ai,33.0
Vixiv Inc,"Cincinnati, OH",1,110000,513210,Data Scientist,27.0
VIXSOL LLC,"New York, NY",1,,5415,Systems Analyst,22.5
VIZENS CORP.,"Fairfax, VA",1,72000,541512,Data Engineer,22.5
VIZION TECHNOLOGIES LLC,"Dublin, OH",1,107682,541511,Data Scientist,26.5
"Vizit Labs, Inc.","Boston, MA",1,175000,513210,Sr Data Scientist [00082635],41.8
VIZPLUM CORPORATION,"Piscataway, NJ",1,108306,54151,Dashboard Analyst,26.7
VK Tech Inc,"Herndon, VA",1,,541511,Business Intelligence Engineer,22.5
VKARE CORP,"Glen Allen, VA",1,84635,541512,Sql & Power Bi Developer,22.5
VKTEK INC,"Farmington Hills, MI",1,76960,541511,Business Systems Analyst,22.5
VMAC Solutions Inc,"Wesley Chapel, FL",1,95493,541511,Data Engineer,23.7
VMG Health LLC,"Dallas, TX",1,157000,541611,Management Analyst,37.7
VML Map US Inc.,"Austin, TX",1,130000,541810,Senior Data Insights Consultant,31.6
VML MAP US Inc. (formerly Wunderman Thompson MAP US Inc.),"Austin, TX",1,115000,541810,Business Intelligence Manager,28.2
VMR Technologies LLC,"Aldie, VA",1,109782,5416,Sr Business Analyst,27.0
VOCAR TRANSPORTATION SERVICES LLC,"San Antonio, TX",1,69000,48412,Operations Research Analyst,22.5
Voith US Inc.,"York, PA",1,71240,333611,Sr.  Supply Chain Analyst,22.5
Volantsoft Inc,"Irving, TX",1,81557,541511,Bi/Analytics Analyst,22.5
Volitiion IIT Inc,"Leesburg, VA",1,82680,541511,Business Intelligence Analyst,22.5
"VOLTAMP ELECTRICAL CONTRACTORS, INC","New Hyde Park, NY",1,100000,238210,Business Operations Data Analyst,24.8
"Voltex Technologies, Inc","Decatur, GA",1,80000,541511,Database Administrators,22.5
"Voltican, Inc.","Houston, TX",1,98500,541511,Data Analytics Developer,24.4
"Vortex Companies, LLC","Houston, TX",1,80000,541620,Business Systems Analyst,22.5
Vortexa Inc,"Houston, TX",1,75067,5419,Senior Oil Market Analyst,22.5
Voya Retirement Insurance & Annuity Company,"New York, NY",1,143000,525910,"Sr. Data Analyst, Enterprise Ai & Data Science",34.5
"Voyage-Marche, Inc.","Key Biscayne, FL",1,50000,424410,Market Research Analyst,22.5
"Voyager Therapeutics, Inc.","Lexington, MA",1,102000,54171,It Technical Analyst,25.2
vQuest Technologies LLC,"The Colony, TX",1,102294,541511,Etl Developer,25.3
VRChat Inc.,"Houston, TX",1,144000,541511,Senior Data Scientist,34.8
"Vroom, Inc.","Houston, TX",1,266255,441120,"Senior Director, Data Science",47.5
Vsecure Labs Inc,"Aurora, IL",1,98301,541511,System Analyst,24.4
VSS Medical LLC,"Dayton, OH",1,,423450,Market Research Analyst,22.5
VST Global Inc.,"Cary, NC",1,78000,541519,Database And Cloud Administrator Specialist,22.5
vStar Technologies LLC,"Warrington, PA",1,71000,541511,Computer Systems Analyst,22.5
"vTech Solution, Inc.","Washington, DC",1,52500,541511,Market Research Analyst,22.5
"VTX Holdings, Inc.","Houston, TX",1,93264,541512,Business Analyst,23.2
Vuesol Technologies Inc.,"Alpharetta, GA",1,121222,541511,Analyst/Developer- Specialty 3,29.6
"Vulli, Inc.","Salisbury, NC",1,107020,541512,Business Intelligence Analyst,26.4
"Vultus, Inc.","South Plainfield, NJ",1,60000,541511,Business Analyst,22.5
VUYH TECHNOLOGIES LLC,"Katy, TX",1,76000,541511,Business Analyst,22.5
VVLS Healthcare Inc,"Philadelphia, PA",1,60000,456110,Database Administrator,22.5
VVM INFOTECH LLC.,"Richmond, VA",1,98946,541512,Cloud Data Engineer,24.5
"VWR International, LLC","Radnor, PA",1,129654,42349,"Manager 1, Data & Analytics",31.5
Vyom Donut Management LLC,"Paramus, NJ",1,79000,55111,Management Analyst,22.5
Vzure Solutions LLC,"Frisco, TX",1,154000,54151,"Manager, Ai Services And Data Center Platform",37.0
W & O Associates LLC,"North Wildwood, NJ",1,50461,713210,Market Research Analyst,22.5
"W-2 Holdings, LLC","Miami, FL",1,145000,541511,Senior Data Engineer,35.0
"W. Capra Consulting Group, Inc.","Chicago, IL",1,85000,54161,Consultant Analyst,22.5
W.R. Berkley Corporation,"Greenwich, CT",1,144114,524126,Data Engineer – Analyst,34.8
"W.T. Rich Company, Inc.","Natick, MA",1,123075,238910,Senior Data Scientist Operations,30.0
"Wachter, Inc.","Lenexa, KS",1,90000,2382,Business Intelligence Developer I,22.5
Wacker Neuson America Corporation,"Menomonee Falls, WI",1,106218,33312,Senior Business Analyst - Pp,26.2
Wainbridge Capital Inc,"New York, NY",1,80000,525990,Analyst,22.5
WAKE FOREST UNIVERSITY,"Winston Salem, NC",1,97552,611310,Senior Database Administrator,24.2
Wal Fuel Systems USA Inc,"Livonia, MI",1,71000,3363,Operations Research Analysts,22.5
"Walker Products, Inc.","Pacific, MO",1,60000,3329,Data Analyst Ii,22.5
Walksonwood LLC,"Austin, TX",1,,541618,Computer Systems Analyst,22.5
WALL CONTRACTOR CORP,"Staten Island, NY",1,111966,236210,Business And Data Analyst,27.5
Wallace Hardware Company Inc,"Morristown, TN",1,85000,423710,Data Analyst,22.5
"Waltz Health, Inc.","Chicago, IL",1,120000,541511,Data Engineer,29.3
"WarmlyYours.com, Inc.","Lake Zurich, IL",1,75000,333414,Programmer Analyst,22.5
"Warnock, Tanner & Associates, Inc.","Toledo, OH",1,77043,541519,Database Administrator,22.5
"Wartsila North America, Inc.","Houston, TX",1,110000,423830,Battery Data Scientist,27.0
Washington College,"Chestertown, MD",1,,611310,Data Specialist,22.5
Washington Hospital Center Corporation,"Washington, D.C., DC",1,,622110,Business Intelligence Consultant,22.5
Watani LLC,"Alexandria, VA",1,72000,311811,Market Research Analyst,22.5
"WatchTower Technologies, Inc., d/b/a ThreeFlow","Chicago, IL",1,86700,541511,Data Analyst,22.5
Watts Regulator Company,"North Andover, MA",1,80253,332919,Bi Rotational Analyst,22.5
"Watts Water Technologies, Inc.","North Andover, MA",1,91146,33241,Planning Process Improvement Senior Analyst,22.8
"Wavemaker Global, LLC","New York, NY",1,135000,541810,"Associate Director, Business Analytics & Measurement",32.7
Way Fong LLC,"Queens, NY",1,,7223,Data Scientist,22.5
Wayne Farms LLC,"Oakwood, GA",1,110950,311615,Business Systems Analyst Ii,27.3
WAYWAY LOGISTICS INC,"Linden, NJ",1,,493110,Logistics Analyst,22.5
WB Orange Inc.,"Orange, CT",1,71500,722513,Performance Management Analyst,22.5
Wearparts Tillage Tools LLC,"Gothenburg, NE",1,115000,333111,Business Development Analyst,28.2
Wearparts Tillgate Tools LLC,"Gothenburg, NE",1,115000,333111,Business Development Analyst,28.2
Weave Community Inc.,"Cambridge, MA",1,,611420,Marketing Analyst,22.5
"Weaver Popcorn Manufacturing, LLC","Indianapolis, IN",1,52000,424450,Accounting & Supply Chain Analyst,22.5
"Weavix, Inc.","Wichita, KS",1,125000,5171,Product Data Analyst,30.5
Web Presence LLC,"Sarasota, FL",1,,541511,Reputation Analyst,22.5
WebBeds Americas Inc.,"Orlando, FL",1,69999,561599,Business Intelligence Developer,22.5
"WebHawkx, LLC","Laurel, MD",1,82098,541330,Technology Consultant / System Analyst,22.5
WebMD Professional Services LLC,"Newark, NJ",1,75409,519290,Business Analyst,22.5
"Webrunners, Inc.","Southfield, MI",1,135200,561320,It System Analyst,32.8
WebSideMan LLC,"Grand Rapids, MI",1,,541511,Data Engineering Consultant,22.5
Webster University,"St. Louis, MO",1,70000,611310,Data Analyst,22.5
Webull Pay LLC,"New York, NY",1,86000,5231,Business Analyst,22.5
Weetok Inc.,"New York, NY",1,,611710,Management Analyst,22.5
WeFix-Appliance LLC,"United States, FL",1,72000,811412,Market Research Analyst,22.5
Wego Chemical Group LP,"Great Neck, NY",1,80000,4246,Products Operations Analyst,22.5
Weichai America Corp.,"Rolling Meadows, IL",1,79000,54199,Data Analyst,22.5
Weisiger Group Inc.,"Charlotte, NC",1,140000,811310,It Business Analyst,33.9
Weitz & Luxenberg P.C,"New York, NY",1,80850,5411,Business Analyst,22.5
"WeJob HR Solutions, LLC.","Ithaca, NY",1,,541612,Data Scientist,22.5
"WellCare International, Inc.","Randolph, NJ",1,105600,4249,Marketing Research Analyst,26.0
Wellmart Heartlab INC,"Irving, TX",1,,621511,Business Intelligence Analyst,22.5
Wellness & Care Group of Texas,"Houston, TX",1,88000,561320,Management Analyst,22.5
"Wells Enterprises, Inc.","Le Mars, IA",1,100000,311520,"Data Scientist, Revenue Growth Management",24.8
"Wellsite LMS, Inc.","New York, NY",1,81000,611430,Research And Development Data Scientist,22.5
"Welocalize, Inc.","New York City, NY",1,123786,541930,Integrations Analyst Advisor,30.2
"Wen-Parker Logistics, Inc.","Elmont, NY",1,64085,488510,Pricing And Data Analyst,22.5
"WENABLE, INC.","Coppell, TX",1,74277,541511,Software Quality Assurance Analyst And Tester,22.5
"WePartner Group, LLC","Duluth, GA",1,,531312,Management Analyst,22.5
Werner Co.,"West Middlesex, PA",1,117542,326199,Senior Bi Business Analyst,28.8
Wesley Chapel Pharmacy LLC,"Wesley Chapel, FL",1,60528,456110,Business Analyst,22.5
West Bend Mutual Insurance Company,"West Bend, WI",1,142000,524210,Data Analytics Specialist,34.3
"West Creek Financial, Inc. (d/b/a Koalafi)","Richmond, VA",1,200000,522390,Senior Data Engineer,47.5
West Marine Products Inc.,"Fort Lauderdale, FL",1,115500,42391,Crm Analyst,28.3
West Palm Beach Housing Authority,"West Palm Beach, FL",1,75000,925110,Housing Management Analyst,22.5
"West Physics Consulting, LLC","Atlanta, GA",1,95000,541690,Clinical Data Scientist,23.6
West Publishing Corporation,"Eagan, MN",1,121111,51919,Senior Database Administrator,29.6
West Sea Inc,"Houston, TX",1,,42494,Data Analyst,22.5
"West Side Community Health Services, Inc.","St. Paul, MN",1,74443,621498,Healthcare Data Analyst,22.5
"Western Flyer Express, LLC","Oklahoma City, OK",1,59000,484121,Pricing Analyst,22.5
Western PA Home Health Association,"Pittsburgh, PA",1,68000,62161,Market Research Analyst,22.5
Westgate Technologies Inc.,"West Desmoines, IA",1,85717,541511,Technical Analyst,22.5
"WestRock Services, LLC d/b/a Smurfit Westrock","Atlanta, GA",1,129500,541420,"Sr. Analyst, Data Science & Engineering",31.5
Wetrans (United States) Limited.,"Plano, TX",1,,541614,Management Analyst,22.5
"WEVO, Inc.","Boston, MA",1,100000,5132,Sr. Insights Analytics Manager,24.8
"WGACA, LLC","Jersey City, NJ",1,82763,448150,Reporting Analyst,22.5
Wharf Marine Supply Inc,"Houston, TX",1,82500,424990,Management Analyst,22.5
Wheatland Tube LLC,"Chicago, IL",1,157125,33121,Lead Sap Applications Analyst,37.8
Wheaton College,"Wheaton, IL",1,67538,611310,Enrollment Management Data Analyst,22.5
WhirlWind Technologies LLC,"National Harbor, MD",1,159000,5415,Data Scientist,38.2
"White Cap Management, LLC","Atlanta, GA",1,127604,423710,Data Architect/Engineer,31.0
"White Cap Supply Holdings, LLC","Norcross, GA",1,120000,423710,Senior Hris Workday Analyst,29.3
Whiteboard Ventures Inc.,"New York, NY",1,,5416,Data Analyst,22.5
Whitegold Consulting LLC,"Irving, TX",1,86000,5613,Data Engineer,22.5
Whitehead Institute for Biomedical Research,"Cambridge, MA",1,82235,5417,Data Scientist,22.5
WhizOps Data Solutions LLC,"Sugar Hill, GA",1,,541512,Market Research Analyst,22.5
"Wholesalers USA, Inc.","Frederick, MD",1,,42332,Business Analyst,22.5
WICHITA STATE UNIVERSITY,"Wichita, KS",1,67999,611310,Niar Research Engineer-Statistician,22.5
"Wieland Metals, Inc.","Wheeling, IL",1,91500,331420,Sr. Analyst - Metals Sourcing,22.8
"Wieland Rolled Products North America, LLC","Louisville, KY",1,128000,331420,Business Intelligence And Digitalization Manager,31.1
Wiens Corporation,"Suwanee, GA",1,69098,541330,Business Intelligence Analyst,22.5
Wifhat Inc.,"Jersey City, NJ",1,,541511,Data Scientist/Engineer,22.5
Wight & Company,"Darien, IL",1,94000,54131,Data Scientist,23.4
Wildfish LLC,"Boston, MA",1,80000,424460,Data Analyst,22.5
Wilkes Artis Chartered,"Washington, DC",1,110000,541110,Technical Support Analyst,27.0
"William Barnet & Son, LLC","Spartanburg, SC",1,60500,313210,Business Planning/Analyst,22.5
"WILLIAM H. KOPKE, JR., INC.","Port Washington, NY",1,82763,424480,Data Scientist,22.5
Willsmarg Technologies LLC,"Richmond, VA",1,106944,541511,Ai/Ml Engineer,26.4
Wilmington University,"New Castle, DE",1,90000,611310,Business Intelligence Administrator,22.5
Wilson Tool International Inc.,"White Bear Lake, MN",1,100090,333514,Business Analyst (Sap),24.8
Wind Turbine and Energy Cables Corp.,"Hasbrouck Heights, NJ",1,67850,333611,Data Analyst,22.5
"Windrose Consulting Group, LLC","Conshohocken, PA",1,,541613,Analyst,22.5
Wingu LLC,"Liberty Hill, TX",1,84000,541511,It Analyst,22.5
Winick Realty Group LLC,"New York, NY",1,94500,531210,Gis Analyst/Specialist,23.5
Winkin Inc.,"New York, NY",1,,459910,Market Research Analyst,22.5
Winning Edge Solutions LLC,"Columbia, MD",1,103480,561320,Data Analyst,25.6
Winona IT LLC,"Warsaw, IN",1,,541511,It Systems Analyst,22.5
WINSTREAM IT LLC.,"Irving, TX",1,95000,541519,Grc Analyst,23.6
"WINTEK SOLUTIONS, INC.","South Windsor, CT",1,92000,541511,Senior Programmer Analyst,23.0
Winzer Corporation,"Plano, TX",1,52125,423120,Edi & Procurement Analyst,22.5
Wipfli LLP,"Milwaukee, WI",1,157500,5412,Guidewire Business Analyst (Master Consultant),37.8
"WireCo WorldGroup, Inc.","Prairie Village, KS",1,123600,331110,Data Engineer,30.1
"WiredHive, LLC","Mckinney, TX",1,,541511,Data Engineer,22.5
Wireless Media Consulting Inc.,"Fairfax, VA",1,125000,54169,Data Scientist,30.5
"WISDOM SOFT, INC.","Raleigh, NC",1,,541519,Database Developer,22.5
Wise I.T. Inc,"Troy, MI",1,64022,54151,Senior Business Analyst,22.5
Wisesorbent Technology LLC,"Marlton, NJ",1,,42499,Data Analyst,22.5
"Wisetek Providers, Inc.","Fairfax, VA",1,114100,541519,Computer System Analyst,28.0
"Wishi Fashion, Inc.","New York, NY",1,65000,455219,Market Research Analyst,22.5
"Wiss & Company, LLP","Florham Park, NJ",1,135000,541219,Senior Data Engineer,32.7
"WizardQuant, LLC","New York, NY",1,95000,523940,Business Development Analyst,23.6
Wizer Inc.,"Newton, MA",1,55000,611420,Market Research Analyst,22.5
WK Kellogg North America LLC,"Battle Creek, MI",1,185000,31123,"Senior Manager, Data Strategy & Analytics",44.1
WK Kellogg Sales LLC,"Battle Creek, MI",1,91930,31123,Sr. Customer Analyst,22.9
WL Doggett LLC,"Houston, TX",1,172500,3332,Director Of Business Intelligence,41.2
"WL Molding of Michigan, LLC","Portage, MI",1,61339,541330,Management Analyst,22.5
WLW Capital LLC,"Chicago, IL",1,68910,531390,Operations Research Analyst,22.5
Wm. Wrigley Jr. Company,"Chicago, IL",1,120000,3113,Data Scientist,29.3
"Wolfram Research, Inc.","Champaign, IL",1,60000,511210,Wolfram Data Scientist,22.5
Womox LLC,"Brooklyn, NY",1,81099,513210,Computer Systems Analyst,22.5
"Wonder Group, Inc.","New York, NY",1,149000,722511,Data Scientist,35.9
"Wood Group USA, Inc.","Houston, TX",1,67288,541330,Renewables Data Scientist - Kbgfjg324674-1,22.5
"Word Exploration Technologies, Inc.","Mclean, VA",1,120000,513210,Ai Engineer,29.3
Work For Pro Inc,"Faytteville, GA",1,78000,541511,Data Modeler,22.5
Workflow Informatics Corp.,"Wake Forest, NC",1,120000,541690,Research Informatics Scientist,29.3
WorkOnward Inc,"New York, NY",1,,51321,Ai Engineer,22.5
"WORLD BRANDS U.S., LLC","Miami, FL",1,66570,424820,Regional Marketing Analyst (Latam ),22.5
"WorldCare International, Inc.","Boston, MA",1,97000,621999,Data Analyst,24.1
"Worldcom Exchange, Inc.","Salem, NH",1,110000,541519,Business Analyst,27.0
"Worldlawn Power Equipment, Inc.","Beatrice, NE",1,96000,3339,Business Development Analyst,23.9
WorldOne Inc.,"New York, NY",1,128000,513210,"Senior Analyst, Client Analytics",31.1
Worldview Incorporated,"New York, NY",1,185000,51321,Senior Machine Learning Engineer,44.1
"Worldwide Flight Services, Inc.","Irving, TX",1,92914,488190,Business Intelligence Developer,23.2
Worldwide Superabrasives LLC,"Boynton Beach, FL",1,52000,327910,Management Analyst,22.5
"Worldwide, Inc.","Miami Beach, FL",1,85000,711310,Business Producer Analyst,22.5
Worldwise Plastics LLC,"Lewisburg, TN",1,48693,336360,Data Analyst-Import/Export & Customs Specialist,22.5
Worthington Cylinder Corporation,"Columbus, OH",1,73320,3312,Data Engineer,22.5
WORTHIX CORP,"Alphareytta, GA",1,100000,541519,Sr. Machine Learning Engineer,24.8
"WPP Group USA, Inc.","New York, NY",1,67275,541810,Global Commercial Analyst,22.5
WREFS WELDING LLC,"Houston, TX",1,50688,423840,Market Analyst,22.5
WSD LED INC.,"Mckinney, TX",1,60000,335122,Operations Research Analyst,22.5
"WSMS, LLC","Orlando, FL",1,,53112,Business Intelligence Analysts,22.5
"WTAnow, LLC","Herndon, VA",1,84864,541512,Data Analyst,22.5
Wu Law Group P. C.,"Flushing, NY",1,,5411,Market Statistical Analyst,22.5
Wuhoo Tropicals LLC,"Rosenberg, TX",1,,444240,Optimization Analyst,22.5
WUNDERMAN THOMPSON DATA CONSULTING LLC,"New York, NY",1,189000,541810,Senior Data & Technology Consultant,45.0
Wurth Baer Supply Co.,"Vernon Hills, IL",1,68786,423310,Sales Data Analyst,22.5
Wynn Global Logistics Inc.,"East Brunswick, NJ",1,82763,493190,Business Intelligence Analyst,22.5
"Wynneford Advisors, LLC","Raleigh, NC",1,110000,541614,Senior Supply Chain Analyst,27.0
"X-GENE, INC.","Sparks, MD",1,,6215,Clinical Data Analyst,22.5
"XC Car Cafe, LLC","Lansing, MI",1,70595,441120,Business Intelligence Analyst,22.5
XCEL DIGIT INC,"Waxahachie, TX",1,70075,541511,It Systems Support Analyst,22.5
"Xcelligen, Inc.","Herndon, VA",1,65125,541512,Jr. Database Administrator,22.5
"Xcelsius, Inc.","Okemos, MI",1,113000,541511,Etl Developer/Ab Initio Developer,27.7
Xebra LLC,"Skokie, IL",1,72405,541330,Sap Analyst,22.5
Xenon of Florida LLC,"Miami, FL",1,83429,561110,Business Intelligence Analyst,22.5
Xenon Pharmaceuticals USA Inc.,"Needham, MA",1,140000,3254,"Manager, Commercial Analytics",33.9
XGARE TECHNOLOGIES LLC,"Famers Branch, TX",1,92040,541511,Data Scientist,23.0
XIANDONG SHI MD,"Flushing, NY",1,,621111,Data Analyst,22.5
Xiang Hunan Inc,"Jersey City, NJ",1,,722511,Management & Operations Analyst,22.5
Xilin USA Corp.,"Houston, TX",1,50000,423820,Business Intelligence Analyst,22.5
XL Specialty Insurance Company,"Stamford, CT",1,79914,524126,"Data Analyst, Risk Consulting",22.5
Xllow Inc,"Norwalk, CT",1,76440,541511,Business Analyst,22.5
XM Data Strategies Inc,"Hinsdale, IL",1,68000,541519,Business Analyst,22.5
XO Global LLC,"Fort Lauderdale, FL",1,97807,481219,"Database Administrator, Salesforce",24.3
"XOEye Technologies, Inc.","Nashville, TN",1,163322,561210,Senior Data Scientist,39.2
Xomox PFT Corp.,"Cincinnati, OH",1,118000,332912,Global Business Analyst,28.9
"Xpedite Technologies, Inc.","Robbinsville, NJ",1,93808,541511,Computer Systems Analyst,23.4
XpertsInfoTech Inc.,"Columbia, MD",1,100000,541511,Programmer Analyst,24.8
"XPO Enterprise Services, LLC","Charlotte, NC",1,112424,541614,"Senior Analyst, Business Intelligence",27.6
XpressDocs Partners Ltd.,"Fort Worth, TX",1,105625,541860,Data Scientist,26.1
"Xsell Resources, Inc.","Fort Washington, PA",1,,54151,Analyst,22.5
"XSELL Technologies, Inc.","Chicago, IL",1,174143,541519,"Vp, Data Science",41.6
"Xsolis, Inc.","Franklin, TN",1,90057,513210,Data Engineer Ii,22.5
XTRACIT INC,"Charlotte, NC",1,,541511,Splunk Analyst,22.5
XTRADS MEDIA INC.,"Long Island City, NY",1,,541810,Market Research Analyst,22.5
Xtreme Xperience LLC,"Chicago, IL",1,75000,61162,Data Analyst,22.5
Xyram Software Solutions LLC,"Columbia, MD",1,120000,541511,Lead Business Analyst,29.3
XYZ Power Capital LLC,"Wilmington, DE",1,150000,52393,Data Scientist,36.1
Y-Max Wireless LLC,"Houston, TX",1,53144,423690,Operations Research Analyst,22.5
Ya Guan Florida LLC,"Doral, FL",1,50000,722511,Operations Analyst,22.5
"Yacub Law Office, LLC","Woodbridge, VA",1,52437,541110,Business Analyst,22.5
YAI-National Institute for People with Disabilities,"New York, NY",1,64563,624190,Data Analyst,22.5
Yale New Haven Hospital,"New Haven, CT",1,131635,62211,Hvc Program Analyst,32.0
Yanagi Trading LLC,"Dallas, TX",1,71365,4251,Database Administrator,22.5
YantraTek LLC,"Alpharetta, GA",1,102877,541511,Software Engineer ( Data Analyst ),25.4
Yarewin LLC,"Burlington, MA",1,84032,541512,Business Intelligence Analyst,22.5
Yashraj Technologies Inc.,"Farmington Hills, MI",1,97800,541511,Systems Developer/Analyst,24.3
"Yaskawa America, Inc.","Waukegan, IL",1,120350,335314,Senior Sap Functional/Developer Analyst,29.4
YATA CONSULTING SOLUTIONS LLC.,"Cranbury, NJ",1,112000,5415,Business Intelligence Specialist,27.5
"Ybor Technology, LLC","Tampa, FL",1,220000,541910,Staff Ml Ops Engineer,47.5
YDS Pharmatech Inc.,"Albany, NY",1,105000,541519,Machine Learning Engineer,25.9
Yeaher Inc.,"New Castle, DE",1,65000,454110,Market Research Analyst,22.5
"Yes Hardsoft Solutions, Inc.","Wilmington, DE",1,109800,541511,Technical Analyst,27.0
"Yesmail, Inc.","Bellevue, NE",1,97500,511140,Sr. Business Systems Analyst,24.2
"YETI COOLERS, LLC","Austin, TX",1,180000,326140,Sap Master Data Manager,43.0
YGFNYC2 LLC,"New York, NY",1,80000,72251,Management Analyst,22.5
YHYS LLC,"Nashville, TN",1,54309,236220,Data Analyst,22.5
YIFEW LLC,"Orlando, FL",1,75691,513210,Data Scientist,22.5
Yocto Investments LLC,"New York, NY",1,70000,52399,Market Research Analyst,22.5
Yonz Technology US Inc.,"Houston, TX",1,,332312,Business Intelligence Analyst,22.5
YORK INTERNATIONAL CORPORATION,"Milwaukee, WI",1,83346,238220,Forecast Analyst,22.5
Yorosis Technologies,"Plano, TX",1,95000,541511,Data Analytics Engineer,23.6
Yoshi Inc.,"Nashville, TN",1,124550,811111,Data Science Manager,30.4
YOTRUTH INC,"Potomac, MD",1,,441330,Business Analyst,22.5
Yotta Tech Ports Inc,"Mechanicsville, VA",1,130000,541512,Lead Data Engineer,31.6
YouParcel Inc,"Secaucus, NJ",1,85000,481112,Operations Research Analyst,22.5
Your Part-Time Employer LLC,"Philadelphia, PA",1,89752,54121,Data Analyst,22.5
YOY  Technologies LLC,"Avenel, NJ",1,82763,541511,Data Scientist,22.5
YP MANAGEMENT Inc.,"Somerville, NJ",1,,236116,Marketing Research Analyst,22.5
"Ypulse, Inc.","New York, NY",1,70000,541910,Research Analyst,22.5
YSK Capital LLC,"Newark, DE",1,,541611,Business Analyst,22.5
Ytech Management LLC,"Miami, FL",1,,531311,Marketing Analyst,22.5
Yu Cha Corp.,"Woodside, NY",1,,722515,Management Analyst,22.5
"YU SHAN CO., U.S.A., LTD.","Amityville, NY",1,66000,42321,Operations Research Analyst,22.5
Yue Min Group LLC,"Corona, NY",1,,425120,Business Intelligence Analyst,22.5
YUELU MOUNTAIN HOLDING INC.,"Flushing, NY",1,,722511,Market Research Analyst,22.5
Yum Brew LLC,"Englewood Cliffs, NJ",1,70000,445298,Marketing Analyst “ E-Commerce Focus,22.5
YUMI INC.,"Sea Bright, NJ",1,,722511,Management/Business Analyst,22.5
Yurogen Biosystems LLC,"Worcester, MA",1,71500,5417,Biostatistician,22.5
Yuvan LLC,"The Colony, TX",1,80371,6214,Marketing Analyst,22.5
Z Abidi Group LLC,"Gaithersburg, MD",1,102274,541511,Data Analyst,25.3
Z Cellular LLC,"Houston, TX",1,73174,449210,Information Security Analyst,22.5
"Zacks Investment Research, Inc.","Chicago, IL",1,95493,52399,Software Development Analyst,23.7
ZAIN BUSINESS INC,"Houston, TX",1,86000,517112,Database Administrator,22.5
"ZAPCOM GROUP, INC.","Irving, TX",1,70000,541511,Database Administrator,22.5
ZAQA INC.,"Cambridge, MA",1,110000,541511,Principal Operations Analyst,27.0
"Zealic Health, Inc.","Raleigh, NC",1,90100,541511,Business Analyst,22.5
Zealous Solutions,"Novi, MI",1,106000,541511,Computer Systems Analyst,26.1
Zeller & Gmelin Corporation,"Richmond, VA",1,75000,325910,Financial Analyst,22.5
Zenguan Corp.,"Norcross, GA",1,,44424,Marketing Analyst,22.5
"Zenik Market Technologies, LLC","Pittsburgh, PA",1,99999,541910,Head Of Data Analytics,24.8
Zenith Cloud LLC,"Irving, TX",1,63066,541511,Business Analyst,22.5
ZENOVA Global Consulting INC,"Flushing, NY",1,75733,541690,International Business Strategy Analyst,22.5
"Zensors, Inc.","Pittsburgh, PA",1,89565,541511,Data Engineer,22.5
Zeon Chemicals L.P.,"Louisville, KY",1,140000,3259,It Sap & Bi Functional Manager,33.9
Zephyrhills RX LLC,"Zephyrhills, FL",1,51000,456110,Business Analyst,22.5
Zero Group Club LLC,"Long Island City, NY",1,60174,722410,Market Research Analyst,22.5
Zerra Partners Inc.,"Columbus, OH",1,,541611,Management Analyst,22.5
"Zeta Surgical, Inc.","Boston, MA",1,150000,423450,Computer Scientist,36.1
Zetta AI LLC,"Sherrill, NY",1,150000,513210,Computer Information Research Scientist,36.1
ZETTABYTE LLC,"Marlborough, MA",1,94000,541519,Senior Database Administrator (Ibm Db2),23.4
Zeus Fire & Security,"Paoli, PA",1,90000,561621,Revenue Operations Analyst Ace,22.5
Zeyome Inc.,"Flushing, NY",1,62650,424210,Business Analyst,22.5
"ZF Active Safety and Electronics US, LLC","Northville, MI",1,85503,3363,Senior Project Analyst,22.5
ZF CV Systems North America LLC,"Auburn Hills, MI",1,99325,3363,Data Solutions Manager,24.6
"ZF Services, LLC","Vernon Hills, IL",1,87464,3363,Business Process Analyst,22.5
ZFORCE CONSULTING LLC,"Cumming, GA",1,110000,541511,Business Intelligence Analyst (Bi Analyst),27.0
"Zhongding USA Cadillac, Inc.","Cadillac, MI",1,55557,3262,Data Analyst,22.5
Zilpin Tech LLC,"Farmers Branch, TX",1,92040,541511,Data Engineer,23.0
ZIMA International Inc.,"New York, NY",1,185000,339116,Senior Machine Learning & Computer Vision Engineer,44.1
"Zimmerman Advertising, LLC.","Fort Lauderdale, FL",1,135000,541613,Marketing Scientist,32.7
Zivi Labs Inc.,"Frisco, TX",1,80850,541511,Strategic Business And Technology Analyst,22.5
Zora Technology Inc.,"Chantilly, VA",1,105206,541512,Data Engineer,26.0
"Zotec Partners, LLC","Carmel, IN",1,183750,541219,Machine Learning Engineer,43.8
"Zprocis Solutions, Inc.","Naples, FL",1,75400,541511,Jr. Database Administrator,22.5
"Zscale, LLC","Durham, NC",1,114754,541511,Data Engineer,28.1
ZT Sanford Realty LLC,"Flushing, NY",1,,2361,Business Analyst,22.5
ZTEK CONSULTING INC,"Johns Creek, GA",1,136000,5419,Data Analyst/Scientist,33.0
"ZURI FURNITURE, LLC","Lewisville, TX",1,100000,442110,Senior Market Research Analyst,24.8
Zurn Water LLC,"Milwaukee, WI",1,99029,423710,Business System Analyst Ii,24.6
"ZYDUS PHARMACEUTICALS USA, INC.","Pennington, NJ",1,88200,325412,"Senior Analyst, Medicaid & Government Pricing",22.5
"ZypMedia, Inc.","Hunt Valley, MD",1,203923,515120,Senior Data Scientist,47.5
Zyter Inc,"Rockville, MD",1,78083,541511,Business Analyst,22.5
